execution_ms,period_ms,control loop iteration
0.15335,10.0317,1
0.036385,10.0038,2
0.054146,10.0047,3
0.064578,10.1611,4
0.024961,9.93641,5
0.017921,10.0512,6
0.018145,10.0289,7
0.018817,10.0036,8
0.014433,9.80303,9
0.028033,10.1437,10
0.018497,9.85551,11
0.022209,10.1441,12
0.025185,9.85599,13
0.024641,10.1435,14
0.017601,9.85455,15
0.020449,10.145,16
0.016992,9.85669,17
0.021377,10.1436,18
0.018784,9.85586,19
0.023168,10.1425,20
0.019009,9.84258,21
0.023137,10.168,22
0.06269,9.8781,23
0.043586,9.97286,24
0.053218,10.1967,25
0.058626,9.78731,26
0.06045,10.0222,27
0.037729,10.1477,28
0.022593,9.84629,29
0.069219,10.1782,30
0.067971,9.8534,31
0.073155,9.96643,32
0.075491,10.5552,33
0.070691,9.4473,34
0.029633,9.98335,35
0.923779,10.2014,36
0.495219,9.79826,37
0.116069,10.2365,38
0.087587,10.0003,39
0.097124,10.002,40
0.114373,10.0381,41
0.104004,9.75051,42
0.108356,10.1919,43
0.10426,9.82284,44
0.112004,10.1813,45
0.113444,9.80552,46
0.117796,10.1882,47
0.102212,9.81948,48
0.111429,10.2046,49
0.117157,9.80636,50
0.122596,10.1812,51
0.109636,9.80162,52
0.121893,10.219,53
0.111973,9.77973,54
0.116421,10.1909,55
0.100964,9.80293,56
0.127269,10.1964,57
0.104164,9.80319,58
0.116772,10.2041,59
0.103396,9.79692,60
0.112676,10.1844,61
0.097348,9.82748,62
0.10506,10.1858,63
0.103012,9.80968,64
0.103076,10.1576,65
0.09146,9.83644,66
0.105956,10.1888,67
0.097828,9.81445,68
0.114148,10.1624,69
0.054914,9.80869,70
0.106052,10.2091,71
0.101572,9.82588,72
0.102723,10.1779,73
0.106276,9.81324,74
0.106885,10.162,75
0.108516,9.84335,76
0.105348,10.1837,77
0.102211,9.80898,78
0.110084,10.1603,79
0.101764,9.84607,80
0.111492,10.1783,81
0.099268,9.81919,82
0.110373,10.1485,83
0.104452,9.86716,84
0.10986,10.1429,85
0.097539,9.84197,86
0.122244,10.1528,87
0.099044,9.84348,88
0.114308,10.159,89
0.107556,9.84588,90
0.109988,10.162,91
0.09434,9.84236,92
0.10778,10.1682,93
0.096195,9.83058,94
0.11002,10.1764,95
0.101508,9.81487,96
0.107492,10.1845,97
0.103556,9.81852,98
0.104932,10.1574,99
0.08938,9.83781,100
0.111204,10.1524,101
0.106244,9.86882,102
0.107428,10.1442,103
0.103236,9.84197,104
0.105572,10.1577,105
0.088835,9.84444,106
0.106468,10.1503,107
0.131461,9.83919,108
0.101156,10.0073,109
0.107652,10.1599,110
0.098755,9.84405,111
0.107588,10.1994,112
0.214089,10.1167,113
0.174566,9.73272,114
0.145605,9.93484,115
0.122885,9.99881,116
0.180231,10.0208,117
0.17111,9.98723,118
0.311884,10.2429,119
0.090915,9.73794,120
0.202119,10.9601,121
0.143749,9.04287,122
0.391343,10.006,123
0.158374,9.98623,124
1.45455,10.1837,125
0.300812,9.82315,126
0.252554,10.2512,127
0.431953,9.78843,128
0.256394,10.1662,129
0.206824,9.80447,130
0.227945,10.1586,131
0.182247,9.86159,132
0.235144,10.1773,133
0.190023,9.83432,134
0.221256,10.1752,135
0.193927,9.81109,136
0.205447,10.1933,137
0.169319,9.79983,138
0.255433,10.2129,139
0.175687,9.78757,140
0.24945,10.2074,141
0.175175,9.79666,142
0.206248,10.2308,143
0.17655,9.76501,144
0.211368,10.1879,145
0.179943,9.81554,146
0.238185,10.2091,147
0.194087,9.7916,148
0.236105,10.194,149
0.17847,9.79925,150
0.224264,10.2075,151
0.188039,9.81039,152
0.224809,10.2075,153
0.189832,9.78559,154
0.223624,10.2086,155
0.174599,9.78693,156
0.231209,10.2259,157
0.17735,9.77515,158
0.248105,10.2064,159
0.190311,9.79986,160
0.249257,10.2015,161
0.186855,9.80223,162
0.231848,10.1786,163
0.184615,9.81771,164
0.236393,10.2172,165
0.170854,9.77695,166
0.226153,10.2129,167
0.200167,9.79128,168
0.20916,10.2258,169
0.189063,9.78069,170
0.221992,10.202,171
0.171494,9.79122,172
0.226153,10.2113,173
0.186023,9.79103,174
0.228328,10.2009,175
0.194151,9.8086,176
0.230825,10.1818,177
0.167047,9.80853,178
0.236521,10.1994,179
0.192583,9.80236,180
0.221513,10.2128,181
0.170471,9.77531,182
0.229033,10.2018,183
0.174247,9.80767,184
0.165158,9.98383,185
0.17159,10.0243,186
0.426992,9.97388,187
0.178791,10.0186,188
0.241033,10.2251,189
0.174823,9.78213,190
0.19828,10.1866,191
0.173542,9.81436,192
0.224393,10.2012,193
0.182951,9.78975,194
0.236393,10.1927,195
0.16519,9.81464,196
0.21892,10.2047,197
0.179623,9.77995,198
0.212456,10.2561,199
0.181799,9.74776,200
0.242665,10.1912,201
0.171399,9.80879,202
0.249737,10.2014,203
0.201607,9.80171,204
0.237417,10.1969,205
0.193479,9.79915,206
0.23716,10.2136,207
0.176519,9.79931,208
0.236169,10.1967,209
0.172071,9.78808,210
0.210088,10.1975,211
0.174758,9.8013,212
0.238377,10.1964,213
0.179366,9.80981,214
0.2146,10.176,215
0.179911,9.81739,216
0.227561,10.2129,217
0.176167,9.80299,218
0.216296,10.2009,219
0.177543,9.79186,220
0.24913,10.1971,221
0.184903,9.8037,222
0.237865,10.1923,223
0.17063,9.80335,224
0.240937,10.2112,225
0.172935,9.79282,226
0.222281,10.1821,227
0.191303,9.81397,228
0.439409,9.9847,229
0.187911,10.0128,230
0.179591,10.1921,231
0.181126,9.80434,232
0.218824,10.1919,233
0.192007,9.81893,234
0.246922,10.2,235
0.184807,9.80283,236
0.230345,10.1972,237
0.187879,9.79256,238
0.213832,10.1852,239
0.190792,9.8205,240
0.240553,10.1955,241
0.174534,9.79586,242
0.227208,10.2119,243
0.178407,9.78779,244
0.229481,10.2049,245
0.189415,9.80415,246
0.230057,10.2008,247
0.194696,9.79224,248
0.414,9.98863,249
0.184167,10.0217,250
0.228233,10.1937,251
0.168646,9.7956,252
0.234601,10.1906,253
0.159142,9.81893,254
0.217864,10.2309,255
0.187495,9.76062,256
0.226121,10.195,257
0.186407,9.80888,258
0.225576,10.2322,259
0.188871,9.7683,260
0.222857,10.2291,261
0.168167,9.7627,262
0.222824,10.208,263
0.166758,9.79659,264
0.208456,10.2502,265
0.192039,9.74965,266
0.223433,10.2122,267
0.180807,9.78447,268
0.252713,10.212,269
0.187847,9.79486,270
0.203879,10.1904,271
0.188359,9.81387,272
0.22628,10.1972,273
0.186951,9.79733,274
0.223976,10.2194,275
0.193672,9.79429,276
0.217705,10.1802,277
0.186407,9.80341,278
0.249322,10.208,279
0.172934,9.79064,280
0.234057,10.2034,281
0.175047,9.81055,282
0.226152,10.1946,283
0.183175,9.80251,284
0.242441,10.2253,285
0.181927,9.76725,286
0.234473,10.2026,287
0.187079,9.80386,288
0.217128,10.1986,289
0.191015,9.80981,290
0.215624,10.1793,291
0.183239,9.81141,292
0.234697,10.207,293
0.190375,9.79157,294
0.244617,10.2004,295
0.192263,9.79903,296
0.2274,10.2064,297
0.187975,9.78904,298
0.227145,10.1921,299
0.190855,9.81378,300
0.213384,10.1858,301
0.194023,9.81915,302
0.229256,10.1985,303
0.177286,9.79874,304
0.218025,10.1795,305
0.190759,9.82197,306
0.241033,10.2243,307
0.194663,9.76501,308
0.247049,10.2039,309
0.187911,9.79912,310
0.201576,10.1966,311
0.194728,9.81144,312
0.239273,10.206,313
0.178055,9.798,314
0.253289,10.2015,315
0.182631,9.79163,316
0.258442,10.2517,317
0.180775,9.75195,318
0.216328,10.1796,319
0.192744,9.81973,320
0.191591,10.1973,321
0.181063,9.79477,322
0.238184,10.2089,323
0.174503,9.80286,324
0.195367,10.2537,325
0.173414,9.74776,326
0.239145,10.1944,327
0.190439,9.79087,328
0.220904,10.2125,329
0.176678,9.77858,330
0.219656,10.1886,331
0.163174,9.83515,332
0.227912,10.1637,333
0.194791,9.8348,334
0.235017,10.2125,335
0.164006,9.78754,336
0.23572,10.1923,337
0.177895,9.79848,338
0.229481,10.2028,339
0.173991,9.78891,340
0.223977,10.2109,341
0.180327,9.798,342
0.225385,10.2073,343
0.175335,9.78197,344
0.226569,10.2387,345
0.190855,9.7723,346
0.236745,10.1981,347
0.191624,9.79982,348
0.248394,10.2022,349
0.178151,9.79806,350
0.231497,10.2054,351
0.173351,9.78917,352
0.230057,10.2342,353
0.181767,9.77864,354
0.2234,10.1981,355
0.188743,9.79784,356
0.237769,10.2434,357
0.187719,9.75816,358
0.247177,10.1963,359
0.188359,9.79678,360
0.253578,10.2706,361
0.184999,9.72574,362
0.231528,10.2105,363
0.187751,9.79755,364
0.213736,10.1897,365
0.184775,9.80245,366
0.259626,10.2806,367
0.1962,9.72997,368
0.199592,10.1825,369
0.187463,9.81669,370
0.226985,10.1906,371
0.178119,9.80952,372
0.239433,10.2068,373
0.182855,9.78571,374
0.243434,10.2108,375
0.189767,9.79739,376
0.227208,10.2228,377
0.183942,9.77771,378
0.244905,10.2078,379
0.179879,9.79077,380
0.230376,10.203,381
0.19364,9.7988,382
0.171783,10.1196,383
0.181511,9.88136,384
0.2194,10.2306,385
0.188487,9.76606,386
0.242313,10.2091,387
0.186151,9.79336,388
0.245737,10.1953,389
0.189799,9.79803,390
0.239433,10.2054,391
0.181607,9.80219,392
0.240393,10.2012,393
0.191335,9.78968,394
0.22484,10.2087,395
0.195623,9.78971,396
0.248233,10.2021,397
0.187559,9.80629,398
0.235497,10.2158,399
0.193416,9.7948,400
0.214216,10.1722,401
0.189095,9.81333,402
0.258826,10.3041,403
0.179527,9.69032,404
0.243497,10.2052,405
0.196199,9.79426,406
0.247337,10.2103,407
0.187879,9.79697,408
0.234696,10.2173,409
0.184167,9.7868,410
0.227369,10.1926,411
0.189959,9.80638,412
0.441041,9.97823,413
0.178855,10.0132,414
0.238217,10.1989,415
0.183302,9.80562,416
0.238985,10.2075,417
0.194151,9.78517,418
0.205064,10.216,419
0.178471,9.79086,420
0.213352,10.1956,421
0.175111,9.79864,422
0.234409,10.2332,423
0.187655,9.7756,424
0.212456,10.184,425
0.19524,9.8133,426
0.238793,10.21,427
0.170023,9.78539,428
0.238217,10.2068,429
0.186055,9.81064,430
0.22868,10.1904,431
0.19172,9.80136,432
0.498642,10.1391,433
0.188039,9.85195,434
0.230089,10.2256,435
0.190279,9.77534,436
0.226408,10.2077,437
0.168743,9.79733,438
0.218792,10.2311,439
0.181766,9.7684,440
0.220456,10.2226,441
0.189479,9.77886,442
0.255689,10.2581,443
0.181223,9.73845,444
0.235945,10.205,445
0.171399,9.79256,446
0.21636,10.2263,447
0.175366,9.76917,448
0.224937,10.231,449
0.193896,9.77899,450
0.250633,10.1958,451
0.191239,9.80568,452
0.247241,10.2077,453
0.172167,9.79707,454
0.249705,10.1991,455
0.176295,9.79032,456
0.241993,10.2038,457
0.181798,9.80341,458
0.245225,10.1951,459
0.173062,9.80056,460
0.226473,10.2184,461
0.171527,9.77931,462
0.239368,10.1938,463
0.174759,9.80235,464
0.218729,10.2649,465
0.171079,9.74974,466
0.242665,10.2011,467
0.16503,9.80005,468
0.237865,10.1932,469
0.175238,9.80654,470
0.197191,10.1768,471
0.182471,9.82062,472
0.239977,10.2153,473
0.17015,9.77083,474
0.211816,10.2021,475
0.189575,9.81707,476
0.233609,10.1662,477
0.182439,9.81982,478
0.245481,10.2083,479
0.184263,9.78904,480
0.198344,10.1867,481
0.168902,9.81963,482
0.227561,10.2594,483
0.181959,9.74238,484
0.239849,10.2014,485
0.172135,9.78648,486
0.249194,10.2107,487
0.190503,9.79477,488
0.225096,10.222,489
0.185063,9.78561,490
0.194727,10.2031,491
0.185639,9.78949,492
0.223048,10.1993,493
0.185415,9.80024,494
0.443664,10.0325,495
0.192007,9.97496,496
0.241161,10.1945,497
0.165766,9.79339,498
0.251881,10.211,499
0.195111,9.79749,500
0.23508,10.1999,501
0.169638,9.79377,502
0.235017,10.2116,503
0.186919,9.79874,504
0.228808,10.1903,505
0.177863,9.79726,506
0.226504,10.1917,507
0.178183,9.81832,508
0.234473,10.2356,509
0.177927,9.76132,510
0.227273,10.2433,511
0.185543,9.76008,512
0.22836,10.198,513
0.198183,9.81211,514
0.250698,10.2191,515
0.185031,9.76593,516
0.255818,10.2339,517
0.189223,9.77153,518
0.240809,10.2315,519
0.179751,9.76776,520
0.220296,11.5869,521
0.193351,8.40966,522
0.214056,10.1925,523
0.180039,9.80686,524
0.206279,10.1875,525
0.179879,9.80821,526
0.224137,10.2038,527
0.170726,9.7973,528
0.229608,10.2396,529
0.180327,9.75931,530
0.19204,10.1986,531
0.184679,9.80293,532
0.220968,10.2369,533
0.182662,9.76808,534
0.232969,10.1954,535
0.179366,9.79806,536
0.219624,10.2196,537
0.192744,9.7972,538
0.243241,10.197,539
0.172903,9.79326,540
0.200168,10.2113,541
0.192327,9.79237,542
0.209576,10.1789,543
0.189095,9.82123,544
0.218056,10.1954,545
0.186311,9.80587,546
0.24977,10.1941,547
0.178054,9.79269,548
0.228328,10.2084,549
0.187879,9.80619,550
0.196231,10.188,551
0.186151,9.80782,552
0.225512,10.1957,553
0.192296,9.7963,554
0.244585,10.201,555
0.184423,9.79918,556
0.236489,10.2389,557
0.187079,9.7596,558
0.215592,10.1933,559
0.195239,9.80418,560
0.212104,10.1973,561
0.178695,9.80738,562
0.219784,10.2044,563
0.185543,9.80424,564
0.239208,10.2014,565
0.188071,9.80696,566
0.239465,10.2587,567
0.190183,9.72264,568
0.203592,10.2222,569
0.189864,9.78616,570
0.234953,10.2272,571
0.192936,9.7676,572
0.248362,10.2072,573
0.175079,9.7859,574
0.217064,10.2272,575
0.181895,9.78705,576
0.231305,10.207,577
0.190791,9.78392,578
0.215208,10.1878,579
0.181575,9.81544,580
0.243113,10.1982,581
0.191527,9.80232,582
0.235657,10.1984,583
0.168646,9.79464,584
0.2218,10.1879,585
0.187431,9.81454,586
0.218473,10.2188,587
0.186119,9.78443,588
0.237449,10.2001,589
0.182982,9.8003,590
0.197544,10.2292,591
0.173799,9.76462,592
0.246377,10.2276,593
0.165478,9.77313,594
0.222888,10.2191,595
0.194695,9.79598,596
0.218696,10.1703,597
0.187047,9.82536,598
0.251465,10.2243,599
0.190631,9.77169,600
0.207624,10.1921,601
0.182727,9.80961,602
0.247497,10.2044,603
0.183559,9.78072,604
0.205191,10.2391,605
0.16935,9.76116,606
0.21332,10.2029,607
0.15783,9.8036,608
0.238377,10.2069,609
0.173639,9.79646,610
0.211976,10.1982,611
0.179174,9.80414,612
0.448497,10.2332,613
0.177447,9.77784,614
0.226025,10.1969,615
0.16743,9.78593,616
0.220392,10.1882,617
0.171719,9.80606,618
0.218568,10.1949,619
0.183783,9.81323,620
0.212456,10.1922,621
0.182471,9.81256,622
0.247017,10.1994,623
0.173286,9.78805,624
0.217512,10.2261,625
0.17015,9.77912,626
0.483346,9.99762,627
0.172294,9.99996,628
0.226216,10.2054,629
0.187495,9.79925,630
0.191272,10.192,631
0.177159,9.80267,632
0.215816,10.2211,633
0.186951,9.78046,634
0.218728,10.2051,635
0.167879,9.79825,636
0.231497,10.2538,637
0.168839,9.73998,638
0.230857,10.2017,639
0.166342,9.80177,640
0.199079,10.1895,641
0.190855,9.8156,642
0.217064,10.1925,643
0.189607,9.80651,644
0.225704,10.1872,645
0.182535,9.82209,646
0.218856,10.2132,647
0.182887,9.77723,648
0.212936,10.2502,649
0.188039,9.75259,650
0.223305,10.2688,651
0.195175,9.74449,652
0.232393,10.226,653
0.187975,9.75528,654
0.200712,10.2122,655
0.188039,9.806,656
0.213416,10.1951,657
0.176935,9.80613,658
0.228681,10.2176,659
0.180519,9.77086,660
0.21284,10.1818,661
0.177318,9.80917,662
0.233224,10.2133,663
0.17847,9.7908,664
0.241609,10.2015,665
0.196967,9.79889,666
0.238953,10.2292,667
0.191719,9.76472,668
0.217992,10.1997,669
0.169318,9.80021,670
0.189511,10.1978,671
0.175655,9.81454,672
0.22676,10.1978,673
0.188231,9.79304,674
0.22932,10.2052,675
0.186247,9.80036,676
0.227369,10.2051,677
0.181767,9.78565,678
0.21572,10.2047,679
0.187175,9.80072,680
0.225897,10.2113,681
0.188871,9.79009,682
0.235465,10.2039,683
0.176806,9.79285,684
0.218152,10.2225,685
0.171654,9.77457,686
0.491218,9.99183,687
0.173606,10.0092,688
0.230952,10.2334,689
0.173126,9.76792,690
0.235304,10.2041,691
0.177735,9.79598,692
0.20644,10.1861,693
0.178215,9.82417,694
0.231017,10.1909,695
0.180711,9.80523,696
0.22756,10.1966,697
0.17351,9.7956,698
0.203176,10.1939,699
0.180775,9.82222,700
0.21028,10.2008,701
0.171718,9.78628,702
0.233705,10.2019,703
0.186311,9.79515,704
0.223016,10.213,705
0.178727,9.79054,706
0.226441,10.2531,707
0.184327,9.75374,708
0.210024,10.1779,709
0.17527,9.81192,710
0.257033,12.3935,711
0.227272,7.82736,712
0.182855,9.78004,713
0.487794,9.98667,714
0.180423,10.0178,715
0.209384,10.1766,716
0.179398,9.8171,717
0.218568,10.2052,718
0.187527,9.79886,719
0.209,10.2491,720
0.173734,9.74948,721
0.226952,10.1925,722
0.186599,9.81016,723
0.2218,10.1941,724
0.192903,9.80158,725
0.198695,10.1977,726
0.187335,9.80881,727
0.228969,10.1746,728
0.189191,9.82309,729
0.232073,10.2294,730
0.186567,9.7698,731
0.230728,10.1955,732
0.178758,9.80488,733
0.229449,10.1997,734
0.181767,9.79774,735
0.196807,10.1962,736
0.186727,9.79905,737
0.237545,10.2264,738
0.163686,9.77412,739
0.241577,10.2109,740
0.182023,9.79476,741
0.236841,10.205,742
0.187399,9.81073,743
0.209672,10.1708,744
0.188103,9.81009,745
0.205192,10.1881,746
0.182663,9.82417,747
0.206664,10.1943,748
0.179911,9.79652,749
0.223496,10.193,750
0.172327,9.80846,751
0.212648,10.186,752
0.186439,9.81928,753
0.219176,10.1913,754
0.188007,9.79809,755
0.206503,10.2018,756
0.199464,9.80097,757
0.259657,10.2035,758
0.182823,9.79828,759
0.239977,10.2068,760
0.184583,9.79486,761
0.237001,10.2312,762
0.184615,9.76846,763
0.218568,10.1897,764
0.191527,9.82488,765
0.230216,10.2121,766
0.178375,9.77556,767
0.213288,10.1806,768
0.166566,9.80917,769
0.229577,10.1959,770
0.174214,9.80424,771
0.226153,10.2213,772
0.189063,9.78216,773
0.226248,10.2051,774
0.179942,9.81029,775
0.224617,10.1848,776
0.190183,9.8212,777
0.202504,10.1719,778
0.17671,9.805,779
0.231144,10.2372,780
0.173062,9.76734,781
0.230601,10.1971,782
0.186983,9.80417,783
0.206216,10.187,784
0.17271,9.80619,785
0.208584,10.1958,786
0.187079,9.82469,787
0.256713,10.1904,788
0.200647,9.79099,789
0.243849,10.2119,790
0.189895,9.8075,791
0.238057,10.1945,792
0.19188,9.80571,793
0.210888,10.174,794
0.182663,9.82078,795
0.235465,10.1898,796
0.18647,9.79688,797
0.178631,10.2044,798
0.191015,9.80084,799
0.252361,10.1956,800
0.182854,9.80737,801
0.266505,10.1895,802
0.194471,9.81307,803
0.20196,10.1799,804
0.174566,9.80894,805
0.222537,10.1979,806
0.181031,9.80664,807
0.237001,10.1977,808
0.188007,9.80158,809
0.258474,10.1991,810
0.178566,9.80417,811
0.238313,10.1729,812
0.183719,9.82804,813
0.21636,10.1918,814
0.167686,9.81675,815
0.199239,10.2368,816
0.173895,9.74836,817
0.238089,10.2186,818
0.187047,9.78766,819
0.206632,10.1846,820
0.170246,9.80555,821
0.204615,10.1911,822
0.167174,9.80718,823
0.237481,10.2087,824
0.186343,9.79614,825
0.250666,10.2656,826
0.191431,9.74315,827
0.228553,10.1972,828
0.187975,9.79656,829
0.213928,10.212,830
0.181767,9.78999,831
0.228009,10.2402,832
0.180071,9.75303,833
0.220392,10.2308,834
0.192455,9.77486,835
0.177766,10.1292,836
0.190087,9.87173,837
0.204935,10.1777,838
0.181831,9.81928,839
0.213416,10.186,840
0.193608,9.83316,841
0.239081,10.1874,842
0.182662,9.7955,843
0.208296,10.1827,844
0.172678,9.82853,845
0.241513,10.2087,846
0.168135,9.77803,847
0.207368,10.1796,848
0.172326,9.83249,849
0.205191,10.1704,850
0.171366,9.80971,851
0.509619,10.0058,852
0.189736,10.0177,853
0.215208,10.1823,854
0.187079,9.80491,855
0.206119,10.1836,856
0.183142,9.81185,857
0.22852,10.1966,858
0.176007,9.80468,859
0.225896,10.2042,860
0.18615,9.80056,861
0.240905,10.1976,862
0.173575,9.79684,863
0.225896,10.2065,864
0.182311,9.79703,865
0.195272,10.1967,866
0.189575,9.8115,867
0.251209,10.2034,868
0.184071,9.78734,869
0.213256,10.1891,870
0.167654,9.80692,871
0.225448,10.2019,872
0.189799,9.80609,873
0.200167,10.1875,874
0.189287,9.8083,875
0.233065,10.2033,876
0.173735,9.79217,877
0.219784,10.1919,878
0.187879,9.81348,879
0.223465,10.1909,880
0.168038,9.80209,881
0.239625,10.202,882
0.17079,9.80408,883
0.235337,10.1992,884
0.181318,9.80024,885
0.200263,10.2041,886
0.180327,9.79511,887
0.238537,10.2127,888
0.162438,9.79201,889
0.238409,10.1986,890
0.186662,9.79854,891
0.235049,10.2372,892
0.188839,9.77524,893
0.209416,10.1796,894
0.174279,9.8108,895
0.2266,10.2037,896
0.187623,9.80769,897
0.241353,10.1912,898
0.185095,9.80247,899
0.236969,10.2343,900
0.187847,9.75415,901
0.255017,10.2067,902
0.186951,9.81192,903
0.204936,10.1768,904
0.175271,9.81774,905
0.209,10.1837,906
0.173798,9.81124,907
0.230824,10.221,908
0.190663,9.77169,909
0.230633,10.2228,910
0.185031,9.78046,911
0.226152,10.2077,912
0.167718,9.7914,913
0.247498,10.2045,914
0.187239,9.81233,915
0.189511,10.1829,916
0.183527,9.80011,917
0.233961,10.211,918
0.194151,9.78625,919
0.214184,10.1935,920
0.164358,9.81281,921
0.230568,10.2063,922
0.181287,9.79883,923
0.207943,10.2069,924
0.168199,9.78219,925
0.223721,10.2155,926
0.188231,9.78721,927
0.236009,10.1937,928
0.172199,9.81419,929
0.206951,10.1751,930
0.185031,9.81633,931
0.216712,10.2028,932
0.17799,9.80107,933
0.208488,10.2121,934
0.189895,9.80017,935
0.16103,10.1674,936
0.173927,9.82065,937
0.22228,10.2643,938
0.172166,9.73118,939
0.253577,10.1975,940
0.187463,9.80433,941
0.22132,10.1972,942
0.181639,9.80014,943
0.218632,10.1962,944
0.176199,9.80836,945
0.219656,10.1853,946
0.184999,9.81486,947
0.228808,10.209,948
0.182919,9.7931,949
0.245001,10.2291,950
0.180615,9.77847,951
0.238377,10.1917,952
0.184423,9.79726,953
0.216008,10.2123,954
0.168486,9.78507,955
0.227113,10.2092,956
0.188743,9.80811,957
0.215464,10.1795,958
0.187559,9.81959,959
0.20292,10.1779,960
0.180615,9.80718,961
0.203656,10.1887,962
0.199783,9.81124,963
0.206056,10.2545,964
0.175303,9.75617,965
0.216456,10.1738,966
0.186279,9.81192,967
0.234505,10.2096,968
0.175366,9.80568,969
0.213416,10.1707,970
0.16215,9.81828,971
0.250921,10.1962,972
0.155141,9.79934,973
0.243945,10.2145,974
0.166342,9.78961,975
0.232361,10.2322,976
0.181191,9.77041,977
0.244905,10.2017,978
0.181735,9.79511,979
0.247465,10.2118,980
0.17111,9.79099,981
0.237641,10.2029,982
0.180774,9.79783,983
0.19652,10.2082,984
0.175526,9.78023,985
0.22964,10.1958,986
0.188135,9.82401,987
0.238825,10.1947,988
0.183047,9.80091,989
0.215304,10.184,990
0.169446,9.80859,991
0.22276,10.2041,992
0.17655,9.79857,993
0.218313,10.2205,994
0.185575,9.78436,995
0.222248,10.1889,996
0.175494,9.80686,997
0.225896,10.1967,998
0.174087,9.79617,999
0.228904,10.2094,1000
0.187815,9.79575,1001
0.226473,10.199,1002
0.166726,9.80081,1003
0.232808,10.1946,1004
0.168294,9.79825,1005
0.218312,10.2041,1006
0.16871,9.79659,1007
0.237641,10.2029,1008
0.181671,9.81822,1009
0.220968,10.1804,1010
0.172775,9.80484,1011
0.224713,10.2211,1012
0.163206,9.78964,1013
0.219496,10.1969,1014
0.187559,9.79764,1015
0.2042,10.1821,1016
0.175559,9.80766,1017
0.228649,10.2277,1018
0.178695,9.78186,1019
0.224873,10.201,1020
0.174311,9.80779,1021
0.20596,10.175,1022
0.162182,9.81326,1023
0.262601,10.2023,1024
0.170214,9.79422,1025
0.205799,10.2125,1026
0.18167,9.79079,1027
0.231336,10.1967,1028
0.174086,9.81319,1029
0.211176,10.1737,1030
0.170855,9.82574,1031
0.202952,10.1705,1032
0.187271,9.82456,1033
0.205288,10.1779,1034
0.174567,9.81598,1035
0.223496,10.201,1036
0.177862,9.79662,1037
0.211848,10.2085,1038
0.172262,9.79412,1039
0.222792,10.2002,1040
0.196488,9.80212,1041
0.231337,10.1926,1042
0.182023,9.80737,1043
0.218376,10.2294,1044
0.188071,9.78273,1045
0.246761,10.1897,1046
0.190055,9.79326,1047
0.22484,10.2108,1048
0.186215,9.80785,1049
0.254185,10.1826,1050
0.182151,9.81329,1051
0.232393,10.1928,1052
0.174214,9.81009,1053
0.240584,10.1876,1054
0.164422,9.79812,1055
0.193607,10.1783,1056
0.177351,9.81927,1057
0.2146,10.2056,1058
0.188135,9.8002,1059
0.233161,10.1833,1060
0.171622,9.81316,1061
0.215655,10.1852,1062
0.169446,9.82526,1063
0.240521,10.1961,1064
0.173126,9.80359,1065
0.228872,10.1964,1066
0.191143,9.79863,1067
0.212328,10.185,1068
0.164806,9.80618,1069
0.22996,10.1984,1070
0.187015,9.81879,1071
0.225129,10.1899,1072
0.178662,9.79249,1073
0.246441,10.2178,1074
0.175526,9.78724,1075
0.230536,10.1954,1076
0.185831,9.80827,1077
0.25361,10.1971,1078
0.187879,9.81316,1079
0.234185,10.1874,1080
0.186854,9.80135,1081
0.230184,10.229,1082
0.189927,9.77422,1083
0.208328,10.2478,1084
0.18087,9.74474,1085
0.236329,10.2497,1086
0.17447,9.74781,1087
0.235625,10.2319,1088
0.176967,9.77287,1089
0.208871,10.199,1090
0.187175,9.79617,1091
0.221544,10.1965,1092
0.192775,9.8041,1093
0.212136,10.195,1094
0.186759,9.81691,1095
0.204936,10.1877,1096
0.194183,9.80475,1097
0.202088,10.1825,1098
0.172711,9.81563,1099
0.2186,10.1945,1100
0.182919,9.82014,1101
0.209479,10.1773,1102
0.192263,9.80324,1103
0.246537,10.2696,1104
0.17607,9.73684,1105
0.225193,10.1849,1106
0.189639,9.81111,1107
0.21652,10.1971,1108
0.188903,9.80638,1109
0.213928,10.2524,1110
0.188871,9.74209,1111
0.225672,10.2026,1112
0.187591,9.8018,1113
0.238568,10.2126,1114
0.183046,9.79041,1115
0.211688,10.1842,1116
0.175719,9.80875,1117
0.226281,10.2001,1118
0.187654,9.79719,1119
0.21684,10.1834,1120
0.182151,9.82446,1121
0.217352,10.1969,1122
0.188199,9.81809,1123
0.229737,10.1879,1124
0.184743,9.79377,1125
0.21316,10.2207,1126
0.182695,9.7827,1127
0.235304,10.1893,1128
0.184454,9.81233,1129
0.216008,10.1948,1130
0.17079,9.81345,1131
0.232137,10.218,1132
0.183495,9.78484,1133
0.228553,10.2018,1134
0.168326,9.79572,1135
0.246537,10.1957,1136
0.187815,9.79585,1137
0.245225,10.2152,1138
0.17063,9.7923,1139
0.215304,10.1962,1140
0.19204,9.80871,1141
0.236137,10.1859,1142
0.187431,9.81153,1143
0.219656,10.189,1144
0.163142,9.80849,1145
0.251785,10.1859,1146
0.171174,9.81322,1147
0.257545,10.2165,1148
0.184967,9.77402,1149
0.215048,10.1912,1150
0.165766,9.81988,1151
0.214152,10.2651,1152
0.182279,9.72295,1153
0.230153,10.2191,1154
0.185511,9.79639,1155
0.2106,10.1865,1156
0.197511,9.81499,1157
0.20692,10.1743,1158
0.179751,9.82023,1159
0.250313,10.2016,1160
0.180135,9.80193,1161
0.222569,10.2067,1162
0.187558,9.79169,1163
0.221928,10.2163,1164
0.165318,9.78193,1165
0.221256,10.1882,1166
0.189607,9.80458,1167
0.244681,10.2128,1168
0.192519,9.78564,1169
0.209704,10.1828,1170
0.176039,9.80868,1171
0.222216,10.1954,1172
0.186087,9.81691,1173
0.249097,10.2253,1174
0.171175,9.76954,1175
0.214312,10.1895,1176
0.198823,9.80951,1177
0.221384,10.2022,1178
0.197095,9.80142,1179
0.209032,10.2355,1180
0.17975,9.77156,1181
0.232264,10.1969,1182
0.176646,9.79703,1183
0.229928,10.1933,1184
0.16999,9.79962,1185
0.243688,10.1944,1186
0.177319,9.80669,1187
0.208552,10.1914,1188
0.168614,9.80049,1189
0.237993,10.2195,1190
0.186759,9.79223,1191
0.240713,10.1994,1192
0.188711,9.79809,1193
0.221,10.2043,1194
0.17575,9.79226,1195
0.231977,10.1998,1196
0.168934,9.79438,1197
0.236616,10.2129,1198
0.185255,9.79012,1199
0.238537,10.2407,1200
0.189863,9.76036,1201
0.219464,10.1995,1202
0.183783,9.81786,1203
0.235945,10.1863,1204
0.178407,9.79786,1205
0.231432,10.213,1206
0.18279,9.78484,1207
0.197767,10.201,1208
0.181735,9.79866,1209
0.232105,10.2021,1210
0.193063,9.80897,1211
0.257065,10.1947,1212
0.186759,9.80013,1213
0.229544,10.2088,1214
0.164262,9.80269,1215
0.236201,10.2067,1216
0.184071,9.78599,1217
0.214471,10.2044,1218
0.167526,9.80308,1219
0.222057,10.1816,1220
0.183335,9.80158,1221
0.205928,10.2044,1222
0.173094,9.8123,1223
0.234889,10.1947,1224
0.182663,9.8011,1225
0.216584,10.18,1226
0.17607,9.81543,1227
0.253898,10.2168,1228
0.180327,9.78177,1229
0.218504,10.228,1230
0.188711,9.78481,1231
0.239656,10.1897,1232
0.189255,9.79716,1233
0.239689,10.1969,1234
0.189767,9.80097,1235
0.216168,10.1994,1236
0.187015,9.80273,1237
0.205768,10.2128,1238
0.176935,9.78602,1239
0.227433,10.1992,1240
0.174886,9.80698,1241
0.232361,10.2057,1242
0.177255,9.78199,1243
0.216904,10.2006,1244
0.185991,9.80439,1245
0.227656,10.2209,1246
0.190695,9.79082,1247
0.215208,10.179,1248
0.192839,9.81786,1249
0.234377,10.1974,1250
0.18599,9.80574,1251
0.21428,10.177,1252
0.178983,9.82702,1253
0.229384,10.1838,1254
0.18647,9.81719,1255
0.226408,10.1842,1256
0.164358,9.79783,1257
0.235144,10.2061,1258
0.17879,9.81153,1259
0.223848,10.2045,1260
0.185862,9.78097,1261
0.265258,10.223,1262
0.169158,9.77918,1263
0.250697,10.1971,1264
0.177223,9.80116,1265
0.213832,10.2144,1266
0.191687,9.78525,1267
0.245065,10.2011,1268
0.186567,9.80094,1269
0.218664,10.2111,1270
0.172807,9.79703,1271
0.22948,10.2093,1272
0.183847,9.79361,1273
0.247593,10.1951,1274
0.160965,9.78561,1275
0.232777,10.2132,1276
0.178951,9.79415,1277
0.219144,10.201,1278
0.172295,9.79153,1279
0.213543,10.1989,1280
0.175206,9.81786,1281
0.205991,10.1799,1282
0.163046,9.82007,1283
0.248265,10.1953,1284
0.16295,9.78692,1285
0.241449,10.2032,1286
0.170119,9.8146,1287
0.25665,10.1989,1288
0.191495,9.79156,1289
0.229545,10.2228,1290
0.188327,9.79098,1291
0.223688,10.1925,1292
0.168326,9.7961,1293
0.226057,10.2036,1294
0.172903,9.79223,1295
0.221832,10.209,1296
0.18631,9.78612,1297
0.222216,10.2137,1298
0.182951,9.78951,1299
0.235081,10.2037,1300
0.180742,9.7978,1301
0.247625,10.2049,1302
0.182087,9.79713,1303
0.196359,10.1953,1304
0.172807,9.80135,1305
0.23044,10.1917,1306
0.181703,9.82625,1307
0.254057,10.1878,1308
0.186567,9.80093,1309
0.253801,10.2091,1310
0.164774,9.78852,1311
0.235433,10.1957,1312
0.187207,9.80308,1313
0.224264,10.1945,1314
0.174726,9.79991,1315
0.237961,10.2093,1316
0.183303,9.81101,1317
0.244105,10.2001,1318
0.192423,9.79207,1319
0.215528,10.1889,1320
0.190535,9.8194,1321
0.216808,10.1744,1322
0.181703,9.82106,1323
0.233545,10.254,1324
0.194055,9.73418,1325
0.218216,10.1845,1326
0.188327,9.8314,1327
0.218632,10.2141,1328
0.183303,9.77473,1329
0.248297,10.2717,1330
0.187239,9.73844,1331
0.216808,10.2444,1332
0.171399,9.73348,1333
0.223849,10.2017,1334
0.182887,9.80397,1335
0.21732,10.1905,1336
0.16375,9.80234,1337
0.227657,10.2069,1338
0.181223,9.81191,1339
0.236008,10.1894,1340
0.187271,9.80183,1341
0.226344,10.1993,1342
0.17847,9.80199,1343
0.230728,10.1989,1344
0.166278,9.79117,1345
0.226888,10.2002,1346
0.193767,9.80887,1347
0.221416,10.1945,1348
0.181703,9.81796,1349
0.231976,10.1881,1350
0.187271,9.79815,1351
0.247721,10.2362,1352
0.192871,9.77073,1353
0.234024,10.2,1354
0.183431,9.79428,1355
0.215624,10.1946,1356
0.188199,9.80804,1357
0.220904,10.1943,1358
0.18311,9.80103,1359
0.208584,10.1857,1360
0.166919,9.82718,1361
0.234633,10.1931,1362
0.191879,9.79629,1363
0.221896,10.1993,1364
0.188263,9.80414,1365
0.208423,10.1961,1366
0.179175,9.80218,1367
0.223912,10.1996,1368
0.178886,9.80125,1369
0.224233,10.2489,1370
0.169798,9.75677,1371
0.253865,10.1923,1372
0.171878,9.79553,1373
0.233737,10.2288,1374
0.180839,9.78218,1375
0.202088,10.1787,1376
0.173447,9.81837,1377
0.232392,10.2147,1378
0.186247,9.78045,1379
0.232584,10.2044,1380
0.178695,9.80106,1381
0.216327,10.2166,1382
0.191591,9.77994,1383
0.230153,10.2314,1384
0.17095,9.7753,1385
0.216392,10.206,1386
0.170055,9.7873,1387
0.230664,10.2629,1388
0.188071,9.72813,1389
0.224296,10.2262,1390
0.192551,9.7841,1391
0.221384,10.1887,1392
0.187079,9.8041,1393
0.19876,10.187,1394
0.171174,9.80692,1395
0.239433,10.2369,1396
0.185607,9.77328,1397
0.237384,10.2,1398
0.186919,9.79697,1399
0.255881,10.2754,1400
0.181031,9.72554,1401
0.226888,10.1954,1402
0.186503,9.81095,1403
0.240425,10.1865,1404
0.185863,9.81892,1405
0.214151,10.1841,1406
0.167142,9.81693,1407
0.232329,10.19,1408
0.182503,9.81373,1409
0.251113,10.1889,1410
0.187751,9.80116,1411
0.231176,10.1938,1412
0.176231,9.81191,1413
0.208967,10.1798,1414
0.165318,9.82081,1415
0.243304,10.1952,1416
0.183815,9.79847,1417
0.199463,10.1824,1418
0.182471,9.81357,1419
0.19588,10.2118,1420
0.183079,9.7825,1421
0.212967,10.1908,1422
0.183654,9.81415,1423
0.226472,10.2044,1424
0.181575,9.8018,1425
0.216072,10.1854,1426
0.171078,9.81818,1427
0.219272,10.2179,1428
0.185831,9.77188,1429
0.244905,10.2101,1430
0.189703,9.79866,1431
0.231848,10.2015,1432
0.188774,9.80436,1433
0.240201,10.1985,1434
0.171654,9.80103,1435
0.217448,10.1828,1436
0.181831,9.79841,1437
0.222728,10.2103,1438
0.185863,9.80055,1439
0.249001,10.1967,1440
0.183814,9.81117,1441
0.243081,10.1952,1442
0.187015,9.78714,1443
0.243241,10.2119,1444
0.175558,9.79265,1445
0.218056,10.1809,1446
0.188679,9.81783,1447
0.219464,10.2067,1448
0.184647,9.79293,1449
0.224232,10.2081,1450
0.192135,9.78999,1451
0.22324,10.1954,1452
0.16199,9.80445,1453
0.225544,10.2006,1454
0.17879,9.81668,1455
0.222856,10.1737,1456
0.178502,9.8145,1457
0.232073,10.1933,1458
0.171654,9.80525,1459
0.224488,10.2007,1460
0.186567,9.79863,1461
0.224328,10.1982,1462
0.16599,9.79821,1463
0.21796,10.2007,1464
0.187911,9.81722,1465
0.212072,10.1893,1466
0.172006,9.79412,1467
0.234376,10.2257,1468
0.191495,9.77616,1469
0.217768,10.1886,1470
0.170726,9.81047,1471
0.23876,10.2014,1472
0.169286,9.80912,1473
0.256329,10.1904,1474
0.185831,9.80058,1475
0.215271,10.2105,1476
0.183143,9.78858,1477
0.245769,10.2157,1478
0.191559,9.78717,1479
0.211176,10.1903,1480
0.174023,9.81821,1481
0.225064,10.1957,1482
0.188903,9.79146,1483
0.215688,10.1928,1484
0.178023,9.80016,1485
0.221768,10.2797,1486
0.176551,9.73069,1487
0.220968,10.2038,1488
0.187623,9.79204,1489
0.220104,10.2034,1490
0.190439,9.79879,1491
0.253641,10.213,1492
0.174951,9.80186,1493
0.264009,10.1864,1494
0.186567,9.80506,1495
0.210536,10.178,1496
0.188871,9.81895,1497
0.198183,10.1792,1498
0.176838,9.82103,1499
0.203144,10.1966,1500
0.180326,9.79562,1501
0.241929,10.1995,1502
0.179911,9.8097,1503
0.231208,10.1921,1504
0.174726,9.80036,1505
0.202152,10.1836,1506
0.160966,9.82977,1507
0.230985,10.1871,1508
0.195528,9.79639,1509
0.240969,10.2144,1510
0.17255,9.79044,1511
0.238472,10.2012,1512
0.183814,9.8145,1513
0.230056,10.1833,1514
0.175751,9.80052,1515
0.207751,10.1841,1516
0.183751,9.81117,1517
0.226249,10.2096,1518
0.183239,9.81217,1519
0.216711,10.1838,1520
0.179591,9.8049,1521
0.230633,10.2144,1522
0.170694,9.78208,1523
0.261418,10.2037,1524
0.192071,9.81105,1525
0.212039,10.1733,1526
0.165542,9.81668,1527
0.242377,10.2108,1528
0.195815,9.78736,1529
0.236104,10.2026,1530
0.180934,9.809,1531
0.23812,10.2092,1532
0.196519,9.77168,1533
0.224616,10.2098,1534
0.189127,9.7936,1535
0.205319,10.2098,1536
0.188679,9.78477,1537
0.246953,10.2077,1538
0.18119,9.80045,1539
0.238728,10.196,1540
0.182567,9.80356,1541
0.203816,10.1872,1542
0.185831,9.80897,1543
0.229545,10.2073,1544
0.170566,9.79101,1545
0.195623,10.2166,1546
0.167526,9.77853,1547
0.230345,10.2061,1548
0.181446,9.80039,1549
0.224328,10.2044,1550
0.167526,9.79236,1551
0.229096,10.2762,1552
0.179943,9.72157,1553
0.220808,10.2021,1554
0.190375,9.81437,1555
0.200487,10.1772,1556
0.18391,9.81264,1557
0.228552,10.1794,1558
0.173158,9.82042,1559
0.230056,10.2065,1560
0.189991,9.79005,1561
0.229416,10.204,1562
0.184999,9.79834,1563
0.240201,10.2003,1564
0.179398,9.80426,1565
0.207432,10.1869,1566
0.165991,9.80311,1567
0.221736,10.2077,1568
0.18007,9.79757,1569
0.242664,10.197,1570
0.158182,9.80224,1571
0.221768,10.2389,1572
0.192775,9.77229,1573
0.243145,10.1921,1574
0.166406,9.79792,1575
0.199175,10.2136,1576
0.169286,9.7801,1577
0.238312,10.2361,1578
0.162694,9.77658,1579
0.212935,10.1853,1580
0.188263,9.805,1581
0.222472,10.207,1582
0.177831,9.79482,1583
0.219816,10.1991,1584
0.188871,9.80708,1585
0.210215,10.1888,1586
0.176583,9.81331,1587
0.225289,10.2066,1588
0.169831,9.78884,1589
0.224968,10.2156,1590
0.177447,9.78,1591
0.228616,10.2179,1592
0.174407,9.80195,1593
0.198695,10.2146,1594
0.187303,9.77082,1595
0.200584,10.1935,1596
0.168678,9.79428,1597
0.233864,10.2145,1598
0.172838,9.79636,1599
0.223368,10.2238,1600
0.16983,9.78861,1601
0.232232,10.1877,1602
0.193031,9.80141,1603
0.208199,10.1897,1604
0.169895,9.80596,1605
0.211591,10.2159,1606
0.166278,9.79168,1607
0.228456,10.2,1608
0.176486,9.80083,1609
0.227944,10.1932,1610
0.18023,9.7962,1611
0.226312,10.2628,1612
0.185159,9.74407,1613
0.219336,10.1986,1614
0.183175,9.79748,1615
0.20484,10.2151,1616
0.189831,9.784,1617
0.239785,10.2027,1618
0.17511,9.80362,1619
0.235817,10.2006,1620
0.169382,9.80746,1621
0.223112,10.2294,1622
0.172006,9.75799,1623
0.223336,10.2095,1624
0.17751,9.79245,1625
0.224712,10.2402,1626
0.163974,9.75712,1627
0.215432,10.1837,1628
0.179847,9.82384,1629
0.235465,10.1991,1630
0.180807,9.80272,1631
0.202472,10.2024,1632
0.175495,9.78458,1633
0.241033,10.2067,1634
0.181703,9.81453,1635
0.202535,10.1763,1636
0.184646,9.80919,1637
0.215912,10.1878,1638
0.175366,9.81236,1639
0.221001,10.1967,1640
0.184295,9.81879,1641
0.22052,10.2556,1642
0.188327,9.72602,1643
0.21956,10.2072,1644
0.184198,9.8089,1645
0.199751,10.183,1646
0.166182,9.79991,1647
0.245289,10.2012,1648
0.180871,9.79885,1649
0.22708,10.1987,1650
0.170983,9.8001,1651
0.196423,10.1998,1652
0.179175,9.81853,1653
0.222632,10.1895,1654
0.167622,9.80797,1655
0.218248,10.2361,1656
0.165286,9.74333,1657
0.247785,10.2134,1658
0.183591,9.80157,1659
0.226952,10.1942,1660
0.192487,9.80314,1661
0.203527,10.185,1662
0.175078,9.81639,1663
0.216776,10.2445,1664
0.178055,9.74605,1665
0.22196,10.1984,1666
0.189095,9.80916,1667
0.241001,10.1954,1668
0.171846,9.79741,1669
0.2314,10.2023,1670
0.165222,9.80698,1671
0.21444,10.2018,1672
0.181191,9.79533,1673
0.193351,10.1855,1674
0.181447,9.81213,1675
0.208423,10.193,1676
0.180358,9.81786,1677
0.225672,10.1832,1678
0.168742,9.80397,1679
0.205671,10.2113,1680
0.176231,9.7864,1681
0.234088,10.2099,1682
0.183238,9.79309,1683
0.217384,10.1977,1684
0.168326,9.79696,1685
0.199624,10.1893,1686
0.170182,9.82909,1687
0.197703,10.1889,1688
0.187559,9.80836,1689
0.231785,10.198,1690
0.176743,9.78995,1691
0.218664,10.2091,1692
0.169351,9.78903,1693
0.237993,10.2331,1694
0.179142,9.76999,1695
0.206984,10.193,1696
0.177862,9.80576,1697
0.225032,10.2107,1698
0.192135,9.79527,1699
0.230792,10.1979,1700
0.183719,9.8089,1701
0.247529,10.203,1702
0.195911,9.78925,1703
0.21092,10.1881,1704
0.181958,9.80653,1705
0.200679,10.2156,1706
0.172582,9.78717,1707
0.227816,10.2307,1708
0.193319,9.77619,1709
0.231656,10.2251,1710
0.186471,9.76282,1711
0.236297,10.2089,1712
0.188007,9.79648,1713
0.22212,10.2017,1714
0.182727,9.79523,1715
0.204263,10.2025,1716
0.159366,9.79613,1717
0.228072,10.1989,1718
0.160614,9.8009,1719
0.206055,10.1917,1720
0.168518,9.80711,1721
0.213223,10.1878,1722
0.184935,9.81559,1723
0.219208,10.1889,1724
0.177031,9.812,1725
0.213448,10.2233,1726
0.173958,9.79011,1727
0.223592,10.187,1728
0.178278,9.80227,1729
0.214855,10.2046,1730
0.180647,9.8081,1731
0.24004,10.1905,1732
0.184966,9.79463,1733
0.233288,10.2062,1734
0.178534,9.79463,1735
0.218408,10.1911,1736
0.166662,9.80621,1737
0.202823,10.1825,1738
0.168006,9.8121,1739
0.242505,10.2385,1740
0.185351,9.76704,1741
0.234633,10.2124,1742
0.186759,9.79015,1743
0.452304,10.0828,1744
0.181991,9.91716,1745
0.20804,10.1887,1746
0.163014,9.80787,1747
0.251433,10.202,1748
0.164774,9.80122,1749
0.223432,10.194,1750
0.180839,9.80567,1751
0.235049,10.2026,1752
0.175654,9.80746,1753
0.2354,10.1787,1754
0.189383,9.81245,1755
0.202695,10.2107,1756
0.156229,9.79194,1757
0.235625,10.1907,1758
0.18071,9.81264,1759
0.240137,10.2221,1760
0.175238,9.78631,1761
0.189351,10.178,1762
0.178566,9.81184,1763
0.220104,10.1902,1764
0.190182,9.79911,1765
0.215688,10.2048,1766
0.158278,9.8048,1767
0.249193,10.1959,1768
0.187655,9.80247,1769
0.229384,10.1971,1770
0.182887,9.80544,1771
0.239849,10.2093,1772
0.181383,9.78861,1773
0.253257,10.2053,1774
0.179079,9.79664,1775
0.217992,10.1926,1776
0.167206,9.80682,1777
0.262985,10.1979,1778
0.185927,9.80202,1779
0.228136,10.2011,1780
0.174854,9.79255,1781
0.182311,10.2162,1782
0.180999,9.78973,1783
0.236457,10.2044,1784
0.177862,9.80855,1785
0.180998,10.1685,1786
0.170055,9.80659,1787
0.232681,10.2084,1788
0.181158,9.79719,1789
0.228584,10.2124,1790
0.169318,9.79376,1791
0.218311,10.1982,1792
0.171655,9.81411,1793
0.231017,10.1787,1794
0.189191,9.80714,1795
0.200103,10.1852,1796
0.169383,9.80454,1797
0.217064,10.2037,1798
0.183046,9.80752,1799
0.220424,10.1933,1800
0.184391,9.80816,1801
0.240329,10.1817,1802
0.188935,9.83021,1803
0.228712,10.2453,1804
0.181063,9.75565,1805
0.21556,10.1755,1806
0.188711,9.81312,1807
0.216744,10.1859,1808
0.187143,9.8121,1809
0.230152,10.2012,1810
0.186055,9.81155,1811
0.243561,10.2084,1812
0.173894,9.77962,1813
0.231529,10.1978,1814
0.188519,9.80227,1815
0.207975,10.2113,1816
0.16471,9.78502,1817
0.215272,10.2126,1818
0.177126,9.79085,1819
0.21844,10.2042,1820
0.172902,9.79034,1821
0.230696,10.2053,1822
0.183399,9.80288,1823
0.21572,10.2474,1824
0.179431,9.7615,1825
0.207047,10.1746,1826
0.180966,9.80861,1827
0.225385,10.2039,1828
0.189126,9.79616,1829
0.244552,10.2344,1830
0.177734,9.77088,1831
0.223144,10.1856,1832
0.176998,9.80954,1833
0.230889,10.226,1834
0.171846,9.77939,1835
0.214312,10.1904,1836
0.183686,9.80634,1837
0.221096,10.1816,1838
0.184582,9.82035,1839
0.234473,10.2259,1840
0.174502,9.78669,1841
0.208968,10.1866,1842
0.183335,9.81066,1843
0.238089,10.1818,1844
0.176295,9.82275,1845
0.206183,10.1645,1846
0.184742,9.81955,1847
0.222696,10.216,1848
0.188391,9.78707,1849
0.223304,10.1899,1850
0.173862,9.80813,1851
0.245257,10.1932,1852
0.175654,9.80365,1853
0.240521,10.2003,1854
0.187462,9.80419,1855
0.229192,10.2196,1856
0.178758,9.78058,1857
0.2138,10.1946,1858
0.173255,9.79856,1859
0.231784,10.2119,1860
0.166598,9.78749,1861
0.207912,10.2018,1862
0.180743,9.79946,1863
0.214215,10.2398,1864
0.175974,9.76333,1865
0.237545,10.1988,1866
0.187686,9.80071,1867
0.204743,10.1917,1868
0.17799,9.80851,1869
0.224264,10.23,1870
0.16311,9.76701,1871
0.229896,10.1999,1872
0.185863,9.80102,1873
0.214535,10.1866,1874
0.174502,9.82925,1875
0.199655,10.1794,1876
0.176166,9.81219,1877
0.207208,10.2295,1878
0.176454,9.76787,1879
0.221128,10.1896,1880
0.188615,9.80685,1881
0.221608,10.2621,1882
0.182407,9.73904,1883
0.212807,10.1825,1884
0.174983,9.81501,1885
0.219688,10.2353,1886
0.167334,9.76957,1887
0.232777,10.196,1888
0.179687,9.80893,1889
0.250697,10.2042,1890
0.188039,9.79222,1891
0.235913,10.1944,1892
0.183078,9.80518,1893
0.23524,10.2604,1894
0.188359,9.75113,1895
0.199751,10.2209,1896
0.189191,9.76176,1897
0.222216,10.1946,1898
0.179718,9.82192,1899
0.228424,10.1752,1900
0.17559,9.8161,1901
0.231688,10.2248,1902
0.169702,9.78016,1903
0.232008,10.2065,1904
0.186086,9.79843,1905
0.241417,10.1864,1906
0.17287,9.79469,1907
0.231592,10.2358,1908
0.184071,9.76841,1909
0.247081,10.2021,1910
0.184743,9.8113,1911
0.246569,10.1859,1912
0.196744,9.81485,1913
0.22676,10.1836,1914
0.187142,9.79648,1915
0.242889,10.2015,1916
0.169606,9.80541,1917
0.241129,10.2001,1918
0.164166,9.80877,1919
0.20372,10.187,1920
0.159589,9.80029,1921
0.230217,10.2062,1922
0.176934,9.80896,1923
0.21412,10.1768,1924
0.174886,9.81613,1925
0.234825,10.2039,1926
0.17975,9.79421,1927
0.205383,10.1935,1928
0.164326,9.80362,1929
0.242057,10.2043,1930
0.197095,9.80214,1931
0.21764,10.2212,1932
0.188615,9.77437,1933
0.245641,10.2657,1934
0.176871,9.74035,1935
0.228296,10.2138,1936
0.174982,9.76985,1937
0.237928,10.2078,1938
0.178695,9.80656,1939
0.224456,10.1903,1940
0.191239,9.79885,1941
0.243497,10.2126,1942
0.184966,9.78835,1943
0.231944,10.2053,1944
0.177062,9.79296,1945
0.225864,10.2036,1946
0.171718,9.79875,1947
0.231304,10.1979,1948
0.193223,9.8057,1949
0.22212,10.1831,1950
0.166662,9.81863,1951
0.22628,10.1891,1952
0.187206,9.81549,1953
0.209479,10.1863,1954
0.178118,9.81994,1955
0.207943,10.2106,1956
0.16871,9.78698,1957
0.250217,10.256,1958
0.170278,9.73443,1959
0.233704,10.1974,1960
0.178599,9.7985,1961
0.229224,10.1985,1962
0.185254,9.81955,1963
0.213704,10.1752,1964
0.161414,9.80851,1965
0.21028,10.1865,1966
0.171687,9.82467,1967
0.231496,10.2259,1968
0.196519,9.7567,1969
0.199015,10.22,1970
0.188167,9.7847,1971
0.198951,10.1967,1972
0.164934,9.81504,1973
0.229321,10.2152,1974
0.173094,9.77446,1975
0.191335,10.2006,1976
0.169734,9.81002,1977
0.2122,10.2523,1978
0.183207,9.75152,1979
0.200871,10.1724,1980
0.173415,9.81082,1981
0.215048,10.2673,1982
0.187015,9.72867,1983
0.219784,10.2031,1984
0.16391,9.81459,1985
0.197479,10.1738,1986
0.173862,9.81402,1987
0.229672,10.2155,1988
0.182439,9.77945,1989
0.223304,10.2155,1990
0.179399,9.78931,1991
0.232904,10.1919,1992
0.17255,9.80941,1993
0.221864,10.2011,1994
0.176871,9.80937,1995
0.202888,10.2069,1996
0.174758,9.77776,1997
0.207336,10.1939,1998
0.163269,9.80349,1999
0.240201,10.2068,2000
0.162661,9.80035,2001
0.213447,10.1833,2002
0.174631,9.81549,2003
0.237257,10.2315,2004
0.194119,9.76694,2005
0.223144,10.23,2006
0.172934,9.76269,2007
0.221096,10.2114,2008
0.192199,9.80019,2009
0.238057,10.2056,2010
0.183111,9.8047,2011
0.198887,10.2022,2012
0.182246,9.78256,2013
0.215815,10.2346,2014
0.182983,9.78131,2015
0.199687,10.1853,2016
0.170118,9.8032,2017
0.212008,10.1916,2018
0.173799,9.80829,2019
0.435504,9.98394,2020
0.189703,10.0139,2021
0.223656,10.1959,2022
0.164646,9.7959,2023
0.219688,10.2257,2024
0.180519,9.7863,2025
0.193575,10.1975,2026
0.168454,9.79712,2027
0.241096,10.2041,2028
0.18263,9.80259,2029
0.226505,10.2256,2030
0.171078,9.77654,2031
0.246537,10.2241,2032
0.185798,9.77609,2033
0.24212,10.2084,2034
0.170471,9.7871,2035
0.246793,10.1935,2036
0.180583,9.80566,2037
0.202568,10.2113,2038
0.183271,9.78797,2039
0.233288,10.175,2040
0.174855,9.83667,2041
0.236488,10.1916,2042
0.170182,9.79561,2043
0.238472,10.208,2044
0.183014,9.79203,2045
0.189255,10.1965,2046
0.17127,9.79514,2047
0.22948,10.2096,2048
0.163558,9.79894,2049
0.199815,10.191,2050
0.181639,9.81369,2051
0.245321,10.1943,2052
0.154693,9.79354,2053
0.223048,10.2041,2054
0.185223,9.80224,2055
0.208168,10.1884,2056
0.177766,9.81642,2057
0.232488,10.1994,2058
0.158757,9.79728,2059
0.171975,10.0641,2060
0.188519,9.94036,2061
0.223272,10.2176,2062
0.171878,9.7688,2063
0.203048,10.2198,2064
0.173926,9.78441,2065
0.22116,10.202,2066
0.169222,9.79773,2067
0.219528,10.2083,2068
0.176103,9.80634,2069
0.234984,10.1946,2070
0.183303,9.7976,2071
0.205703,10.1825,2072
0.176902,9.80854,2073
0.232457,10.2075,2074
0.189926,9.79872,2075
0.241129,10.198,2076
0.179238,9.80179,2077
0.242569,10.2078,2078
0.177894,9.80048,2079
0.209096,10.1941,2080
0.174407,9.79926,2081
0.220232,10.1925,2082
0.184647,9.80688,2083
0.213384,10.1884,2084
0.163974,9.82454,2085
0.235785,10.1942,2086
0.190183,9.79171,2087
0.210344,10.1834,2088
0.174278,9.81005,2089
0.221896,10.2005,2090
0.176358,9.81117,2091
0.220648,10.1833,2092
0.182022,9.81184,2093
0.250153,10.2311,2094
0.181094,9.77721,2095
0.229288,10.1861,2096
0.170758,9.80073,2097
0.235976,10.2306,2098
0.187431,9.78019,2099
0.231336,10.1914,2100
0.192551,9.80781,2101
0.237321,10.2172,2102
0.183782,9.77565,2103
0.25249,10.2079,2104
0.187911,9.80406,2105
0.233001,10.1684,2106
0.173894,9.81677,2107
0.228872,10.2143,2108
0.179047,9.792,2109
0.241416,10.2003,2110
0.188903,9.80137,2111
0.246697,10.2644,2112
0.181126,9.73318,2113
0.218375,10.233,2114
0.165029,9.76419,2115
0.222216,10.2197,2116
0.196904,9.78483,2117
0.220424,10.1904,2118
0.168486,9.80611,2119
0.191111,10.2004,2120
0.166566,9.79705,2121
0.245097,10.1946,2122
0.185671,9.81344,2123
0.204327,10.1815,2124
0.178182,9.81632,2125
0.196551,10.1867,2126
0.185478,9.81338,2127
0.235433,10.2067,2128
0.187783,9.78851,2129
0.224392,10.1976,2130
0.173734,9.80198,2131
0.222664,10.2051,2132
0.178246,9.80147,2133
0.228809,10.1981,2134
0.174886,9.79805,2135
0.205799,10.1806,2136
0.164613,9.82112,2137
0.234152,10.2002,2138
0.182502,9.80432,2139
0.208936,10.2074,2140
0.176198,9.78813,2141
0.24244,10.2025,2142
0.177927,9.80877,2143
0.217448,10.1798,2144
0.163078,9.81993,2145
0.204615,10.175,2146
0.16935,9.81178,2147
0.202599,10.1852,2148
0.163334,9.8112,2149
0.239368,10.2051,2150
0.174534,9.79827,2151
0.232424,10.2363,2152
0.174822,9.763,2153
0.228008,10.204,2154
0.17495,9.79587,2155
0.193863,10.2109,2156
0.174566,9.79283,2157
0.201543,10.223,2158
0.167814,9.77744,2159
0.233704,10.2021,2160
0.186375,9.79539,2161
0.224776,10.1992,2162
0.185511,9.80521,2163
0.240936,10.1944,2164
0.185991,9.80861,2165
0.234121,10.193,2166
0.17735,9.80112,2167
0.2162,10.1891,2168
0.17255,9.81197,2169
0.233096,10.226,2170
0.172326,9.78745,2171
0.176358,10.164,2172
0.165414,9.82931,2173
0.226312,10.185,2174
0.183271,9.81005,2175
0.225672,10.2273,2176
0.184423,9.77651,2177
0.232456,10.2693,2178
0.183783,9.73715,2179
0.203079,10.173,2180
0.192487,9.81305,2181
0.233,10.2273,2182
0.172838,9.77024,2183
0.199719,10.1914,2184
0.185158,9.80822,2185
0.217384,10.1895,2186
0.175238,9.81283,2187
0.204167,10.1817,2188
0.188199,9.82365,2189
0.22372,10.2015,2190
0.176838,9.79379,2191
0.227912,10.1951,2192
0.192359,9.8055,2193
0.252361,10.1908,2194
0.173862,9.80633,2195
0.186438,10.2002,2196
0.163718,9.80236,2197
0.236169,10.2004,2198
0.180102,9.80809,2199
0.230696,10.2066,2200
0.171014,9.78854,2201
0.233288,10.2024,2202
0.167814,9.79827,2203
0.235368,10.2055,2204
0.190663,9.79453,2205
0.238984,10.1976,2206
0.184006,9.79446,2207
0.233417,10.206,2208
0.178566,9.80083,2209
0.211816,10.1833,2210
0.179271,9.81533,2211
0.240968,10.1982,2212
0.189799,9.79945,2213
0.230248,10.2048,2214
0.168934,9.80368,2215
0.243048,10.2012,2216
0.185126,9.79459,2217
0.223144,10.2078,2218
0.17399,9.8047,2219
0.238344,10.1831,2220
0.181319,9.80262,2221
0.209959,10.2543,2222
0.163846,9.7414,2223
0.22228,10.2427,2224
0.189222,9.76032,2225
0.244297,10.1938,2226
0.179623,9.80733,2227
0.210184,10.1821,2228
0.176006,9.81264,2229
0.215272,10.2523,2230
0.17559,9.74316,2231
0.224968,10.2082,2232
0.168966,9.80672,2233
0.228328,10.2095,2234
0.192007,9.79772,2235
0.241352,10.2063,2236
0.194823,9.78326,2237
0.221928,10.214,2238
0.166918,9.78144,2239
0.217416,10.2015,2240
0.172135,9.79718,2241
0.212232,10.1998,2242
0.168838,9.8128,2243
0.226536,10.189,2244
0.172934,9.79622,2245
0.193799,10.196,2246
0.180742,9.80342,2247
0.239912,10.2751,2248
0.168422,9.7343,2249
0.253609,10.2524,2250
0.17047,9.74025,2251
0.202951,10.1858,2252
0.158085,9.81027,2253
0.219975,10.2064,2254
0.17223,9.80547,2255
0.22388,10.2256,2256
0.18471,9.77747,2257
0.198152,10.2016,2258
0.180583,9.79248,2259
0.201544,10.1848,2260
0.182759,9.81568,2261
0.201767,10.1831,2262
0.16631,9.82358,2263
0.22308,10.2247,2264
0.16567,9.76934,2265
0.220968,10.2661,2266
0.182534,9.73625,2267
0.213736,10.1975,2268
0.170534,9.79718,2269
0.211624,10.2459,2270
0.173702,9.74921,2271
0.224264,10.2119,2272
0.169158,9.80339,2273
0.237256,10.1835,2274
0.17367,9.79897,2275
0.210247,10.1998,2276
0.157062,9.80121,2277
0.214087,10.2049,2278
0.186855,9.81417,2279
0.21748,10.186,2280
0.190951,9.81459,2281
0.248809,10.2186,2282
0.169895,9.76803,2283
0.204487,10.1783,2284
0.173702,9.83261,2285
0.232841,10.1846,2286
0.183654,9.80656,2287
0.21812,10.186,2288
0.156806,9.80598,2289
0.225896,10.1908,2290
0.168102,9.82473,2291
0.225704,10.1882,2292
0.17511,9.80832,2293
0.227304,10.1885,2294
0.17591,9.81785,2295
0.239401,10.188,2296
0.171206,9.80057,2297
0.227816,10.1969,2298
0.185734,9.7976,2299
0.214728,10.196,2300
0.17543,9.82259,2301
0.216776,10.178,2302
0.170727,9.80832,2303
0.218856,10.204,2304
0.179878,9.78915,2305
0.199047,10.2087,2306
0.178054,9.80025,2307
0.197127,10.1886,2308
0.18967,9.80937,2309
0.219176,10.1966,2310
0.160389,9.8135,2311
0.230408,10.1934,2312
0.184646,9.79094,2313
0.217991,10.2681,2314
0.176038,9.73747,2315
0.242441,10.1957,2316
0.16855,9.80352,2317
0.208871,10.1969,2318
0.163046,9.8055,2319
0.226824,10.1927,2320
0.168486,9.80416,2321
0.230792,10.1974,2322
0.175398,9.81267,2323
0.232008,10.1914,2324
0.181287,9.79651,2325
0.212456,10.1963,2326
0.187399,9.8208,2327
0.191143,10.1984,2328
0.188999,9.80192,2329
0.209607,10.1791,2330
0.181543,9.80134,2331
0.222152,10.1924,2332
0.176678,9.81232,2333
0.222664,10.2081,2334
0.184038,9.79158,2335
0.186791,10.1961,2336
0.178503,9.79673,2337
0.194951,10.1989,2338
0.167814,9.80684,2339
0.214184,10.1926,2340
0.174278,9.81632,2341
0.227176,10.2037,2342
0.18119,9.79558,2343
0.23316,10.1899,2344
0.185895,9.80172,2345
0.214439,10.229,2346
0.178438,9.77504,2347
0.218824,10.1889,2348
0.172487,9.80243,2349
0.22772,10.2678,2350
0.183463,9.73571,2351
0.199975,10.1844,2352
0.182279,9.82281,2353
0.193639,10.1839,2354
0.175046,9.80457,2355
0.230504,10.2439,2356
0.176582,9.76588,2357
0.211879,10.1861,2358
0.170278,9.80092,2359
0.24404,10.2097,2360
0.186855,9.80128,2361
0.244809,10.198,2362
0.183143,9.81485,2363
0.247081,10.1956,2364
0.177927,9.78755,2365
0.238505,10.2395,2366
0.181094,9.76233,2367
0.194727,10.2523,2368
0.181991,9.76544,2369
0.194823,10.1775,2370
0.181863,9.80614,2371
0.207944,10.1859,2372
0.163558,9.80883,2373
0.22116,10.1881,2374
0.195367,9.81795,2375
0.18807,10.2076,2376
0.185606,9.79548,2377
0.196007,10.1875,2378
0.171398,9.81433,2379
0.226216,10.2613,2380
0.190631,9.72998,2381
0.212072,10.1887,2382
0.175142,9.81475,2383
0.214856,10.1988,2384
0.186182,9.80576,2385
0.194695,10.1787,2386
0.184711,9.82227,2387
0.193831,10.2039,2388
0.178662,9.78739,2389
0.224392,10.2072,2390
0.172262,9.79497,2391
0.247081,10.2136,2392
0.175558,9.78483,2393
0.222568,10.1964,2394
0.177798,9.82083,2395
0.212647,10.2097,2396
0.17111,9.78851,2397
0.221,10.2231,2398
0.172902,9.75676,2399
0.212743,10.1962,2400
0.161413,9.81308,2401
0.241321,10.2078,2402
0.186215,9.79308,2403
0.203783,10.183,2404
0.175398,9.80688,2405
0.220008,10.222,2406
0.190214,9.78323,2407
0.211687,10.1903,2408
0.16759,9.81334,2409
0.226056,10.1948,2410
0.179878,9.80457,2411
0.219495,10.2045,2412
0.170662,9.78934,2413
0.197159,10.1865,2414
0.185447,9.82185,2415
0.215175,10.2495,2416
0.184199,9.75273,2417
0.21028,10.1886,2418
0.170918,9.81772,2419
0.243241,10.2586,2420
0.180743,9.72748,2421
0.22132,10.1861,2422
0.162309,9.8112,2423
0.224488,10.203,2424
0.174726,9.8032,2425
0.199591,10.1879,2426
0.165382,9.80899,2427
0.23988,10.2008,2428
0.189479,9.80435,2429
0.22868,10.1982,2430
0.184935,9.79548,2431
0.229352,10.21,2432
0.185095,9.79401,2433
0.222472,10.2162,2434
0.183942,9.78355,2435
0.214375,10.2125,2436
0.170598,9.7975,2437
0.233928,10.1822,2438
0.17559,9.80691,2439
0.225672,10.1997,2440
0.173926,9.79894,2441
0.204776,10.2027,2442
0.181958,9.80134,2443
0.211079,10.1862,2444
0.186791,9.81161,2445
0.195943,10.1935,2446
0.161094,9.80611,2447
0.206951,10.2139,2448
0.179623,9.77852,2449
0.231752,10.215,2450
0.195367,9.79545,2451
0.237192,10.2351,2452
0.18023,9.76867,2453
0.233128,10.1891,2454
0.182982,9.80864,2455
0.190951,10.1956,2456
0.183079,9.79667,2457
0.204647,10.2189,2458
0.164869,9.77945,2459
0.216136,10.2293,2460
0.174695,9.77167,2461
0.232712,10.2256,2462
0.176454,9.7742,2463
0.196615,10.1989,2464
0.181734,9.80236,2465
0.227144,10.2329,2466
0.173351,9.76819,2467
0.206696,10.1876,2468
0.194439,9.8312,2469
0.230344,10.1863,2470
0.183238,9.79824,2471
0.200103,10.2093,2472
0.173351,9.78815,2473
0.250504,10.2777,2474
0.161126,9.72313,2475
0.443952,10.0839,2476
0.180486,9.91219,2477
0.225096,10.1993,2478
0.158822,9.79884,2479
0.23236,10.2142,2480
0.17895,9.78771,2481
0.23364,10.1932,2482
0.18791,9.81238,2483
0.227176,10.2106,2484
0.182919,9.78505,2485
0.195047,10.1839,2486
0.164869,9.80959,2487
0.21572,10.211,2488
0.16567,9.80934,2489
0.220776,10.19,2490
0.183207,9.80275,2491
0.224008,10.1905,2492
0.18343,9.80288,2493
0.227112,10.2244,2494
0.179174,9.78287,2495
0.202119,10.1911,2496
0.152869,9.80454,2497
0.222472,10.2027,2498
0.192551,9.80297,2499
0.198279,10.1795,2500
0.19239,9.82345,2501
0.212744,10.1834,2502
0.162981,9.8031,2503
0.208039,10.1902,2504
0.17559,9.82124,2505
0.236552,10.1662,2506
0.163205,9.839,2507
0.251881,10.183,2508
0.186118,9.80108,2509
0.238248,10.2033,2510
0.170342,9.80275,2511
0.231336,10.1956,2512
0.17479,9.79596,2513
0.212904,10.2054,2514
0.182695,9.79667,2515
0.193415,10.2011,2516
0.169862,9.79644,2517
0.211431,10.2045,2518
0.170598,9.79523,2519
0.218663,10.1921,2520
0.183302,9.8303,2521
0.204071,10.1693,2522
0.162278,9.80758,2523
0.209927,10.1942,2524
0.184166,9.81017,2525
0.231241,10.2119,2526
0.179111,9.79055,2527
0.210952,10.2121,2528
0.17479,9.78223,2529
0.237001,10.2096,2530
0.179207,9.79315,2531
0.227624,10.2043,2532
0.182182,9.81376,2533
0.229736,10.1766,2534
0.177127,9.82598,2535
0.233192,10.2055,2536
0.187111,9.79279,2537
0.217415,10.1798,2538
0.169318,9.81593,2539
0.219624,10.1886,2540
0.186374,9.79983,2541
0.248681,10.2034,2542
0.169926,9.7982,2543
0.223816,10.1931,2544
0.191079,9.80921,2545
0.190279,10.1915,2546
0.178823,9.80076,2547
0.204968,10.1884,2548
0.183847,9.81862,2549
0.228264,10.2011,2550
0.17591,9.79587,2551
0.231976,10.2327,2552
0.180486,9.7838,2553
0.231176,10.1909,2554
0.184711,9.79843,2555
0.192007,10.1916,2556
0.184231,9.79647,2557
0.212935,10.2042,2558
0.181318,9.81897,2559
0.203048,10.1779,2560
0.183526,9.80067,2561
0.22436,10.1935,2562
0.164934,9.80796,2563
0.215592,10.1897,2564
0.159141,9.80627,2565
0.223336,10.1976,2566
0.18503,9.8079,2567
0.210727,10.1863,2568
0.178151,9.81711,2569
0.211303,10.1919,2570
0.194375,9.80707,2571
0.211335,10.1897,2572
0.180167,9.80297,2573
0.208295,10.1933,2574
0.180294,9.80844,2575
0.218472,10.2258,2576
0.189767,9.78022,2577
0.211623,10.1929,2578
0.168358,9.81344,2579
0.227496,10.201,2580
0.184902,9.80691,2581
0.242345,10.2038,2582
0.183046,9.78399,2583
0.22756,10.2088,2584
0.163878,9.78899,2585
0.2322,10.2036,2586
0.186278,9.7974,2587
0.212423,10.2146,2588
0.179335,9.7799,2589
0.229448,10.2218,2590
0.17383,9.78329,2591
0.240008,10.2072,2592
0.187014,9.79385,2593
0.225704,10.1904,2594
0.180358,9.8231,2595
0.18983,10.1887,2596
0.17607,9.79916,2597
0.212103,10.1871,2598
0.17607,9.8158,2599
0.226888,10.202,2600
0.161445,9.78732,2601
0.228392,10.2377,2602
0.189702,9.7687,2603
0.228712,10.205,2604
0.188646,9.80796,2605
0.22468,10.212,2606
0.179846,9.77721,2607
0.246249,10.194,2608
0.180359,9.79977,2609
0.237576,10.2095,2610
0.17847,9.79199,2611
0.249705,10.2021,2612
0.174534,9.8071,2613
0.232488,10.1915,2614
0.184839,9.81305,2615
0.23108,10.1956,2616
0.170246,9.79106,2617
0.242601,10.2686,2618
0.169478,9.74271,2619
0.261289,10.2028,2620
0.173062,9.78882,2621
0.222408,10.1895,2622
0.184007,9.81148,2623
0.224392,10.2239,2624
0.16999,9.77116,2625
0.22356,10.2228,2626
0.196807,9.78124,2627
0.237224,10.2197,2628
0.189287,9.77449,2629
0.2186,10.2606,2630
0.19079,9.74495,2631
0.201959,10.191,2632
0.17559,9.80322,2633
0.22836,10.1974,2634
0.18039,9.80883,2635
0.238472,10.185,2636
0.183302,9.81555,2637
0.23284,10.1957,2638
0.16839,9.79391,2639
0.236713,10.2082,2640
0.168582,9.8007,2641
0.238568,10.1887,2642
0.17991,9.80585,2643
0.227816,10.2022,2644
0.176966,9.81491,2645
0.178438,10.1784,2646
0.18279,9.81478,2647
0.209927,10.1753,2648
0.167014,9.81497,2649
0.201031,10.1905,2650
0.182279,9.81183,2651
0.24116,10.2035,2652
0.194855,9.79644,2653
0.214408,10.2311,2654
0.174598,9.7694,2655
0.189414,10.1949,2656
0.174887,9.80844,2657
0.185799,10.1892,2658
0.164934,9.80918,2659
0.23412,10.1969,2660
0.183654,9.81081,2661
0.223688,10.2011,2662
0.175174,9.78342,2663
0.221224,10.2035,2664
0.174374,9.81494,2665
0.233,10.1868,2666
0.193095,9.79993,2667
0.240041,10.1911,2668
0.171654,9.81225,2669
0.23476,10.2286,2670
0.191079,9.77164,2671
0.253833,10.2016,2672
0.188006,9.79433,2673
0.208071,10.1858,2674
0.197414,9.81548,2675
0.205735,10.1921,2676
0.187367,9.80863,2677
0.243913,10.193,2678
0.174311,9.7982,2679
0.240488,10.231,2680
0.173286,9.77618,2681
0.18999,10.1759,2682
0.190758,9.82003,2683
0.216168,10.2046,2684
0.183526,9.80911,2685
0.212584,10.1794,2686
0.165702,9.80972,2687
0.237993,10.2362,2688
0.195463,9.76505,2689
0.206343,10.1873,2690
0.16151,9.8125,2691
0.249705,10.2193,2692
0.183782,9.7871,2693
0.233193,10.2141,2694
0.196327,9.78438,2695
0.192871,10.1986,2696
0.189735,9.81209,2697
0.209512,10.1649,2698
0.181286,9.81897,2699
0.232424,10.2089,2700
0.17943,9.78822,2701
0.249929,10.2052,2702
0.17623,9.81375,2703
0.218599,10.19,2704
0.18727,9.7934,2705
0.220008,10.2022,2706
0.178567,9.80233,2707
0.217032,10.2163,2708
0.16295,9.78057,2709
0.2202,10.2035,2710
0.183398,9.80303,2711
0.223816,10.223,2712
0.182823,9.7781,2713
0.241001,10.2216,2714
0.181414,9.78604,2715
0.23076,10.1878,2716
0.189223,9.80025,2717
0.252328,10.2014,2718
0.175942,9.80623,2719
0.226248,10.1864,2720
0.199783,9.8101,2721
0.241833,10.1893,2722
0.184455,9.8198,2723
0.206536,10.1652,2724
0.163942,9.81398,2725
0.225224,10.2151,2726
0.177478,9.78038,2727
0.211655,10.1985,2728
0.171526,9.80777,2729
0.201287,10.251,2730
0.191911,9.75292,2731
0.239689,10.2032,2732
0.177319,9.79103,2733
0.214632,10.2666,2734
0.175686,9.73273,2735
0.209223,10.189,2736
0.178566,9.81782,2737
0.216007,10.1943,2738
0.169926,9.80354,2739
0.200359,10.1889,2740
0.182054,9.81762,2741
0.233576,10.1963,2742
0.171462,9.80914,2743
0.235529,10.1828,2744
0.189958,9.80531,2745
0.216743,10.1933,2746
0.172774,9.80946,2747
0.224231,10.1938,2748
0.194951,9.8077,2749
0.209832,10.2017,2750
0.18423,9.80934,2751
0.238792,10.1871,2752
0.18967,9.81327,2753
0.205223,10.2114,2754
0.17255,9.77362,2755
0.229864,10.2711,2756
0.181382,9.72242,2757
0.233032,10.1918,2758
0.164069,9.81654,2759
0.245321,10.2117,2760
0.169766,9.78905,2761
0.22772,10.1988,2762
0.17031,9.79045,2763
0.246952,10.2234,2764
0.166374,9.78581,2765
0.230056,10.2043,2766
0.184551,9.80182,2767
0.250217,10.1965,2768
0.17239,9.79503,2769
0.222152,10.2036,2770
0.180326,9.8015,2771
0.224008,10.2016,2772
0.16535,9.80591,2773
0.223912,10.1724,2774
0.18167,9.83267,2775
0.219816,10.1728,2776
0.167078,9.82246,2777
0.226312,10.187,2778
0.163302,9.80425,2779
0.229672,10.2097,2780
0.18103,9.79686,2781
0.259369,10.1896,2782
0.177222,9.81577,2783
0.24692,10.1878,2784
0.17607,9.80902,2785
0.200423,10.1671,2786
0.170534,9.83286,2787
0.232201,10.2152,2788
0.189799,9.77737,2789
0.211816,10.2007,2790
0.176742,9.79647,2791
0.235592,10.2127,2792
0.190791,9.80044,2793
0.223784,10.1761,2794
0.169382,9.81439,2795
0.228392,10.2662,2796
0.183366,9.72959,2797
0.205639,10.1848,2798
0.154565,9.8262,2799
0.237544,10.2216,2800
0.191271,9.76543,2801
0.231016,10.1908,2802
0.193991,9.81343,2803
0.238952,10.1797,2804
0.198279,9.82015,2805
0.223752,10.2126,2806
0.192966,9.79302,2807
0.23076,10.1977,2808
0.160614,9.79852,2809
0.215623,10.1864,2810
0.175014,9.80281,2811
0.216263,10.2087,2812
0.176966,9.79861,2813
0.22676,10.2288,2814
0.184711,9.78601,2815
0.200743,10.1712,2816
0.189287,9.82086,2817
0.234696,10.1883,2818
0.180326,9.80588,2819
0.234089,10.2129,2820
0.191846,9.7999,2821
0.240009,10.1845,2822
0.17495,9.8022,2823
0.2146,10.2075,2824
0.177478,9.78745,2825
0.235272,10.2362,2826
0.168261,9.76322,2827
0.219624,10.2009,2828
0.173638,9.81782,2829
0.207143,10.1682,2830
0.181926,9.82598,2831
0.22996,10.1679,2832
0.190759,9.8261,2833
0.225096,10.1968,2834
0.190918,9.79548,2835
0.198823,10.2208,2836
0.182279,9.78818,2837
0.200135,10.1822,2838
0.188614,9.81606,2839
0.210728,10.2071,2840
0.156709,9.78149,2841
0.23028,10.2195,2842
0.193319,9.79074,2843
0.216103,10.186,2844
0.186566,9.81884,2845
0.242185,10.2388,2846
0.181542,9.75845,2847
0.241033,10.225,2848
0.187207,9.77151,2849
0.209063,10.1854,2850
0.167846,9.80684,2851
0.254345,10.2339,2852
0.19015,9.77778,2853
0.192006,10.195,2854
0.185799,9.80501,2855
0.203303,10.1877,2856
0.182087,9.80537,2857
0.208551,10.1965,2858
0.176294,9.80537,2859
0.241225,10.2037,2860
0.171878,9.7973,2861
0.22484,10.1867,2862
0.195303,9.81919,2863
0.199303,10.1851,2864
0.189574,9.81122,2865
0.213384,10.2104,2866
0.183655,9.79167,2867
0.20148,10.2565,2868
0.169414,9.7421,2869
0.232041,10.2142,2870
0.185095,9.78393,2871
0.229576,10.2471,2872
0.169414,9.76514,2873
0.246569,10.1948,2874
0.189959,9.79302,2875
0.253544,10.2037,2876
0.192486,9.79324,2877
0.207976,10.2107,2878
0.184326,9.78322,2879
0.210439,10.2107,2880
0.186182,9.79317,2881
0.229128,10.2091,2882
0.187686,9.81023,2883
0.238792,10.1986,2884
0.176646,9.78572,2885
0.204551,10.19,2886
0.180326,9.80713,2887
0.214215,10.2203,2888
0.190566,9.78665,2889
0.225575,10.1864,2890
0.172902,9.82601,2891
0.228744,10.1828,2892
0.162054,9.79695,2893
0.227464,10.2256,2894
0.181063,9.78405,2895
0.223464,10.1926,2896
0.17671,9.8101,2897
0.197895,10.1771,2898
0.196679,9.81823,2899
0.212231,10.1838,2900
0.166598,9.80521,2901
0.250152,10.1973,2902
0.185286,9.80665,2903
0.22004,10.206,2904
0.16631,9.79356,2905
0.193126,10.1967,2906
0.187847,9.81113,2907
0.248232,10.2305,2908
0.158981,9.76277,2909
0.235496,10.2057,2910
0.177638,9.79714,2911
0.239849,10.1951,2912
0.183974,9.80415,2913
0.236936,10.1982,2914
0.174886,9.80293,2915
0.22708,10.2579,2916
0.177862,9.74024,2917
0.221319,10.1952,2918
0.164518,9.80271,2919
0.200903,10.2229,2920
0.16935,9.77205,2921
0.211399,10.2032,2922
0.163206,9.80159,2923
0.23444,10.2034,2924
0.185062,9.79961,2925
0.216264,10.1862,2926
0.160326,9.81647,2927
0.233641,10.2013,2928
0.174087,9.79452,2929
0.198375,10.184,2930
0.181286,9.81199,2931
0.2298,10.2062,2932
0.172262,9.79913,2933
0.221544,10.2318,2934
0.17335,9.76348,2935
0.198855,10.2488,2936
0.181479,9.75112,2937
0.217415,10.2033,2938
0.170534,9.80034,2939
0.223432,10.2035,2940
0.171878,9.79298,2941
0.226248,10.2104,2942
0.175878,9.80991,2943
0.226056,10.2104,2944
0.169862,9.77845,2945
0.228392,10.2242,2946
0.166982,9.76594,2947
0.191623,10.2543,2948
0.159877,9.75349,2949
0.209864,10.1855,2950
0.184486,9.83017,2951
0.21268,10.1578,2952
0.188455,9.82213,2953
0.2266,10.2325,2954
0.193638,9.78642,2955
0.229352,10.1939,2956
0.178663,9.78652,2957
0.244809,10.2678,2958
0.18071,9.73295,2959
0.21604,10.2043,2960
0.176166,9.79919,2961
0.225927,10.1934,2962
0.18247,9.80866,2963
0.220488,10.1931,2964
0.186214,9.80364,2965
0.201895,10.1905,2966
0.18087,9.82617,2967
0.228552,10.2319,2968
0.182534,9.75615,2969
0.217352,10.1847,2970
0.181671,9.82386,2971
0.23124,10.1876,2972
0.153253,9.79964,2973
0.250313,10.2093,2974
0.184551,9.79266,2975
0.238376,10.2145,2976
0.182598,9.79897,2977
0.236424,10.1912,2978
0.18743,9.79042,2979
0.20884,10.2025,2980
0.17031,9.79836,2981
0.202759,10.1803,2982
0.167142,9.81941,2983
0.208455,10.1869,2984
0.166725,9.81599,2985
0.237128,10.213,2986
0.168518,9.78636,2987
0.234856,10.2042,2988
0.179942,9.80482,2989
0.203687,10.1813,2990
0.166662,9.80012,2991
0.22868,10.2044,2992
0.178822,9.80437,2993
0.217895,10.2071,2994
0.183687,9.81093,2995
0.238632,10.1817,2996
0.182919,9.80517,2997
0.202119,10.2105,2998
0.17175,9.79913,2999
0.211336,10.1732,3000
0.179431,9.81769,3001
0.203399,10.2508,3002
0.179335,9.7406,3003
0.234824,10.208,3004
0.171814,9.80517,3005
0.189543,10.1929,3006
0.166502,9.79327,3007
0.225224,10.2043,3008
0.191303,9.80418,3009
0.193126,10.182,3010
0.18487,9.81916,3011
0.214247,10.1927,3012
0.166502,9.80181,3013
0.220488,10.2232,3014
0.18711,9.78348,3015
0.239977,10.2646,3016
0.186086,9.72911,3017
0.259561,10.197,3018
0.169318,9.80309,3019
0.189095,10.1848,3020
0.173542,9.80636,3021
0.211111,10.1971,3022
0.172102,9.82367,3023
0.232456,10.1856,3024
0.185094,9.80671,3025
0.197447,10.2355,3026
0.16663,9.77199,3027
0.23988,10.1915,3028
0.193063,9.79778,3029
0.217095,10.1872,3030
0.173606,9.81042,3031
0.195623,10.1711,3032
0.170534,9.82879,3033
0.213991,10.2025,3034
0.158886,9.79401,3035
0.215687,10.2176,3036
0.184518,9.7869,3037
0.215783,10.1931,3038
0.198375,9.81064,3039
0.187079,10.1868,3040
0.162246,9.8221,3041
0.178566,10.2191,3042
0.159238,9.76415,3043
0.218247,10.2425,3044
0.18183,9.76226,3045
0.225,10.1979,3046
0.185479,9.81029,3047
0.200551,10.2041,3048
0.153509,9.78834,3049
0.219303,10.1962,3050
0.165446,9.80277,3051
0.23076,10.1849,3052
0.166149,9.81535,3053
0.206823,10.1941,3054
0.189607,9.80424,3055
0.236712,10.2252,3056
0.184806,9.79221,3057
0.225319,10.183,3058
0.180678,9.80559,3059
0.198726,10.2058,3060
0.167462,9.80271,3061
0.223496,10.1768,3062
0.17111,9.80956,3063
0.218951,10.1902,3064
0.161446,9.80681,3065
0.233833,10.1979,3066
0.185958,9.80565,3067
0.22132,10.2036,3068
0.177415,9.79656,3069
0.197415,10.1915,3070
0.175718,9.80876,3071
0.225416,10.1973,3072
0.171814,9.80492,3073
0.222087,10.2004,3074
0.18407,9.80268,3075
0.210664,10.2034,3076
0.195815,9.79736,3077
0.234632,10.2007,3078
0.182406,9.79621,3079
0.210887,10.1851,3080
0.168614,9.80809,3081
0.232488,10.1977,3082
0.181894,9.81106,3083
0.213,10.1799,3084
0.179814,9.81433,3085
0.497105,10.1907,3086
0.183623,9.81103,3087
0.207879,10.1863,3088
0.178886,9.81416,3089
0.206087,10.1931,3090
0.16551,9.79637,3091
0.209096,10.2022,3092
0.169061,9.798,3093
0.215335,10.2031,3094
0.17431,9.80053,3095
0.192486,10.1864,3096
0.170917,9.81285,3097
0.236488,10.204,3098
0.17207,9.8092,3099
0.224232,10.193,3100
0.170022,9.79282,3101
0.432207,10.1345,3102
0.165254,9.86671,3103
0.20708,10.1787,3104
0.169094,9.82911,3105
0.2146,10.1854,3106
0.171334,9.82517,3107
0.234792,10.2172,3108
0.192678,9.77256,3109
0.205127,10.1851,3110
0.185126,9.81256,3111
0.245801,10.2072,3112
0.183527,9.79189,3113
0.223624,10.2092,3114
0.163014,9.79583,3115
0.240425,10.2294,3116
0.175078,9.78024,3117
0.221128,10.174,3118
0.185126,9.80735,3119
0.217032,10.2067,3120
0.171302,9.79007,3121
0.222056,10.2373,3122
0.179238,9.77263,3123
0.204391,10.1834,3124
0.162629,9.82585,3125
0.207911,10.1937,3126
0.16743,9.786,3127
0.218535,10.2112,3128
0.168454,9.79567,3129
0.201127,10.1867,3130
0.174662,9.81612,3131
0.19127,10.2017,3132
0.155429,9.79986,3133
0.194663,10.1655,3134
0.168101,9.83836,3135
0.18967,10.1629,3136
0.166278,9.82901,3137
0.166342,10.163,3138
0.154758,9.83234,3139
0.202055,10.185,3140
0.165061,9.81593,3141
0.213863,10.1971,3142
0.161382,9.79989,3143
0.234665,10.2065,3144
0.175527,9.82184,3145
0.222184,10.1794,3146
0.178502,9.81036,3147
0.202247,10.1977,3148
0.151429,9.79199,3149
0.226087,10.2211,3150
0.168262,9.77403,3151
0.21604,10.2014,3152
0.165829,9.80489,3153
0.224615,10.1961,3154
0.17847,9.79893,3155
0.407086,10.0716,3156
0.187495,9.93055,3157
0.23236,10.267,3158
0.184262,9.7356,3159
0.205928,10.1807,3160
0.178855,9.81887,3161
0.223368,10.212,3162
0.187591,9.79292,3163
0.219688,10.1995,3164
0.184582,9.81157,3165
0.224712,10.1784,3166
0.155461,9.79932,3167
0.220296,10.211,3168
0.187782,9.80706,3169
0.212552,10.1806,3170
0.172614,9.80392,3171
0.245576,10.2018,3172
0.180967,9.80796,3173
0.213735,10.1801,3174
0.165125,9.8165,3175
0.195654,10.1909,3176
0.185575,9.80968,3177
0.233256,10.1966,3178
0.175462,9.81276,3179
0.237992,10.2215,3180
0.187014,9.78332,3181
0.218695,10.1698,3182
0.163878,9.81317,3183
0.241064,10.2021,3184
0.182822,9.79855,3185
0.196583,10.184,3186
0.176294,9.8285,3187
0.23524,10.2154,3188
0.186246,9.77051,3189
0.207815,10.1951,3190
0.167654,9.79711,3191
0.22244,10.2341,3192
0.170246,9.76959,3193
0.224232,10.1971,3194
0.171078,9.80309,3195
0.224775,10.1879,3196
0.19367,9.82104,3197
0.208999,10.1789,3198
0.163078,9.82319,3199
0.219207,10.1886,3200
0.178022,9.80399,3201
0.226472,10.1943,3202
0.182406,9.80636,3203
0.236264,10.1936,3204
0.177158,9.80491,3205
0.195815,10.19,3206
0.190055,9.80616,3207
0.216712,10.1964,3208
0.179622,9.80674,3209
0.207559,10.1884,3210
0.165958,9.8069,3211
0.231432,10.2292,3212
0.176646,9.77656,3213
0.237352,10.1984,3214
0.17735,9.79884,3215
0.193575,10.2001,3216
0.190598,9.79868,3217
0.219464,10.2124,3218
0.185895,9.78895,3219
0.212231,10.2168,3220
0.181926,9.78495,3221
0.198247,10.1852,3222
0.159333,9.8086,3223
0.203111,10.1949,3224
0.193095,9.82085,3225
0.206151,10.1871,3226
0.174726,9.80975,3227
0.215495,10.2099,3228
0.164518,9.78082,3229
0.244361,10.2442,3230
0.187047,9.76837,3231
0.212391,10.1813,3232
0.178278,9.80754,3233
0.244392,10.2606,3234
0.173862,9.7477,3235
0.244296,10.224,3236
0.187846,9.78796,3237
0.229224,10.216,3238
0.180134,9.76821,3239
0.207271,10.2004,3240
0.163973,9.8109,3241
0.220807,10.1974,3242
0.18999,9.78754,3243
0.22068,10.2088,3244
0.173542,9.78876,3245
0.179846,10.2034,3246
0.182599,9.79688,3247
0.242728,10.2397,3248
0.181543,9.77122,3249
0.202215,10.1802,3250
0.16503,9.826,3251
0.241993,10.176,3252
0.184038,9.81205,3253
0.22692,10.223,3254
0.19623,9.78223,3255
0.241256,10.2054,3256
0.168134,9.78927,3257
0.230088,10.2044,3258
0.183654,9.78876,3259
0.211175,10.1953,3260
0.175654,9.81381,3261
0.260329,10.1966,3262
0.166181,9.81397,3263
0.228616,10.1974,3264
0.184391,9.80607,3265
0.219559,10.1794,3266
0.189607,9.80981,3267
0.210023,10.1944,3268
0.158246,9.79372,3269
0.243656,10.2074,3270
0.173734,9.79685,3271
0.23316,10.2096,3272
0.17207,9.79327,3273
0.205991,10.1945,3274
0.173446,9.80501,3275
0.235304,10.2057,3276
0.168902,9.79599,3277
0.235305,10.199,3278
0.176358,9.80303,3279
0.237224,10.234,3280
0.186631,9.76226,3281
0.228328,10.2249,3282
0.179302,9.76475,3283
0.232616,10.2148,3284
0.187078,9.78971,3285
0.209703,10.2281,3286
0.179911,9.77784,3287
0.225064,10.1959,3288
0.194278,9.80363,3289
0.212967,10.1896,3290
0.169926,9.80811,3291
0.229032,10.2018,3292
0.177478,9.80952,3293
0.216232,10.2644,3294
0.192039,9.73227,3295
0.228776,10.2268,3296
0.16887,9.76114,3297
0.19111,10.2065,3298
0.181126,9.79423,3299
0.237224,10.2419,3300
0.189799,9.78232,3301
0.198535,10.1772,3302
0.17143,9.80021,3303
0.234952,10.2123,3304
0.183655,9.79384,3305
0.205895,10.1981,3306
0.170374,9.79935,3307
0.227367,10.1958,3308
0.183207,9.80696,3309
0.201703,10.249,3310
0.169574,9.76053,3311
0.200455,10.1733,3312
0.161829,9.80751,3313
0.250568,10.1989,3314
0.185927,9.80616,3315
0.186502,10.203,3316
0.182855,9.80933,3317
0.253257,10.2016,3318
0.188006,9.80523,3319
0.236488,10.2177,3320
0.205031,9.78283,3321
0.230376,10.1967,3322
0.18375,9.78405,3323
0.198695,10.1883,3324
0.17143,9.81724,3325
0.227719,10.1923,3326
0.169798,9.80043,3327
0.239944,10.2339,3328
0.170085,9.77106,3329
0.218791,10.2305,3330
0.168614,9.76731,3331
0.207815,10.1728,3332
0.174022,9.82354,3333
0.240552,10.2412,3334
0.167686,9.76261,3335
0.18007,10.1823,3336
0.171526,9.8204,3337
0.221895,10.2332,3338
0.182886,9.76613,3339
0.211719,10.1937,3340
0.175526,9.81877,3341
0.207879,10.1769,3342
0.162565,9.80991,3343
0.193223,10.193,3344
0.168806,9.80322,3345
0.208359,10.1888,3346
0.174086,9.81967,3347
0.195047,10.1777,3348
0.175718,9.81653,3349
0.203111,10.2341,3350
0.18183,9.75999,3351
0.221928,10.2371,3352
0.186694,9.76715,3353
0.204615,10.1858,3354
0.17351,9.8149,3355
0.217384,10.2284,3356
0.180774,9.77295,3357
0.218759,10.2045,3358
0.186278,9.79144,3359
0.215752,10.2326,3360
0.15831,9.76517,3361
0.219144,10.203,3362
0.177446,9.80194,3363
0.211303,10.1871,3364
0.182918,9.80997,3365
0.192775,10.1889,3366
0.183334,9.81797,3367
0.22068,10.2022,3368
0.169478,9.79845,3369
0.22324,10.1927,3370
0.193799,9.81378,3371
0.206151,10.1794,3372
0.168262,9.8053,3373
0.225159,10.2166,3374
0.18647,9.79,3375
0.193735,10.2065,3376
0.183942,9.79019,3377
0.22532,10.222,3378
0.179526,9.7893,3379
0.225768,10.1974,3380
0.16823,9.79429,3381
0.238408,10.1961,3382
0.175462,9.8149,3383
0.2226,10.2024,3384
0.170534,9.78469,3385
0.181031,10.2204,3386
0.180582,9.78565,3387
0.224744,10.1931,3388
0.189543,9.79947,3389
0.227655,10.2053,3390
0.165798,9.81119,3391
0.22356,10.1885,3392
0.176934,9.80661,3393
0.22084,10.2382,3394
0.165254,9.75768,3395
0.195782,10.1921,3396
0.17015,9.80504,3397
0.247497,10.206,3398
0.171238,9.80482,3399
0.220967,10.1906,3400
0.189254,9.79506,3401
0.209479,10.1846,3402
0.168326,9.81234,3403
0.201703,10.1869,3404
0.156101,9.81019,3405
0.23876,10.2088,3406
0.164518,9.79374,3407
0.206535,10.2099,3408
0.160005,9.79397,3409
0.215848,10.21,3410
0.170886,9.79301,3411
0.220744,10.1978,3412
0.178919,9.79746,3413
0.200295,10.2172,3414
0.177414,9.79563,3415
0.238089,10.2254,3416
0.17335,9.7651,3417
0.238472,10.2314,3418
0.179558,9.7708,3419
0.23556,10.2012,3420
0.17815,9.79624,3421
0.204871,10.1852,3422
0.177126,9.81263,3423
0.206055,10.1877,3424
0.15863,9.81131,3425
0.225416,10.2013,3426
0.196999,9.81327,3427
0.225575,10.1888,3428
0.18343,9.79544,3429
0.226248,10.206,3430
0.15223,9.79656,3431
0.214951,10.2376,3432
0.17255,9.77243,3433
0.234984,10.1952,3434
0.166086,9.7917,3435
0.195399,10.2233,3436
0.188135,9.79522,3437
0.236232,10.1906,3438
0.170694,9.80248,3439
0.235272,10.2659,3440
0.162502,9.72443,3441
0.234569,10.1952,3442
0.171526,9.82421,3443
0.235592,10.1824,3444
0.183399,9.79858,3445
0.196583,10.1924,3446
0.163013,9.80463,3447
0.208487,10.268,3448
0.17303,9.73681,3449
0.200903,10.1787,3450
0.163302,9.83451,3451
0.223464,10.2162,3452
0.170822,9.76661,3453
0.228424,10.1961,3454
0.160198,9.80453,3455
0.203719,10.2273,3456
0.151461,9.79016,3457
0.239528,10.1835,3458
0.191623,9.82024,3459
0.220807,10.1837,3460
0.154021,9.79128,3461
0.234728,10.2115,3462
0.18311,9.80408,3463
0.210343,10.1808,3464
0.185319,9.83035,3465
0.236904,10.1882,3466
0.182918,9.80264,3467
0.206119,10.1851,3468
0.179814,9.80139,3469
0.184838,10.1747,3470
0.173702,9.82546,3471
0.198311,10.2085,3472
0.15591,9.79058,3473
0.228775,10.2037,3474
0.171749,9.81794,3475
0.221896,10.2092,3476
0.157062,9.76952,3477
0.221255,10.2118,3478
0.176678,9.78971,3479
0.192007,10.1885,3480
0.159909,9.82687,3481
0.241033,10.1846,3482
0.164005,9.80107,3483
0.229736,10.2687,3484
0.18359,9.72712,3485
0.204071,10.1874,3486
0.165894,9.81471,3487
0.230088,10.2446,3488
0.179334,9.75925,3489
0.221319,10.2252,3490
0.155045,9.77086,3491
0.225,10.2068,3492
0.176582,9.79503,3493
0.23556,10.2117,3494
0.178278,9.78718,3495
0.191751,10.2052,3496
0.167334,9.81083,3497
0.208071,10.1792,3498
0.193286,9.80488,3499
0.214791,10.1953,3500
0.172358,9.80408,3501
0.223304,10.2528,3502
0.17415,9.74411,3503
0.225671,10.201,3504
0.182278,9.79957,3505
0.236936,10.2003,3506
0.18183,9.81263,3507
0.21188,10.1858,3508
0.173382,9.80482,3509
0.23236,10.2138,3510
0.181382,9.79685,3511
0.215688,10.1866,3512
0.175366,9.82344,3513
0.224488,10.1789,3514
0.179559,9.80558,3515
0.183815,10.1943,3516
0.172518,9.79794,3517
0.225864,10.2095,3518
0.184231,9.79499,3519
0.224167,10.2074,3520
0.191943,9.78837,3521
0.226471,10.2042,3522
0.181574,9.79656,3523
0.196807,10.2012,3524
0.171334,9.7995,3525
0.173798,10.1946,3526
0.15271,9.82117,3527
0.224968,10.1954,3528
0.188135,9.78744,3529
0.215815,10.2099,3530
0.178342,9.79499,3531
0.246505,10.2155,3532
0.166214,9.78443,3533
0.217863,10.206,3534
0.183014,9.79144,3535
0.195687,10.1892,3536
0.184071,9.82082,3537
0.221575,10.2071,3538
0.169445,9.78667,3539
0.220967,10.1992,3540
0.169574,9.79816,3541
0.197415,10.1857,3542
0.17863,9.80974,3543
0.219687,10.2092,3544
0.177606,9.79198,3545
0.191175,10.1856,3546
0.159046,9.82251,3547
0.206663,10.2106,3548
0.18343,9.78373,3549
0.204391,10.1905,3550
0.171718,9.81858,3551
0.221064,10.2298,3552
0.17847,9.78194,3553
0.245384,10.1836,3554
0.188486,9.79656,3555
0.196999,10.1968,3556
0.178918,9.80107,3557
0.218824,10.1995,3558
0.173542,9.81845,3559
0.199719,10.1794,3560
0.153701,9.79934,3561
0.227624,10.2117,3562
0.164006,9.8085,3563
0.220711,10.1872,3564
0.170918,9.79765,3565
0.183014,10.1972,3566
0.178279,9.80235,3567
0.217607,10.2049,3568
0.155013,9.79211,3569
0.235496,10.2027,3570
0.152774,9.79931,3571
0.217576,10.2583,3572
0.173382,9.74549,3573
0.204679,10.2116,3574
0.185927,9.79096,3575
0.203303,10.1866,3576
0.185734,9.80658,3577
0.224168,10.1916,3578
0.16775,9.81128,3579
0.190151,10.1959,3580
0.17767,9.81896,3581
0.230312,10.1878,3582
0.177574,9.7901,3583
0.22036,10.2088,3584
0.166182,9.81304,3585
0.189703,10.1788,3586
0.190118,9.80923,3587
0.222728,10.1899,3588
0.184102,9.80789,3589
0.216295,10.2144,3590
0.168165,9.78622,3591
0.219623,10.1979,3592
0.170118,9.81294,3593
0.206599,10.2454,3594
0.176198,9.74907,3595
0.197319,10.1927,3596
0.18311,9.80501,3597
0.225672,10.1944,3598
0.167078,9.80466,3599
0.199174,10.2089,3600
0.157766,9.78206,3601
0.237833,10.1994,3602
0.175462,9.80638,3603
0.221671,10.1924,3604
0.187686,9.81355,3605
0.204327,10.1867,3606
0.180582,9.81122,3607
0.235592,10.204,3608
0.18023,9.80971,3609
0.232616,10.1904,3610
0.183463,9.81153,3611
0.191687,10.1646,3612
0.168646,9.81499,3613
0.236488,10.1922,3614
0.17767,9.81221,3615
0.183366,10.1943,3616
0.172902,9.8197,3617
0.215496,10.212,3618
0.179558,9.78008,3619
0.213511,10.1881,3620
0.158757,9.80209,3621
0.223976,10.2068,3622
0.179559,9.79656,3623
0.198919,10.1957,3624
0.189254,9.80386,3625
0.22676,10.2039,3626
0.17607,9.79467,3627
0.218471,10.2656,3628
0.175718,9.7507,3629
0.225128,10.1863,3630
0.176102,9.79573,3631
0.231592,10.2029,3632
0.179494,9.80005,3633
0.194919,10.1853,3634
0.173478,9.80725,3635
0.24612,10.232,3636
0.166982,9.77013,3637
0.224391,10.2097,3638
0.184262,9.78923,3639
0.250313,10.2488,3640
0.169318,9.75089,3641
0.225992,10.2242,3642
0.176934,9.7813,3643
0.201031,10.2083,3644
0.184134,9.80939,3645
0.195462,10.192,3646
0.172805,9.78846,3647
0.205191,10.1874,3648
0.165254,9.81557,3649
0.214183,10.2414,3650
0.170277,9.75995,3651
0.225991,10.1972,3652
0.183078,9.79672,3653
0.223272,10.2065,3654
0.181255,9.79733,3655
0.190407,10.1931,3656
0.18391,9.81013,3657
0.232296,10.1867,3658
0.182662,9.80674,3659
0.217703,10.1925,3660
0.19559,9.81186,3661
0.199079,10.1847,3662
0.16823,9.80846,3663
0.22964,10.2058,3664
0.179878,9.80357,3665
0.190279,10.1883,3666
0.184742,9.80482,3667
0.225895,10.1953,3668
0.176038,9.80309,3669
0.223912,10.1986,3670
0.186278,9.80235,3671
0.198502,10.1965,3672
0.194599,9.80053,3673
0.19383,10.1897,3674
0.174822,9.81515,3675
0.243368,10.2092,3676
0.16151,9.79061,3677
0.211239,10.2722,3678
0.173254,9.74132,3679
0.228744,10.1931,3680
0.183974,9.79109,3681
0.229896,10.2115,3682
0.173222,9.79262,3683
0.214151,10.2313,3684
0.175718,9.76443,3685
0.202887,10.2116,3686
0.169733,9.80603,3687
0.19207,10.1484,3688
0.176326,9.85541,3689
0.212519,10.1696,3690
0.167077,9.80792,3691
0.225704,10.205,3692
0.182567,9.79963,3693
0.202151,10.1938,3694
0.167494,9.80833,3695
0.231656,10.1932,3696
0.169382,9.80382,3697
0.216967,10.1869,3698
0.183718,9.81061,3699
0.199591,10.1862,3700
0.157829,9.80987,3701
0.23332,10.1994,3702
0.175334,9.81979,3703
0.2346,10.1972,3704
0.188007,9.79464,3705
0.198407,10.2014,3706
0.173798,9.78824,3707
0.197863,10.2501,3708
0.17639,9.74859,3709
0.221639,10.1979,3710
0.175398,9.82398,3711
0.238824,10.1915,3712
0.162981,9.79333,3713
0.233256,10.2017,3714
0.181798,9.79928,3715
0.226856,10.2005,3716
0.160357,9.80209,3717
0.222696,10.24,3718
0.187463,9.76341,3719
0.233704,10.1938,3720
0.17639,9.79921,3721
0.16903,10.1837,3722
0.173606,9.81058,3723
0.224327,10.2012,3724
0.187494,9.80945,3725
0.223175,10.1983,3726
0.180647,9.81509,3727
0.229864,10.1874,3728
0.188391,9.79105,3729
0.211207,10.1992,3730
0.193414,9.80481,3731
0.199143,10.1918,3732
0.191335,9.80792,3733
0.210599,10.2131,3734
0.182278,9.78779,3735
0.234568,10.2153,3736
0.174086,9.78161,3737
0.215528,10.1813,3738
0.182502,9.83605,3739
0.233544,10.1912,3740
0.18887,9.79099,3741
0.207367,10.18,3742
0.180358,9.84011,3743
0.228616,10.1847,3744
0.18599,9.80005,3745
0.19527,10.1959,3746
0.178886,9.80193,3747
0.23332,10.203,3748
0.172486,9.81022,3749
0.206791,10.1827,3750
0.178182,9.80782,3751
0.22452,10.2035,3752
0.180134,9.80069,3753
0.196743,10.1777,3754
0.174054,9.81192,3755
0.199014,10.1913,3756
0.186214,9.8163,3757
0.246728,10.2005,3758
0.176518,9.79681,3759
0.229192,10.1934,3760
0.185255,9.80709,3761
0.214599,10.1854,3762
0.168102,9.82619,3763
0.202567,10.1679,3764
0.194886,9.8355,3765
0.210983,10.1808,3766
0.17463,9.79502,3767
0.228136,10.2445,3768
0.188327,9.77201,3769
0.208935,10.209,3770
0.173094,9.77854,3771
0.199815,10.194,3772
0.177798,9.80593,3773
0.209192,10.1888,3774
0.177862,9.81054,3775
0.22196,10.1921,3776
0.17591,9.80958,3777
0.198279,10.214,3778
0.178534,9.7907,3779
0.223048,10.2246,3780
0.195878,9.77675,3781
0.201223,10.1784,3782
0.171974,9.81425,3783
0.235208,10.2034,3784
0.16327,9.79134,3785
0.222919,10.273,3786
0.190694,9.73278,3787
0.20263,10.1934,3788
0.162278,9.81217,3789
0.224232,10.2176,3790
0.179014,9.78276,3791
0.233992,10.1942,3792
0.186406,9.82289,3793
0.219303,10.1672,3794
0.172326,9.81598,3795
0.205895,10.1923,3796
0.18183,9.80894,3797
0.243112,10.1793,3798
0.186182,9.82453,3799
0.202215,10.1665,3800
0.165637,9.81973,3801
0.234824,10.1997,3802
0.166789,9.80869,3803
0.200871,10.1883,3804
0.164453,9.8044,3805
0.215079,10.2288,3806
0.177414,9.777,3807
0.225352,10.1987,3808
0.17159,9.80411,3809
0.2338,10.2011,3810
0.16695,9.79163,3811
0.203975,10.2165,3812
0.165926,9.7811,3813
0.221159,10.2102,3814
0.177798,9.79669,3815
0.494449,9.98392,3816
0.177958,10.0238,3817
0.231912,10.1931,3818
0.18263,9.81425,3819
0.198726,10.1985,3820
0.173734,9.78228,3821
0.201767,10.1932,3822
0.17063,9.80331,3823
0.208647,10.1977,3824
0.182374,9.805,3825
0.192678,10.2142,3826
0.173414,9.79237,3827
0.227272,10.2265,3828
0.18375,9.76971,3829
0.203911,10.1855,3830
0.190918,9.81678,3831
0.200422,10.1925,3832
0.182086,9.80347,3833
0.202503,10.1806,3834
0.183879,9.81713,3835
0.227976,10.2149,3836
0.183399,9.79598,3837
0.225032,10.2038,3838
0.174502,9.79512,3839
0.216392,10.192,3840
0.179302,9.81989,3841
0.207239,10.1917,3842
0.17415,9.80555,3843
0.214151,10.1606,3844
0.165125,9.82587,3845
0.206823,10.1922,3846
0.155237,9.80456,3847
0.209831,10.1986,3848
0.182982,9.80184,3849
0.211975,10.1867,3850
0.170726,9.83035,3851
0.198854,10.197,3852
0.159685,9.7899,3853
0.209735,10.1861,3854
0.188071,9.81704,3855
0.215752,10.2612,3856
0.16727,9.74811,3857
0.224903,10.1889,3858
0.189799,9.80542,3859
0.253449,10.2329,3860
0.177926,9.75598,3861
0.204583,10.1955,3862
0.156709,9.80241,3863
0.227208,10.2067,3864
0.190919,9.7923,3865
0.212839,10.2008,3866
0.181287,9.82283,3867
0.235816,10.1777,3868
0.192646,9.82209,3869
0.231879,10.1903,3870
0.173574,9.79121,3871
0.20199,10.2254,3872
0.162373,9.78923,3873
0.223624,10.1958,3874
0.194886,9.78936,3875
0.203623,10.188,3876
0.168133,9.8275,3877
0.240424,10.1867,3878
0.187335,9.79944,3879
0.206183,10.2173,3880
0.18231,9.77848,3881
0.232295,10.2214,3882
0.163781,9.78788,3883
0.224616,10.1877,3884
0.17703,9.80293,3885
0.200551,10.2095,3886
0.170981,9.80782,3887
0.201895,10.1758,3888
0.176038,9.80651,3889
0.248776,10.2028,3890
0.190631,9.80171,3891
0.215688,10.2099,3892
0.157893,9.7939,3893
0.226472,10.1932,3894
0.166789,9.79838,3895
0.213223,10.2328,3896
0.186279,9.77038,3897
0.245129,10.1987,3898
0.176294,9.80641,3899
0.22052,10.213,3900
0.160134,9.77656,3901
0.19703,10.2135,3902
0.174086,9.79732,3903
0.230472,10.2131,3904
0.157669,9.77672,3905
0.193991,10.2051,3906
0.18151,9.80219,3907
0.216391,10.2657,3908
0.163398,9.72811,3909
0.259848,10.2151,3910
0.19271,9.79166,3911
0.208871,10.1982,3912
0.16967,9.79262,3913
0.208519,10.2035,3914
0.165158,9.79611,3915
0.217575,10.2143,3916
0.154373,9.78875,3917
0.219464,10.2457,3918
0.161126,9.75572,3919
0.221576,10.2468,3920
0.18759,9.75441,3921
0.209127,10.1906,3922
0.190118,9.81291,3923
0.240873,10.2277,3924
0.159013,9.76712,3925
0.237928,10.2001,3926
0.163078,9.80705,3927
0.220903,10.2301,3928
0.179494,9.76952,3929
0.219783,10.1873,3930
0.175462,9.80548,3931
0.187878,10.1839,3932
0.165286,9.81236,3933
0.210695,10.1928,3934
0.163206,9.80865,3935
0.202663,10.2083,3936
0.18023,9.80712,3937
0.210151,10.1948,3938
0.164485,9.80872,3939
0.227496,10.1951,3940
0.171974,9.80862,3941
0.210503,10.1958,3942
0.161414,9.79131,3943
0.217703,10.1809,3944
0.177702,9.81947,3945
0.182758,10.1967,3946
0.165606,9.80811,3947
0.224712,10.1907,3948
0.192551,9.79512,3949
0.228872,10.2732,3950
0.179782,9.73092,3951
0.205543,10.1946,3952
0.175878,9.80942,3953
0.254952,10.2053,3954
0.187046,9.79432,3955
0.194855,10.1988,3956
0.188135,9.80174,3957
0.222759,10.1803,3958
0.19047,9.81678,3959
0.234472,10.2069,3960
0.158373,9.7874,3961
0.238408,10.2052,3962
0.161605,9.79598,3963
0.219464,10.2166,3964
0.177574,9.78696,3965
0.194215,10.197,3966
0.182374,9.80366,3967
0.226344,10.194,3968
0.18679,9.80462,3969
0.221543,10.2148,3970
0.187014,9.78561,3971
0.204743,10.1834,3972
0.181831,9.83028,3973
0.209128,10.1996,3974
0.187558,9.80232,3975
0.216103,10.222,3976
0.158821,9.76872,3977
0.22532,10.1945,3978
0.185447,9.79771,3979
0.243112,10.2255,3980
0.170342,9.77342,3981
0.215591,10.2086,3982
0.185479,9.79355,3983
0.254888,10.2097,3984
0.183782,9.78808,3985
0.203719,10.1882,3986
0.16951,9.81694,3987
0.229416,10.2011,3988
0.179238,9.79089,3989
0.228232,10.2187,3990
0.152069,9.78795,3991
0.175014,10.1727,3992
0.177638,9.84472,3993
0.209415,10.163,3994
0.17559,9.81534,3995
0.192006,10.1901,3996
0.184999,9.8139,3997
0.232136,10.1997,3998
0.183302,9.79614,3999
0.199527,10.1846,4000
0.178534,9.81611,4001
0.222376,10.2311,4002
0.160165,9.76718,4003
0.209479,10.1879,4004
0.178566,9.81246,4005
0.204967,10.1947,4006
0.170309,9.80484,4007
0.227016,10.2037,4008
0.184358,9.7962,4009
0.228712,10.2019,4010
0.174534,9.80116,4011
0.17719,10.2198,4012
0.176166,9.79966,4013
0.206023,10.1752,4014
0.176486,9.80273,4015
0.187174,10.1992,4016
0.181542,9.80468,4017
0.234248,10.2011,4018
0.177542,9.81723,4019
0.220679,10.1763,4020
0.170054,9.80264,4021
0.19255,10.1855,4022
0.188903,9.83614,4023
0.222215,10.1803,4024
0.17287,9.80024,4025
0.208679,10.1815,4026
0.154981,9.81899,4027
0.220136,10.2193,4028
0.173286,9.7818,4029
0.23572,10.1971,4030
0.169285,9.80411,4031
0.213096,10.2221,4032
0.165126,9.77508,4033
0.217063,10.2001,4034
0.178086,9.81432,4035
0.181734,10.1917,4036
0.191047,9.80564,4037
0.235592,10.1936,4038
0.181958,9.79982,4039
0.224551,10.1952,4040
0.173734,9.7971,4041
0.223944,10.2362,4042
0.168486,9.76145,4043
0.2162,10.2047,4044
0.174566,9.79979,4045
0.227976,10.1732,4046
0.187591,9.82865,4047
0.22484,10.1999,4048
0.191431,9.80379,4049
0.201927,10.1812,4050
0.158374,9.80772,4051
0.215048,10.2038,4052
0.163045,9.7956,4053
0.218311,10.2014,4054
0.165702,9.80232,4055
0.188839,10.1983,4056
0.177094,9.80577,4057
0.227016,10.2034,4058
0.192711,9.79854,4059
0.231656,10.1993,4060
0.176678,9.80516,4061
0.23956,10.222,4062
0.183079,9.77182,4063
0.217895,10.2706,4064
0.158789,9.72292,4065
0.217735,10.2046,4066
0.174438,9.80161,4067
0.195751,10.1899,4068
0.166341,9.80446,4069
0.227688,10.2074,4070
0.180454,9.80606,4071
0.22228,10.2231,4072
0.171334,9.76935,4073
0.221479,10.2324,4074
0.193095,9.77035,4075
0.217672,10.1962,4076
0.172454,9.80369,4077
0.195591,10.1881,4078
0.174886,9.81521,4079
0.238248,10.1957,4080
0.168229,9.79844,4081
0.205735,10.1994,4082
0.165509,9.8138,4083
0.220584,10.2194,4084
0.182854,9.76955,4085
0.219367,10.2003,4086
0.177574,9.7995,4087
0.208871,10.1815,4088
0.17959,9.83454,4089
0.217383,10.1897,4090
0.182022,9.79063,4091
0.219719,10.1964,4092
0.16455,9.80129,4093
0.218183,10.194,4094
0.178694,9.80849,4095
0.193127,10.2053,4096
0.178822,9.79575,4097
0.103843,9.96997,4098
0.206279,10.2253,4099
0.198726,9.79089,4100
0.184807,10.0117,4101
0.228392,10.229,4102
0.159493,9.76727,4103
0.207271,10.2156,4104
0.175526,9.78948,4105
0.227271,10.1765,4106
0.177862,9.81918,4107
0.24564,10.2011,4108
0.182374,9.79998,4109
0.217416,10.2009,4110
0.166053,9.79979,4111
0.23028,10.2006,4112
0.162182,9.79863,4113
0.218248,10.2336,4114
0.190919,9.77796,4115
0.191142,10.191,4116
0.172134,9.8002,4117
0.22516,10.2243,4118
0.179686,9.78609,4119
0.205639,10.185,4120
0.179591,9.80555,4121
0.213959,10.2192,4122
0.170726,9.78116,4123
0.170501,10.1276,4124
0.18679,9.87339,4125
0.228616,10.2242,4126
0.171142,9.77707,4127
0.217703,10.1999,4128
0.173894,9.79524,4129
0.225831,10.2026,4130
0.184614,9.80203,4131
0.220551,10.216,4132
0.164486,9.77838,4133
0.231495,10.2037,4134
0.185094,9.80151,4135
0.206567,10.1852,4136
0.172518,9.8107,4137
0.217767,10.1839,4138
0.157829,9.81233,4139
0.220136,10.2114,4140
0.189767,9.79163,4141
0.2194,10.2267,4142
0.160709,9.77236,4143
0.201255,10.2122,4144
0.178534,9.79019,4145
0.225095,10.2043,4146
0.17607,9.80798,4147
0.211207,10.2251,4148
0.181446,9.76763,4149
0.205479,10.2082,4150
0.171622,9.78779,4151
0.201959,10.1846,4152
0.167974,9.81111,4153
0.220231,10.2063,4154
0.180006,9.79844,4155
0.19543,10.1888,4156
0.172934,9.80916,4157
0.226152,10.2011,4158
0.173926,9.79694,4159
0.221127,10.2333,4160
0.175205,9.77239,4161
0.215943,10.1995,4162
0.158373,9.79108,4163
0.210471,10.2037,4164
0.163046,9.79751,4165
0.213384,10.175,4166
0.160933,9.8268,4167
0.23972,10.2016,4168
0.179654,9.79995,4169
0.212391,10.2062,4170
0.179366,9.79291,4171
0.246792,10.2274,4172
0.157797,9.77575,4173
0.239881,10.1986,4174
0.174342,9.80072,4175
0.200327,10.1811,4176
0.159398,9.81601,4177
0.212743,10.2049,4178
0.176294,9.80455,4179
0.218439,10.2236,4180
0.164198,9.76862,4181
0.236616,10.2326,4182
0.163045,9.76404,4183
0.218311,10.2065,4184
0.186886,9.80724,4185
0.216743,10.1803,4186
0.17543,9.81595,4187
0.160933,9.98827,4188
0.194311,10.0053,4189
0.215399,10.1967,4190
0.18935,9.801,4191
0.222343,10.2024,4192
0.184647,9.80177,4193
0.213703,10.1949,4194
0.186438,9.80254,4195
0.181158,10.238,4196
0.169798,9.77335,4197
0.217863,10.1948,4198
0.182854,9.79524,4199
0.211559,10.188,4200
0.181926,9.81793,4201
0.221447,10.2608,4202
0.193222,9.75294,4203
0.217063,10.1811,4204
0.185318,9.80382,4205
0.188934,10.1948,4206
0.184454,9.80212,4207
0.243976,10.2018,4208
0.161733,9.79534,4209
0.235816,10.271,4210
0.184775,9.737,4211
0.236392,10.1952,4212
0.183846,9.81249,4213
0.235944,10.2005,4214
0.184007,9.78814,4215
0.238761,10.2049,4216
0.178918,9.80366,4217
0.204454,10.1824,4218
0.184166,9.80583,4219
0.188102,10.1902,4220
0.162469,9.80574,4221
0.209351,10.2076,4222
0.159206,9.79364,4223
0.217703,10.2101,4224
0.184294,9.80587,4225
0.202855,10.1687,4226
0.166982,9.81559,4227
0.222248,10.1998,4228
0.163877,9.79892,4229
0.229288,10.2084,4230
0.168518,9.7914,4231
0.225575,10.2091,4232
0.157861,9.79108,4233
0.225575,10.2023,4234
0.176805,9.80174,4235
0.196327,10.1874,4236
0.162341,9.81009,4237
0.209351,10.1983,4238
0.177222,9.80218,4239
0.218151,10.2082,4240
0.176614,9.80183,4241
0.203879,10.1918,4242
0.168262,9.79431,4243
0.204839,10.192,4244
0.160229,9.80711,4245
0.193222,10.2187,4246
0.16503,9.79729,4247
0.204295,10.1795,4248
0.166374,9.80881,4249
0.224903,10.1909,4250
0.177542,9.81227,4251
0.205862,10.1942,4252
0.169126,9.80887,4253
0.238664,10.2061,4254
0.17751,9.79614,4255
0.236488,10.1992,4256
0.177734,9.79719,4257
0.2258,10.1892,4258
0.154949,9.80667,4259
0.206823,10.182,4260
0.181222,9.82888,4261
0.233384,10.1909,4262
0.180742,9.80225,4263
0.217671,10.2046,4264
0.16535,9.78948,4265
0.223463,10.2062,4266
0.171814,9.80043,4267
0.266217,10.1943,4268
0.184006,9.81393,4269
0.211751,10.2155,4270
0.189799,9.77707,4271
0.227336,10.2041,4272
0.180102,9.79131,4273
0.213319,10.1866,4274
0.178278,9.813,4275
0.218024,10.2053,4276
0.188582,9.80619,4277
0.258472,10.2203,4278
0.183654,9.7746,4279
0.212487,10.2602,4280
0.183942,9.7507,4281
0.212295,10.1712,4282
0.189639,9.82049,4283
0.209799,10.1898,4284
0.175237,9.79905,4285
0.222343,10.2082,4286
0.186918,9.79594,4287
0.217191,10.1954,4288
0.177766,9.80481,4289
0.205127,10.1849,4290
0.181382,9.81252,4291
0.214471,10.202,4292
0.16311,9.79102,4293
0.221479,10.2425,4294
0.179238,9.76301,4295
0.191943,10.2012,4296
0.176134,9.80097,4297
0.216999,10.2298,4298
0.170885,9.77345,4299
0.197895,10.1836,4300
0.170534,9.82298,4301
0.204359,10.1812,4302
0.160614,9.80622,4303
0.215463,10.2081,4304
0.162341,9.79188,4305
0.181062,10.2232,4306
0.181414,9.77815,4307
0.205031,10.1857,4308
0.16359,9.81194,4309
0.219336,10.2023,4310
0.174662,9.79966,4311
0.210663,10.1849,4312
0.171174,9.81726,4313
0.203431,10.1907,4314
0.164453,9.80369,4315
0.196583,10.2075,4316
0.177542,9.80535,4317
0.229319,10.2027,4318
0.177926,9.79054,4319
0.203879,10.1971,4320
0.180966,9.80433,4321
0.187366,10.1743,4322
0.17271,9.82244,4323
0.211336,10.2124,4324
0.178822,9.78503,4325
0.437262,9.99294,4326
0.17175,10.0181,4327
0.231528,10.1965,4328
0.174758,9.79777,4329
0.21252,10.1884,4330
0.170278,9.80577,4331
0.201863,10.1884,4332
0.164293,9.81271,4333
0.229704,10.2016,4334
0.17415,9.80228,4335
0.209255,10.2303,4336
0.171238,9.77108,4337
0.211495,10.2291,4338
0.179014,9.76871,4339
0.217639,10.2074,4340
0.164198,9.79742,4341
0.208327,10.197,4342
0.180742,9.81908,4343
0.213191,10.1888,4344
0.151749,9.79086,4345
0.228904,10.1993,4346
0.187014,9.79822,4347
0.204871,10.2497,4348
0.188295,9.75396,4349
0.197799,10.1847,4350
0.170278,9.81038,4351
0.206279,10.1887,4352
0.189927,9.81166,4353
0.204711,10.1892,4354
0.164709,9.809,4355
0.227112,10.2091,4356
0.175302,9.79665,4357
0.229607,10.2015,4358
0.17271,9.79694,4359
0.221224,10.2022,4360
0.172069,9.79652,4361
0.207335,10.2057,4362
0.172454,9.79758,4363
0.227463,10.2072,4364
0.162085,9.78375,4365
0.223207,10.2667,4366
0.184486,9.74449,4367
0.198567,10.1846,4368
0.170982,9.81022,4369
0.198471,10.186,4370
0.180614,9.81886,4371
0.238376,10.2465,4372
0.179558,9.75825,4373
0.197574,10.1859,4374
0.176806,9.80734,4375
0.22724,10.1928,4376
0.166054,9.80167,4377
0.238568,10.1922,4378
0.183718,9.81086,4379
0.222887,10.2054,4380
0.183399,9.80094,4381
0.220487,10.218,4382
0.178982,9.7954,4383
0.220295,10.182,4384
0.186598,9.80958,4385
0.188774,10.1877,4386
0.174566,9.80503,4387
0.245033,10.2146,4388
0.155237,9.7858,4389
0.221224,10.2208,4390
0.178342,9.79671,4391
0.222727,10.1648,4392
0.172742,9.8202,4393
0.212327,10.1971,4394
0.166534,9.79857,4395
0.204615,10.1906,4396
0.181574,9.81076,4397
0.18071,10.2078,4398
0.182311,9.79217,4399
0.193702,10.2051,4400
0.171942,9.79767,4401
0.195431,10.1791,4402
0.171621,9.81658,4403
0.193095,10.1897,4404
0.157861,9.80698,4405
0.186598,10.1991,4406
0.174438,9.81287,4407
0.221895,10.1947,4408
0.182182,9.8067,4409
0.227464,10.1931,4410
0.169414,9.80084,4411
0.246889,10.2353,4412
0.180102,9.77226,4413
0.208839,10.1791,4414
0.170246,9.8098,4415
0.177158,10.191,4416
0.180358,9.81268,4417
0.219847,10.2282,4418
0.168934,9.78705,4419
0.214023,10.1767,4420
0.181958,9.80452,4421
0.2418,10.2129,4422
0.175717,9.78698,4423
0.187046,10.2215,4424
0.18103,9.77821,4425
0.205959,10.1761,4426
0.180518,9.82954,4427
0.208423,10.1934,4428
0.167334,9.79706,4429
0.205575,10.1941,4430
0.154245,9.81662,4431
0.22644,10.1977,4432
0.183431,9.79492,4433
0.208487,10.22,4434
0.18199,9.79991,4435
0.224616,10.1914,4436
0.185318,9.79447,4437
0.220295,10.2025,4438
0.16711,9.78785,4439
0.229672,10.2045,4440
0.17367,9.80439,4441
0.229992,10.2002,4442
0.15671,9.79268,4443
0.217768,10.1976,4444
0.181671,9.81812,4445
0.202631,10.1856,4446
0.172358,9.80593,4447
0.237224,10.2274,4448
0.18279,9.77335,4449
0.225672,10.1999,4450
0.170182,9.79742,4451
0.229928,10.2076,4452
0.171941,9.79553,4453
0.206567,10.1827,4454
0.180838,9.83172,4455
0.203335,10.1772,4456
0.172997,9.80474,4457
0.200583,10.1846,4458
0.169925,9.83265,4459
0.216359,10.2115,4460
0.166949,9.76922,4461
0.213223,10.2282,4462
0.165062,9.76599,4463
0.235432,10.2476,4464
0.146789,9.76004,4465
0.18039,10.1978,4466
0.182918,9.80625,4467
0.225767,10.197,4468
0.183782,9.79991,4469
0.229992,10.1986,4470
0.18135,9.80567,4471
0.217095,10.2246,4472
0.174406,9.76705,4473
0.19399,10.2187,4474
0.154661,9.77953,4475
0.207719,10.2463,4476
0.168774,9.75748,4477
0.186822,10.2126,4478
0.164645,9.78042,4479
0.209095,10.2277,4480
0.169093,9.78036,4481
0.226919,10.1954,4482
0.180774,9.81201,4483
0.205063,10.1882,4484
0.178182,9.80282,4485
0.174214,10.1786,4486
0.173413,9.83233,4487
0.198919,10.1762,4488
0.178982,9.81114,4489
0.205126,10.1934,4490
0.175557,9.8066,4491
0.221447,10.1887,4492
0.17975,9.81485,4493
0.175142,10.2515,4494
0.172518,9.75629,4495
0.179238,10.1781,4496
0.153381,9.82682,4497
0.220487,10.1762,4498
0.171878,9.80881,4499
0.238568,10.2247,4500
0.18167,9.78247,4501
0.225415,10.1952,4502
0.176582,9.79709,4503
0.226696,10.199,4504
0.175302,9.80116,4505
0.194118,10.1991,4506
0.187238,9.81857,4507
0.225255,10.1895,4508
0.184742,9.80554,4509
0.230216,10.222,4510
0.172806,9.76554,4511
0.231592,10.2659,4512
0.177958,9.75332,4513
0.204711,10.1704,4514
0.150373,9.80861,4515
0.182662,10.1998,4516
0.170278,9.80574,4517
0.221799,10.1957,4518
0.153317,9.79841,4519
0.234632,10.2011,4520
0.176134,9.80353,4521
0.216519,10.1991,4522
0.173317,9.79719,4523
0.192967,10.1893,4524
0.158598,9.81485,4525
0.186086,10.1844,4526
0.178534,9.82058,4527
0.22388,10.2286,4528
0.177478,9.7746,4529
0.212199,10.19,4530
0.161733,9.79572,4531
0.241,10.1994,4532
0.185286,9.80129,4533
0.203046,10.1986,4534
0.162374,9.80692,4535
0.227112,10.2002,4536
0.173286,9.79748,4537
0.211495,10.1807,4538
0.157829,9.81572,4539
0.203815,10.1905,4540
0.15575,9.81921,4541
0.20551,10.2311,4542
0.17159,9.76218,4543
0.195814,10.1897,4544
0.186214,9.81146,4545
0.204423,10.1863,4546
0.177734,9.81201,4547
0.202279,10.2397,4548
0.156517,9.75681,4549
0.227367,10.2066,4550
0.180166,9.79821,4551
0.204455,10.1841,4552
0.174566,9.81223,4553
0.208871,10.1957,4554
0.153221,9.82353,4555
0.217256,10.2072,4556
0.179942,9.77796,4557
0.216871,10.1897,4558
0.165798,9.81562,4559
0.23572,10.2079,4560
0.177478,9.78887,4561
0.211463,10.1899,4562
0.18391,9.80282,4563
0.194886,10.1905,4564
0.173573,9.80657,4565
0.220455,10.2034,4566
0.179718,9.8137,4567
0.241992,10.1962,4568
0.168966,9.8001,4569
0.230728,10.1927,4570
0.182694,9.81245,4571
0.223239,10.1974,4572
0.183302,9.80119,4573
0.216487,10.1855,4574
0.171557,9.82334,4575
0.232584,10.1896,4576
0.183622,9.80861,4577
0.223943,10.1828,4578
0.161318,9.79882,4579
0.231176,10.2068,4580
0.173574,9.8089,4581
0.213255,10.1943,4582
0.180326,9.79575,4583
0.199303,10.2241,4584
0.162181,9.78625,4585
0.217863,10.2091,4586
0.183046,9.77719,4587
0.199975,10.21,4588
0.169125,9.79716,4589
0.2274,10.2478,4590
0.18039,9.76391,4591
0.206983,10.173,4592
0.17479,9.8106,4593
0.191495,10.2453,4594
0.186438,9.75831,4595
0.217319,10.1811,4596
0.18247,9.82954,4597
0.210919,10.1734,4598
0.164774,9.82465,4599
0.192198,10.1629,4600
0.18231,9.82314,4601
0.24084,10.2348,4602
0.173478,9.76653,4603
0.222375,10.1885,4604
0.175814,9.82455,4605
0.245833,10.1769,4606
0.17847,9.80852,4607
0.19719,10.1857,4608
0.158277,9.80858,4609
0.199687,10.2034,4610
0.158341,9.81485,4611
0.214183,10.1834,4612
0.184358,9.82164,4613
0.193735,10.1821,4614
0.17191,9.79409,4615
0.196198,10.2049,4616
0.174214,9.809,4617
0.234472,10.1931,4618
0.187238,9.79604,4619
0.212039,10.225,4620
0.185126,9.77319,4621
0.212103,10.1912,4622
0.183942,9.81175,4623
0.200647,10.1874,4624
0.17463,9.81345,4625
0.19319,10.2056,4626
0.19207,9.79549,4627
0.22356,10.2096,4628
0.180102,9.78612,4629
0.213127,10.2021,4630
0.15895,9.80388,4631
0.231848,10.1923,4632
0.17543,9.80506,4633
0.201479,10.184,4634
0.162501,9.81018,4635
0.190087,10.1983,4636
0.189446,9.81351,4637
0.22756,10.1925,4638
0.165285,9.81662,4639
0.242888,10.2254,4640
0.187399,9.77872,4641
0.245256,10.1868,4642
0.179782,9.81172,4643
0.19799,10.199,4644
0.160453,9.77809,4645
0.241608,10.221,4646
0.176038,9.80173,4647
0.221735,10.1889,4648
0.18279,9.81287,4649
0.221415,10.2294,4650
0.181638,9.75028,4651
0.236456,10.2011,4652
0.188166,9.79876,4653
0.195494,10.1951,4654
0.182598,9.80509,4655
0.225416,10.2341,4656
0.175718,9.76775,4657
0.215591,10.1844,4658
0.177638,9.81559,4659
0.224807,10.1982,4660
0.174341,9.80967,4661
0.210055,10.2534,4662
0.18599,9.74023,4663
0.202471,10.1958,4664
0.178054,9.81572,4665
0.199335,10.1745,4666
0.165829,9.81559,4667
0.203367,10.1848,4668
0.170918,9.80845,4669
0.24644,10.2035,4670
0.188326,9.80874,4671
0.22916,10.201,4672
0.182502,9.78996,4673
0.215111,10.1865,4674
0.180134,9.82369,4675
0.244296,10.1918,4676
0.169798,9.80212,4677
0.213479,10.1955,4678
0.168774,9.79607,4679
0.218375,10.222,4680
0.166309,9.77568,4681
0.193158,10.2194,4682
0.183366,9.78215,4683
0.201671,10.1885,4684
0.158469,9.81009,4685
0.178726,10.1862,4686
0.170758,9.81866,4687
0.246824,10.249,4688
0.18791,9.7593,4689
0.17735,10.1818,4690
0.172518,9.82404,4691
0.171686,10.1753,4692
0.178598,9.80877,4693
0.209831,10.1864,4694
0.163653,9.81101,4695
0.185254,10.2219,4696
0.185254,9.78573,4697
0.226664,10.2472,4698
0.179846,9.74941,4699
0.204487,10.1988,4700
0.169446,9.80061,4701
0.217383,10.2327,4702
0.167397,9.76592,4703
0.205543,10.1913,4704
0.175974,9.81079,4705
0.41067,10.1301,4706
0.18279,9.86919,4707
0.198407,10.1836,4708
0.172454,9.81709,4709
0.222952,10.2149,4710
0.171206,9.78212,4711
0.213031,10.2337,4712
0.155237,9.76464,4713
0.194726,10.2246,4714
0.178373,9.79943,4715
0.218855,10.1583,4716
0.178181,9.8201,4717
0.214983,10.2106,4718
0.168262,9.79082,4719
0.220008,10.2021,4720
0.170438,9.79828,4721
0.204455,10.1995,4722
0.170853,9.79559,4723
0.180486,10.1912,4724
0.165638,9.80983,4725
0.204551,10.1964,4726
0.17591,9.80445,4727
0.198918,10.1896,4728
0.158149,9.80906,4729
0.209831,10.2025,4730
0.176229,9.80183,4731
0.200071,10.1783,4732
0.182214,9.8202,4733
0.206567,10.199,4734
0.160197,9.7962,4735
0.411694,9.997,4736
0.169541,10.0092,4737
0.212327,10.1969,4738
0.17207,9.80036,4739
0.23396,10.2446,4740
0.170982,9.75997,4741
0.191622,10.1839,4742
0.162213,9.81079,4743
0.214055,10.2223,4744
0.157638,9.77623,4745
0.221704,10.2318,4746
0.185222,9.78442,4747
0.226376,10.186,4748
0.174886,9.80077,4749
0.214759,10.2044,4750
0.184838,9.80996,4751
0.23588,10.1948,4752
0.18215,9.79572,4753
0.214311,10.1895,4754
0.177958,9.80941,4755
0.207687,10.1945,4756
0.182214,9.80442,4757
0.223016,10.2152,4758
0.184422,9.78813,4759
0.225223,10.1935,4760
0.169158,9.79869,4761
0.190214,10.1933,4762
0.169958,9.80912,4763
0.209479,10.1994,4764
0.174982,9.80106,4765
0.183206,10.1998,4766
0.179078,9.8042,4767
0.217895,10.2001,4768
0.167334,9.79968,4769
0.22484,10.2293,4770
0.166981,9.76749,4771
0.217543,10.1901,4772
0.179365,9.80839,4773
0.226535,10.1997,4774
0.182438,9.80141,4775
0.180454,10.1857,4776
0.162821,9.8105,4777
0.235048,10.2132,4778
0.177766,9.79389,4779
0.20391,10.1914,4780
0.163526,9.80032,4781
0.232231,10.216,4782
0.18183,9.79348,4783
0.198438,10.2078,4784
0.16487,9.80442,4785
0.196423,10.1944,4786
0.18599,9.79552,4787
0.207879,10.1828,4788
0.189735,9.81162,4789
0.214247,10.1933,4790
0.185862,9.80506,4791
0.230024,10.2072,4792
0.171941,9.79357,4793
0.212391,10.1974,4794
0.178758,9.81885,4795
0.188039,10.2104,4796
0.165798,9.76976,4797
0.192198,10.1896,4798
0.183814,9.82221,4799
0.232968,10.1952,4800
0.177158,9.81591,4801
0.200422,10.172,4802
0.180742,9.82951,4803
0.195975,10.1701,4804
0.180165,9.81508,4805
0.210279,10.1759,4806
0.18375,9.83908,4807
0.223623,10.2094,4808
0.172518,9.77155,4809
0.262665,10.2006,4810
0.188294,9.80058,4811
0.224295,10.2096,4812
0.182118,9.7897,4813
0.211815,10.2255,4814
0.166406,9.76765,4815
0.221832,10.2096,4816
0.183238,9.79981,4817
0.231144,10.1999,4818
0.18279,9.79476,4819
0.237256,10.2389,4820
0.175846,9.75949,4821
0.222408,10.1989,4822
0.178182,9.80176,4823
0.231848,10.205,4824
0.163013,9.79869,4825
0.194246,10.193,4826
0.159205,9.80288,4827
0.239784,10.2323,4828
0.186662,9.77332,4829
0.248296,10.202,4830
0.178822,9.80093,4831
0.216648,10.197,4832
0.179942,9.80109,4833
0.215559,10.1969,4834
0.177062,9.79556,4835
0.240168,10.2417,4836
0.167174,9.75741,4837
0.224103,10.2795,4838
0.184486,9.72237,4839
0.218823,10.2238,4840
0.176294,9.78563,4841
0.240968,10.1983,4842
0.178342,9.79559,4843
0.203143,10.1854,4844
0.170438,9.80781,4845
0.198823,10.1954,4846
0.160838,9.80564,4847
0.219399,10.2107,4848
0.16471,9.79229,4849
0.196454,10.1897,4850
0.187686,9.81437,4851
0.202727,10.18,4852
0.178213,9.81543,4853
0.220103,10.2025,4854
0.182695,9.801,4855
0.199623,10.1897,4856
0.166598,9.80612,4857
0.242312,10.2136,4858
0.187014,9.79133,4859
0.233928,10.1997,4860
0.191558,9.80871,4861
0.228007,10.1894,4862
0.181574,9.79811,4863
0.232904,10.2147,4864
0.18039,9.78304,4865
0.212935,10.2015,4866
0.180134,9.80615,4867
0.208935,10.1848,4868
0.160709,9.80695,4869
0.182982,10.217,4870
0.18791,9.78999,4871
0.226791,10.2032,4872
0.179174,9.81562,4873
0.226151,10.2538,4874
0.178278,9.73175,4875
0.208967,10.1856,4876
0.17319,9.80976,4877
0.227464,10.2343,4878
0.178662,9.76685,4879
0.242344,10.2022,4880
0.165542,9.79024,4881
0.220775,10.2421,4882
0.183334,9.76909,4883
0.220296,10.1972,4884
0.168645,9.79351,4885
0.187142,10.2075,4886
0.186406,9.79847,4887
0.22644,10.1904,4888
0.18023,9.80435,4889
0.223432,10.204,4890
0.180486,9.79741,4891
0.233672,10.2707,4892
0.179686,9.72935,4893
0.214951,10.203,4894
0.172741,9.7928,4895
0.192966,10.2056,4896
0.179462,9.79562,4897
0.182246,10.2362,4898
0.168614,9.76582,4899
0.22788,10.2262,4900
0.185318,9.7721,4901
0.205831,10.1885,4902
0.168358,9.82311,4903
0.222087,10.2227,4904
0.183334,9.76851,4905
0.220296,10.1876,4906
0.182566,9.81021,4907
0.214695,10.2128,4908
0.15639,9.78573,4909
0.216039,10.2069,4910
0.18327,9.79472,4911
0.248009,10.2061,4912
0.182758,9.79428,4913
0.244712,10.2094,4914
0.161541,9.78765,4915
0.184454,10.2123,4916
0.17655,9.79197,4917
0.216871,10.2001,4918
0.164741,9.80506,4919
0.232456,10.19,4920
0.188615,9.8072,4921
0.223912,10.1989,4922
0.181702,9.80163,4923
0.228648,10.1937,4924
0.18455,9.81485,4925
0.198951,10.1896,4926
0.187206,9.79952,4927
0.227175,10.2033,4928
0.170309,9.79348,4929
0.228487,10.2129,4930
0.163366,9.78611,4931
0.216936,10.2022,4932
0.180518,9.7986,4933
0.207527,10.1911,4934
0.183366,9.81603,4935
0.215207,10.1845,4936
0.179142,9.8178,4937
0.213415,10.2046,4938
0.159525,9.78301,4939
0.223655,10.2438,4940
0.170278,9.75837,4941
0.201574,10.2047,4942
0.167622,9.79453,4943
0.200198,10.1911,4944
0.175558,9.80871,4945
0.211463,10.2331,4946
0.179558,9.76931,4947
0.227336,10.2038,4948
0.183174,9.80928,4949
0.204423,10.2108,4950
0.180966,9.78631,4951
0.215687,10.1811,4952
0.158886,9.80938,4953
0.225832,10.1971,4954
0.179654,9.80564,4955
0.199975,10.1939,4956
0.183046,9.82631,4957
0.220711,10.1639,4958
0.179973,9.83578,4959
0.420558,9.97018,4960
0.170757,10.0118,4961
0.229256,10.2056,4962
0.19063,9.79575,4963
0.19527,10.2116,4964
0.191686,9.78992,4965
0.215047,10.1843,4966
0.180358,9.81091,4967
0.233384,10.2023,4968
0.193798,9.79645,4969
0.214791,10.1925,4970
0.181318,9.80743,4971
0.191207,10.1904,4972
0.169222,9.8018,4973
0.228679,10.214,4974
0.16119,9.79335,4975
0.203175,10.2216,4976
0.18327,9.77904,4977
0.218215,10.2016,4978
0.187526,9.79789,4979
0.216584,10.212,4980
0.162438,9.80461,4981
0.215495,10.1862,4982
0.163621,9.79594,4983
0.234215,10.2053,4984
0.161029,9.79808,4985
0.247752,10.2167,4986
0.176262,9.78387,4987
0.216007,10.214,4988
0.180582,9.78262,4989
0.21015,10.2167,4990
0.163973,9.77952,4991
0.222695,10.2068,4992
0.180134,9.81075,4993
0.226695,10.1917,4994
0.184518,9.79747,4995
0.20743,10.1963,4996
0.184774,9.8033,4997
0.230215,10.2701,4998
0.184966,9.72867,4999
0.224551,10.2209,5000
0.181414,9.78922,5001
0.204359,10.2437,5002
0.173382,9.75162,5003
0.215879,10.2282,5004
0.17639,9.76451,5005
0.213575,10.1947,5006
0.177445,9.82765,5007
0.222823,10.1835,5008
0.179654,9.79853,5009
0.226855,10.2031,5010
0.174789,9.79418,5011
0.199303,10.1828,5012
0.177798,9.81581,5013
0.203623,10.1885,5014
0.155685,9.81274,5015
0.223911,10.21,5016
0.179334,9.79322,5017
0.201478,10.2078,5018
0.160453,9.78378,5019
0.209639,10.2411,5020
0.174662,9.76256,5021
0.204454,10.1913,5022
0.177478,9.81165,5023
0.213223,10.195,5024
0.160709,9.79856,5025
0.225288,11.3513,5026
0.18023,8.65414,5027
0.194855,10.1878,5028
0.172325,9.81738,5029
0.195463,10.1861,5030
0.157189,9.80352,5031
0.221671,10.225,5032
0.177414,9.77847,5033
0.213415,10.2577,5034
0.180454,9.76,5035
0.228008,10.2135,5036
0.177094,9.76902,5037
0.202502,10.1925,5038
0.174598,9.80912,5039
0.236296,10.2036,5040
0.174886,9.79984,5041
0.245992,10.2028,5042
0.169349,9.79463,5043
0.202567,10.1942,5044
0.17623,9.80471,5045
0.221671,10.192,5046
0.16199,9.80624,5047
0.238696,10.2269,5048
0.171046,9.77251,5049
0.247785,10.2116,5050
0.179141,9.80484,5051
0.203462,10.2036,5052
0.163333,9.7769,5053
0.230823,10.1695,5054
0.175686,9.83648,5055
0.212295,10.2205,5056
0.162405,9.77584,5057
0.245064,10.2373,5058
0.17975,9.77552,5059
0.223463,10.1929,5060
0.181574,9.7952,5061
0.226759,10.2354,5062
0.16231,9.76608,5063
0.218407,10.2767,5064
0.180294,9.72483,5065
0.192519,10.2047,5066
0.182502,9.79223,5067
0.216839,10.2079,5068
0.18583,9.80029,5069
0.244648,10.1962,5070
0.174918,9.79834,5071
0.232008,10.2375,5072
0.180838,9.76247,5073
0.208711,10.192,5074
0.167141,9.81517,5075
0.244808,10.2016,5076
0.165926,9.78624,5077
0.216903,10.2437,5078
0.173414,9.7625,5079
0.185414,10.1818,5080
0.176006,9.83434,5081
0.207207,10.2156,5082
0.185382,9.77427,5083
0.221095,10.1835,5084
0.188038,9.80669,5085
0.213223,10.2201,5086
0.164742,9.79866,5087
0.226311,10.1853,5088
0.186246,9.79706,5089
0.200551,10.1905,5090
0.182598,9.81053,5091
0.233959,10.2035,5092
0.179302,9.79734,5093
0.172102,10.0708,5094
0.176966,9.92474,5095
0.236327,10.2089,5096
0.178662,9.79741,5097
0.217575,10.2169,5098
0.176166,9.7817,5099
0.227528,10.199,5100
0.191398,9.81907,5101
0.207687,10.1664,5102
0.16967,9.81319,5103
0.225447,10.2238,5104
0.183942,9.77936,5105
0.20151,10.192,5106
0.185894,9.80515,5107
0.215591,10.2346,5108
0.184934,9.76259,5109
0.231144,10.2087,5110
0.169701,9.7905,5111
0.226791,10.2044,5112
0.172453,9.79872,5113
0.234919,10.2307,5114
0.184902,9.77802,5115
0.221127,10.1907,5116
0.185478,9.804,5117
0.213767,10.2035,5118
0.169509,9.8057,5119
0.261576,10.2237,5120
0.178213,9.76938,5121
0.243624,10.1966,5122
0.175173,9.80829,5123
0.232616,10.2195,5124
0.160165,9.76563,5125
0.188582,10.1887,5126
0.174566,9.81546,5127
0.195206,10.1852,5128
0.171142,9.81008,5129
0.243016,10.194,5130
0.159173,9.80928,5131
0.2434,10.2042,5132
0.177062,9.79722,5133
0.212231,10.2338,5134
0.180774,9.76528,5135
0.197159,10.2151,5136
0.168741,9.78199,5137
0.225799,10.2675,5138
0.177062,9.7455,5139
0.192551,10.1797,5140
0.166437,9.81415,5141
0.18887,10.1973,5142
0.192806,9.80246,5143
0.233928,10.2324,5144
0.168837,9.76403,5145
0.228808,10.2545,5146
0.173733,9.7465,5147
0.220935,10.2473,5148
0.168869,9.75779,5149
0.23508,10.2239,5150
0.176389,9.77331,5151
0.222728,10.1967,5152
0.185062,9.80173,5153
0.206023,10.1908,5154
0.191558,9.83123,5155
0.218568,10.1793,5156
0.179878,9.79923,5157
0.227496,10.1978,5158
0.181542,9.80426,5159
0.2202,10.2007,5160
0.180006,9.79859,5161
0.218727,10.1992,5162
0.17719,9.80147,5163
0.224584,10.2336,5164
0.183462,9.76365,5165
0.208743,10.1919,5166
0.15415,9.82525,5167
0.248808,10.1896,5168
0.180998,9.79991,5169
0.199495,10.1796,5170
0.179014,9.81399,5171
0.240488,10.2039,5172
0.173413,9.79936,5173
0.237448,10.1991,5174
0.19111,9.79888,5175
0.173414,10.188,5176
0.185894,9.81066,5177
0.236168,10.2364,5178
0.18279,9.77158,5179
0.233063,10.1947,5180
0.170181,9.80061,5181
0.238567,10.2316,5182
0.187846,9.76381,5183
0.216808,10.2326,5184
0.176774,9.7688,5185
0.206118,10.2177,5186
0.173382,9.78243,5187
0.253096,10.2286,5188
0.179238,9.77769,5189
0.239847,10.2079,5190
0.179782,9.80746,5191
0.222728,10.1865,5192
0.182758,9.79101,5193
0.22564,10.2104,5194
0.175621,9.80451,5195
0.199654,10.1774,5196
0.165734,9.81018,5197
0.22788,10.2015,5198
0.18231,9.79542,5199
0.220103,10.1994,5200
0.174278,9.80048,5201
0.194598,10.1898,5202
0.174246,9.81629,5203
0.236008,10.191,5204
0.17703,9.82522,5205
0.203782,10.1692,5206
0.175334,9.80813,5207
0.198918,10.1902,5208
0.172966,9.8105,5209
0.203686,10.2202,5210
0.164069,9.77737,5211
0.210087,10.2006,5212
0.167045,9.7985,5213
0.226664,10.2161,5214
0.191174,9.78819,5215
0.211398,10.182,5216
0.162949,9.83472,5217
0.230024,10.181,5218
0.165509,9.80205,5219
0.213831,10.1917,5220
0.179494,9.80739,5221
0.212999,10.1964,5222
0.181542,9.80435,5223
0.228232,10.2367,5224
0.172997,9.78435,5225
0.210023,10.1705,5226
0.182406,9.82912,5227
0.222087,10.182,5228
0.176645,9.81875,5229
0.234536,10.1922,5230
0.180966,9.7879,5231
0.206311,10.256,5232
0.154725,9.73949,5233
0.226151,10.1991,5234
0.184678,9.8073,5235
0.205222,10.1873,5236
0.18487,9.81536,5237
0.232232,10.2022,5238
0.185574,9.7944,5239
0.222407,10.2305,5240
0.18391,9.77757,5241
0.217543,10.1785,5242
0.18439,9.81059,5243
0.218887,10.2056,5244
0.181094,9.80074,5245
0.19175,10.1819,5246
0.183046,9.8167,5247
0.245128,10.229,5248
0.170341,9.76406,5249
0.208071,10.1959,5250
0.182214,9.8089,5251
0.204006,10.1834,5252
0.170821,9.81011,5253
0.219303,10.2015,5254
0.173766,9.80211,5255
0.188678,10.1884,5256
0.149829,9.80902,5257
0.206439,10.2031,5258
0.169861,9.79526,5259
0.207143,10.2293,5260
0.175302,9.77872,5261
0.209511,10.2042,5262
0.168806,9.79574,5263
0.229575,10.2579,5264
0.164293,9.74153,5265
0.218311,10.1907,5266
0.160069,9.80262,5267
0.22436,10.2104,5268
0.179494,9.79747,5269
0.201542,10.1839,5270
0.17943,9.82368,5271
0.221511,10.2199,5272
0.179014,9.77408,5273
0.224935,10.1955,5274
0.189478,9.79834,5275
0.188391,10.2147,5276
0.167077,9.78173,5277
0.237544,10.2078,5278
0.183238,9.81827,5279
0.223239,10.2051,5280
0.181798,9.77869,5281
0.219591,10.1993,5282
0.160901,9.79219,5283
0.203399,10.2162,5284
0.194022,9.78934,5285
0.201574,10.1908,5286
0.163813,9.80422,5287
0.224167,10.2093,5288
0.167237,9.79824,5289
0.21063,10.1846,5290
0.179878,9.8135,5291
0.201574,10.1844,5292
0.172486,9.81309,5293
0.220135,10.2289,5294
0.189638,9.76864,5295
0.210695,10.1943,5296
0.163493,9.80845,5297
0.219975,10.198,5298
0.186662,9.8119,5299
0.230376,10.2132,5300
0.158085,9.77683,5301
0.230216,10.2323,5302
0.188934,9.78765,5303
0.238183,10.1875,5304
0.193574,9.79997,5305
0.206247,10.2135,5306
0.164582,9.77907,5307
0.203111,10.1991,5308
0.185702,9.80739,5309
0.209447,10.2195,5310
0.183525,9.77094,5311
0.190919,10.1929,5312
0.166981,9.80774,5313
0.210855,10.2063,5314
0.154501,9.79603,5315
0.241864,10.2032,5316
0.17879,9.81693,5317
0.224263,10.1856,5318
0.170213,9.79398,5319
0.211207,10.2332,5320
0.183302,9.76217,5321
0.216135,10.2053,5322
0.176678,9.80041,5323
0.243432,10.2111,5324
0.17463,9.79542,5325
0.217415,10.1995,5326
0.180358,9.8024,5327
0.21111,10.1745,5328
0.172998,9.81962,5329
0.205383,10.1864,5330
0.16967,9.80816,5331
0.226248,10.2062,5332
0.190919,9.79974,5333
0.234376,10.1996,5334
0.186566,9.79533,5335
0.200807,10.1915,5336
0.157477,9.80579,5337
0.217191,10.199,5338
0.170469,9.81024,5339
0.226215,10.1975,5340
0.176741,9.79664,5341
0.213767,10.232,5342
0.172741,9.76816,5343
0.230503,10.2002,5344
0.195622,9.79859,5345
0.190407,10.1927,5346
0.193062,9.80752,5347
0.251272,10.2028,5348
0.17943,9.79942,5349
0.239272,10.2273,5350
0.166789,9.76851,5351
0.220935,10.1922,5352
0.167205,9.80214,5353
0.219367,10.2351,5354
0.176966,9.78713,5355
0.216935,10.1966,5356
0.198246,9.78883,5357
0.198182,10.191,5358
0.165829,9.80429,5359
0.208167,10.2028,5360
0.16983,9.80406,5361
0.204423,10.2188,5362
0.170726,9.78461,5363
0.198118,10.1873,5364
0.162533,9.80256,5365
0.160005,10.1936,5366
0.166982,9.80777,5367
0.206023,10.2038,5368
0.187495,9.80013,5369
0.215783,10.1992,5370
0.181766,9.80438,5371
0.257001,10.2148,5372
0.173253,9.78445,5373
0.228295,10.1995,5374
0.176774,9.80662,5375
0.200263,10.1826,5376
0.170437,9.80365,5377
0.239048,10.1971,5378
0.175429,9.80685,5379
0.214951,10.1895,5380
0.163621,9.81088,5381
0.219399,10.2359,5382
0.17863,9.76624,5383
0.200871,10.2465,5384
0.18471,9.75648,5385
0.201511,10.1828,5386
0.173637,9.80902,5387
0.210055,10.2197,5388
0.179142,9.78672,5389
0.209639,10.2556,5390
0.18327,9.76201,5391
0.219751,10.1675,5392
0.174438,9.81213,5393
0.203207,10.1943,5394
0.167781,9.81043,5395
0.223431,10.1983,5396
0.18103,9.80134,5397
0.19287,10.2079,5398
0.184902,9.79219,5399
0.228455,10.2337,5400
0.181382,9.77104,5401
0.194374,10.1794,5402
0.164518,9.82633,5403
0.202439,10.1936,5404
0.167974,9.79369,5405
0.215975,10.2096,5406
0.188006,9.78941,5407
0.243303,10.2354,5408
0.173446,9.76492,5409
0.232423,10.2094,5410
0.182694,9.79728,5411
0.214375,10.2247,5412
0.178246,9.77504,5413
0.225735,10.197,5414
0.180678,9.79405,5415
0.192614,10.1935,5416
0.175974,9.80883,5417
0.200518,10.1929,5418
0.157317,9.82131,5419
0.221287,10.1896,5420
0.181894,9.79651,5421
0.222375,10.194,5422
0.172678,9.80464,5423
0.208423,10.215,5424
0.18119,9.78438,5425
0.214215,10.1948,5426
0.165894,9.80134,5427
0.225511,10.2093,5428
0.156165,9.79088,5429
0.224328,10.2184,5430
0.174278,9.78781,5431
0.233063,10.1976,5432
0.184294,9.79894,5433
0.219879,10.2051,5434
0.17895,9.80048,5435
0.186886,10.1975,5436
0.166181,9.79168,5437
0.207047,10.2095,5438
0.156837,9.79542,5439
0.235175,10.2072,5440
0.184038,9.81456,5441
0.209831,10.1894,5442
0.175493,9.78953,5443
0.234215,10.2,5444
0.167493,9.79779,5445
0.181414,10.2081,5446
0.181413,9.81421,5447
0.218823,10.165,5448
0.173286,9.82102,5449
0.205831,10.2044,5450
0.19015,9.80954,5451
0.227239,10.1914,5452
0.159878,9.78777,5453
0.232712,10.2016,5454
0.154469,9.80384,5455
0.181062,10.2245,5456
0.181222,9.77398,5457
0.214087,10.2031,5458
0.171525,9.79683,5459
0.226183,10.231,5460
0.173702,9.76761,5461
0.238056,10.2059,5462
0.173285,9.78745,5463
0.210951,10.2027,5464
0.170022,9.80352,5465
0.199654,10.1899,5466
0.164262,9.80624,5467
0.216295,10.2339,5468
0.17511,9.76608,5469
0.235111,10.2137,5470
0.188454,9.79376,5471
0.227943,10.2047,5472
0.176966,9.79568,5473
0.220679,10.2003,5474
0.176325,9.79286,5475
0.209223,10.1984,5476
0.178182,9.80509,5477
0.195526,10.1975,5478
0.158117,9.79805,5479
0.227304,10.2345,5480
0.191847,9.77453,5481
0.241768,10.1935,5482
0.176742,9.80281,5483
0.242952,10.2151,5484
0.195431,9.80246,5485
0.218215,10.193,5486
0.176933,9.79248,5487
0.240968,10.2036,5488
0.185766,9.81068,5489
0.233448,10.2254,5490
0.185254,9.76288,5491
0.252008,10.1997,5492
0.190822,9.8039,5493
0.227303,10.2142,5494
0.18023,9.79382,5495
0.218759,10.1727,5496
0.169829,9.80611,5497
0.230887,10.209,5498
0.176006,9.80659,5499
0.205287,10.226,5500
0.187878,9.78096,5501
0.251752,10.2111,5502
0.170886,9.76806,5503
0.239784,10.247,5504
0.184389,9.75555,5505
0.219047,10.1938,5506
0.166277,9.80048,5507
0.236456,10.1956,5508
0.168357,9.80089,5509
0.207975,10.1887,5510
0.168357,9.83427,5511
0.215303,10.172,5512
0.170501,9.81888,5513
0.217319,10.1921,5514
0.177574,9.79769,5515
0.240615,10.205,5516
0.171014,9.81408,5517
0.210951,10.2166,5518
0.175174,9.77193,5519
0.208614,10.1852,5520
0.188006,9.82941,5521
0.225575,10.1602,5522
0.17191,9.82035,5523
0.217127,10.2082,5524
0.177542,9.78908,5525
0.213063,10.2299,5526
0.17815,9.78441,5527
0.229639,10.1942,5528
0.166182,9.80992,5529
0.225799,10.1869,5530
0.191494,9.79517,5531
0.225031,10.2003,5532
0.18023,9.82099,5533
0.250088,10.2563,5534
0.184806,9.72921,5535
0.248424,10.2105,5536
0.173606,9.78832,5537
0.200583,10.2045,5538
0.17719,9.80048,5539
0.225095,10.2159,5540
0.158949,9.79165,5541
0.213351,10.2195,5542
0.186022,9.77184,5543
0.248936,10.2759,5544
0.177638,9.72214,5545
0.223047,10.1882,5546
0.169765,9.80701,5547
0.215655,10.2503,5548
0.169158,9.75292,5549
0.213511,10.2119,5550
0.174534,9.78483,5551
0.228392,10.2283,5552
0.155653,9.7686,5553
0.226408,10.2229,5554
0.19031,9.79001,5555
0.194439,10.212,5556
0.164197,9.77533,5557
0.222791,10.2038,5558
0.17287,9.80403,5559
0.24244,10.2019,5560
0.176902,9.79728,5561
0.225191,10.1826,5562
0.182918,9.82233,5563
0.211975,10.1865,5564
0.168421,9.80432,5565
0.22612,10.2744,5566
0.159301,9.72335,5567
0.42331,9.99376,5568
0.179782,10.0065,5569
0.233608,10.2078,5570
0.178342,9.79539,5571
0.202439,10.2155,5572
0.15879,9.78028,5573
0.230471,10.2066,5574
0.192775,9.816,5575
0.203623,10.1933,5576
0.169382,9.79878,5577
0.221095,10.2201,5578
0.168006,9.77276,5579
0.231847,10.2044,5580
0.182054,9.7903,5581
0.21764,10.2,5582
0.191815,9.82105,5583
0.228263,10.1811,5584
0.174373,9.79702,5585
0.218791,10.1898,5586
0.173542,9.82777,5587
0.218343,10.1886,5588
0.182374,9.79388,5589
0.204103,10.2282,5590
0.192038,9.7776,5591
0.225799,10.2051,5592
0.191399,9.81094,5593
0.238152,10.1854,5594
0.184006,9.81523,5595
0.193735,10.1861,5596
0.191206,9.80102,5597
0.240712,10.2124,5598
0.176678,9.78457,5599
0.23204,10.2126,5600
0.189542,9.78924,5601
0.232072,10.2248,5602
0.173541,9.78473,5603
0.24196,10.1973,5604
0.176614,9.7952,5605
0.195143,10.2081,5606
0.170502,9.78716,5607
0.228647,10.195,5608
0.174053,9.82057,5609
0.221063,10.1921,5610
0.170373,9.79302,5611
0.226759,10.2,5612
0.186118,9.80243,5613
0.248104,10.2691,5614
0.185222,9.72579,5615
0.197767,10.2013,5616
0.175846,9.79942,5617
0.222151,10.2071,5618
0.177861,9.79452,5619
0.210407,10.2512,5620
0.181862,9.7446,5621
0.223943,10.1958,5622
0.176518,9.80697,5623
0.215527,10.172,5624
0.184198,9.84445,5625
0.18919,10.1967,5626
0.17655,9.80278,5627
0.208646,10.1707,5628
0.180646,9.80793,5629
0.200198,10.1933,5630
0.170757,9.82352,5631
0.227208,10.2158,5632
0.185606,9.78067,5633
0.234855,10.1876,5634
0.181958,9.80204,5635
0.184422,10.2278,5636
0.191334,9.79273,5637
0.234792,10.2142,5638
0.189926,9.77225,5639
0.215207,10.1865,5640
0.178886,9.80688,5641
0.23716,10.2074,5642
0.173222,9.79705,5643
0.191366,10.212,5644
0.184038,9.78396,5645
0.251145,10.2304,5646
0.159205,9.767,5647
0.216359,10.2103,5648
0.172549,9.78899,5649
0.210855,10.2299,5650
0.171046,9.77196,5651
0.214599,10.19,5652
0.160294,9.80611,5653
0.217639,10.2039,5654
0.175622,9.80585,5655
0.198086,10.1917,5656
0.175814,9.80204,5657
0.224071,10.2109,5658
0.18183,9.79049,5659
0.194022,10.2016,5660
0.173829,9.79417,5661
0.214535,10.19,5662
0.189638,9.81398,5663
0.236648,10.2036,5664
0.179238,9.80227,5665
0.198215,10.1862,5666
0.158565,9.8008,5667
0.24932,10.2396,5668
0.178982,9.77881,5669
0.222183,10.1967,5670
0.16967,9.7936,5671
0.212071,10.1996,5672
0.174117,9.8023,5673
0.230568,10.1929,5674
0.173893,9.80464,5675
0.184582,10.1947,5676
0.166054,9.80822,5677
0.238824,10.2051,5678
0.164934,9.79286,5679
0.23316,10.1887,5680
0.169733,9.81382,5681
0.205671,10.1794,5682
0.161541,9.81283,5683
0.209479,10.2388,5684
0.177222,9.77177,5685
0.204326,10.1799,5686
0.17575,9.81324,5687
0.219463,10.1863,5688
0.189542,9.81344,5689
0.224903,10.1936,5690
0.185958,9.80383,5691
0.221447,10.1802,5692
0.148965,9.83804,5693
0.229831,10.1936,5694
0.170758,9.79744,5695
0.18727,10.1878,5696
0.178758,9.81145,5697
0.217607,10.1897,5698
0.179302,9.81001,5699
0.220679,10.1883,5700
0.181702,9.80288,5701
0.250952,10.2784,5702
0.17255,9.72012,5703
0.227367,10.2123,5704
0.179141,9.78963,5705
0.244776,10.203,5706
0.156133,9.79974,5707
0.220136,10.2072,5708
0.178886,9.79177,5709
0.243879,10.2002,5710
0.177638,9.80502,5711
0.220231,10.2254,5712
0.184198,9.76815,5713
0.242152,10.2362,5714
0.176453,9.7671,5715
0.23444,10.2159,5716
0.163429,9.7814,5717
0.218151,10.2106,5718
0.183302,9.79481,5719
0.244039,10.199,5720
0.173317,9.79728,5721
0.216519,10.1953,5722
0.171334,9.80854,5723
0.2266,10.2037,5724
0.171174,9.78649,5725
0.239303,10.2427,5726
0.16551,9.77926,5727
0.216711,10.1828,5728
0.18167,9.79961,5729
0.249896,10.2027,5730
0.167045,9.80272,5731
0.233671,10.2004,5732
0.18903,9.79878,5733
0.209031,10.1915,5734
0.183366,9.80243,5735
0.242824,10.2245,5736
0.19159,9.77792,5737
0.204839,10.21,5738
0.174726,9.78575,5739
0.213543,10.2107,5740
0.181446,9.79148,5741
0.241607,10.2376,5742
0.179494,9.76659,5743
0.220583,10.2726,5744
0.180005,9.73702,5745
0.196934,10.1972,5746
0.175141,9.79542,5747
0.209542,10.1939,5748
0.183973,9.82198,5749
0.211238,10.167,5750
0.175334,9.81264,5751
0.225511,10.2129,5752
0.175942,9.80438,5753
0.236008,10.1893,5754
0.177446,9.79849,5755
0.195655,10.2018,5756
0.184422,9.80227,5757
0.220583,10.1922,5758
0.183302,9.79795,5759
0.203303,10.209,5760
0.171109,9.78771,5761
0.205991,10.2034,5762
0.179782,9.79532,5763
0.202406,10.2149,5764
0.18167,9.78707,5765
0.225096,10.2181,5766
0.180774,9.78649,5767
0.198854,10.2139,5768
0.162757,9.78307,5769
0.231176,10.2145,5770
0.192262,9.78832,5771
0.223527,10.1929,5772
0.184582,9.80508,5773
0.234728,10.2244,5774
0.17895,9.78176,5775
0.195814,10.1993,5776
0.183174,9.80044,5777
0.241223,10.2047,5778
0.167238,9.78662,5779
0.241288,10.2133,5780
0.18551,9.79129,5781
0.215655,10.2251,5782
0.175014,9.77251,5783
0.239368,10.2359,5784
0.175973,9.76924,5785
0.24068,10.1771,5786
0.184134,9.82905,5787
0.23988,10.2012,5788
0.180901,9.79916,5789
0.231047,10.2597,5790
0.172421,9.7287,5791
0.186022,10.2157,5792
0.160037,9.80182,5793
0.230631,10.1978,5794
0.164677,9.79452,5795
0.235656,10.2045,5796
0.180198,9.7911,5797
0.237031,10.2039,5798
0.173062,9.80924,5799
0.223399,10.1797,5800
0.180742,9.80239,5801
0.213127,10.2065,5802
0.174437,9.80089,5803
0.216039,10.1991,5804
0.178022,9.79417,5805
0.191846,10.19,5806
0.17223,9.81039,5807
0.199879,10.1929,5808
0.19271,9.81276,5809
0.21239,10.1783,5810
0.176326,9.81212,5811
0.220071,10.2071,5812
0.181798,9.81734,5813
0.23364,10.1945,5814
0.190886,9.79673,5815
0.184358,10.1844,5816
0.169445,9.81359,5817
0.213863,10.1845,5818
0.175909,9.82419,5819
0.248104,10.1814,5820
0.171525,9.79999,5821
0.228039,10.1996,5822
0.173605,9.81414,5823
0.245895,10.194,5824
0.172773,9.79391,5825
0.203719,10.2082,5826
0.188326,9.79164,5827
0.225255,10.2097,5828
0.188646,9.79132,5829
0.207046,10.1941,5830
0.175526,9.80121,5831
0.228327,10.2038,5832
0.180549,9.80527,5833
0.220936,10.1902,5834
0.170886,9.81382,5835
0.180326,10.2139,5836
0.170534,9.77538,5837
0.18775,10.2138,5838
0.179494,9.78719,5839
0.236967,10.1967,5840
0.174822,9.80745,5841
0.224519,10.1999,5842
0.194342,9.79347,5843
0.222983,10.2034,5844
0.182277,9.80972,5845
0.199463,10.1928,5846
0.18791,9.80268,5847
0.19783,10.1858,5848
0.159525,9.80531,5849
0.262057,10.2022,5850
0.169478,9.8206,5851
0.226215,10.2182,5852
0.17111,9.76764,5853
0.210535,10.1981,5854
0.170502,9.79487,5855
0.230919,10.2315,5856
0.157029,9.76409,5857
0.215431,10.1935,5858
0.176614,9.81027,5859
0.221959,10.2222,5860
0.165926,9.79769,5861
0.224807,10.2142,5862
0.171942,9.76879,5863
0.246472,10.1926,5864
0.180614,9.81084,5865
0.192966,10.1995,5866
0.18759,9.79753,5867
0.208999,10.1972,5868
0.185862,9.80223,5869
0.218343,10.1929,5870
0.179174,9.81094,5871
0.218151,10.2645,5872
0.183014,9.73446,5873
0.200807,10.1792,5874
0.170662,9.82656,5875
0.18839,10.1878,5876
0.182181,9.80428,5877
0.197863,10.2204,5878
0.192198,9.78409,5879
0.234376,10.1958,5880
0.18631,9.79571,5881
0.235015,10.2085,5882
0.181798,9.79094,5883
0.225799,10.1977,5884
0.178694,9.80598,5885
0.214887,10.2197,5886
0.179909,9.77897,5887
0.242472,10.2029,5888
0.182662,9.81004,5889
0.23476,10.1833,5890
0.182534,9.80332,5891
0.201254,10.1914,5892
0.168518,9.81238,5893
0.227847,10.2018,5894
0.175526,9.80598,5895
0.222791,10.2362,5896
0.177349,9.7557,5897
0.192358,10.2106,5898
0.156933,9.80022,5899
0.222535,10.1854,5900
0.187302,9.79753,5901
0.221511,10.2009,5902
0.183942,9.80322,5903
0.20855,10.1797,5904
0.162341,9.83372,5905
0.214535,10.1799,5906
0.18679,9.80227,5907
0.198854,10.1916,5908
0.183718,9.81071,5909
0.216742,10.1897,5910
0.186854,9.81017,5911
0.224616,10.1964,5912
0.18647,9.81795,5913
0.224679,10.2573,5914
0.17079,9.72911,5915
0.194694,10.1988,5916
0.188998,9.80988,5917
0.205639,10.2483,5918
0.172006,9.74223,5919
0.231143,10.2076,5920
0.172262,9.7951,5921
0.208103,10.1981,5922
0.188934,9.8102,5923
0.226951,10.2252,5924
0.184486,9.77516,5925
0.187494,10.2028,5926
0.177862,9.79612,5927
0.234599,10.1922,5928
0.172453,9.81564,5929
0.224103,10.2116,5930
0.171174,9.78038,5931
0.21303,10.1778,5932
0.175013,9.82335,5933
0.223687,10.2269,5934
0.184038,9.77135,5935
0.234952,10.2036,5936
0.167429,9.8078,5937
0.205159,10.2386,5938
0.163781,9.74194,5939
0.218471,10.1901,5940
0.166757,9.80927,5941
0.236936,10.2724,5942
0.18199,9.74034,5943
0.220232,10.1951,5944
0.177573,9.78879,5945
0.207655,10.2066,5946
0.18823,9.80425,5947
0.202215,10.1832,5948
0.165637,9.80537,5949
0.241608,10.204,5950
0.178694,9.81977,5951
0.208422,10.1871,5952
0.189382,9.79548,5953
0.217863,10.1794,5954
0.172709,9.82544,5955
0.203687,10.2204,5956
0.184486,9.78374,5957
0.220679,10.1837,5958
0.18647,9.82534,5959
0.204071,10.1663,5960
0.172517,9.80953,5961
0.208038,10.1894,5962
0.179846,9.82262,5963
0.229959,10.1977,5964
0.187846,9.79334,5965
0.236103,10.215,5966
0.175526,9.79417,5967
0.195783,10.2072,5968
0.169349,9.7791,5969
0.214951,10.2045,5970
0.178245,9.80067,5971
0.233223,10.1993,5972
0.171621,9.81593,5973
0.230151,10.1888,5974
0.168069,9.79791,5975
0.206022,10.1868,5976
0.180934,9.81324,5977
0.206439,10.1889,5978
0.165253,9.80604,5979
0.210887,10.1926,5980
0.155941,9.81791,5981
0.237607,10.1973,5982
0.164101,9.79234,5983
0.217959,10.2141,5984
0.18055,9.79654,5985
0.226183,10.2259,5986
0.179046,9.76738,5987
0.243656,10.2789,5988
0.176069,9.72293,5989
0.218823,10.1981,5990
0.160165,9.79503,5991
0.222151,10.2205,5992
0.185926,9.78214,5993
0.202759,10.1978,5994
0.192838,9.81055,5995
0.24292,10.1926,5996
0.188358,9.82019,5997
0.204295,10.1709,5998
0.172677,9.81116,5999
0.221319,10.236,6000
0.18503,9.7671,6001
0.205703,10.2104,6002
0.162309,9.77967,6003
0.207335,10.2387,6004
0.185766,9.7861,6005
0.190054,10.1894,6006
0.190758,9.80143,6007
0.203847,10.1835,6008
0.158149,9.80569,6009
0.214119,10.1996,6010
0.191014,9.80931,6011
0.242088,10.1964,6012
0.18359,9.81433,6013
0.206599,10.1769,6014
0.165317,9.79795,6015
0.225575,10.233,6016
0.19095,9.79177,6017
0.197159,10.1666,6018
0.154853,9.80892,6019
0.230343,10.2078,6020
0.174437,9.81804,6021
0.221959,10.1654,6022
0.171782,9.8263,6023
0.23876,10.1917,6024
0.164166,9.79753,6025
0.231432,10.1978,6026
0.173893,9.799,6027
0.199046,10.2258,6028
0.155077,9.77126,6029
0.240488,10.2112,6030
0.167494,9.79679,6031
0.219111,10.2042,6032
0.157445,9.80022,6033
0.235784,10.1964,6034
0.166757,9.80422,6035
0.195238,10.2096,6036
0.17239,9.78898,6037
0.227943,10.1997,6038
0.168325,9.79135,6039
0.241032,10.2703,6040
0.18567,9.73452,6041
0.227143,10.2031,6042
0.184998,9.80479,6043
0.205223,10.1803,6044
0.178981,9.80834,6045
0.210375,10.2028,6046
0.172805,9.80799,6047
0.231047,11.3555,6048
0.19239,8.63275,6049
0.227239,10.2037,6050
0.156165,9.79202,6051
0.232295,10.2078,6052
0.179398,9.79926,6053
0.224679,10.2173,6054
0.185062,9.78598,6055
0.20711,10.1857,6056
0.175206,9.82239,6057
0.199943,10.1787,6058
0.167813,9.8062,6059
0.206951,10.1897,6060
0.183398,9.82041,6061
0.262249,10.2048,6062
0.183877,9.78809,6063
0.222951,10.2311,6064
0.182438,9.76604,6065
0.218983,10.2133,6066
0.180166,9.79782,6067
0.212039,10.1919,6068
0.176261,9.80764,6069
0.213543,10.2145,6070
0.184582,9.77814,6071
0.236839,10.281,6072
0.175302,9.72681,6073
0.248808,10.1827,6074
0.177285,9.81762,6075
0.200679,10.1856,6076
0.188838,9.81087,6077
0.197574,10.1897,6078
0.175845,9.81283,6079
0.228839,10.1991,6080
0.158341,9.79007,6081
0.220839,10.2411,6082
0.185061,9.78118,6083
0.221576,10.1915,6084
0.196102,9.79961,6085
0.220711,10.1843,6086
0.166533,9.80473,6087
0.236967,10.2513,6088
0.17911,9.75612,6089
0.217383,10.1967,6090
0.183013,9.79417,6091
0.203559,10.1861,6092
0.152997,9.81833,6093
0.210663,10.1894,6094
0.167142,9.81711,6095
0.201319,10.193,6096
0.171974,9.80607,6097
0.168326,10.1721,6098
0.164005,9.82054,6099
0.212326,10.2263,6100
0.186182,9.7789,6101
0.215526,10.1952,6102
0.18695,9.81878,6103
0.208326,10.1904,6104
0.165574,9.80665,6105
0.223079,10.2082,6106
0.185798,9.78229,6107
0.227111,10.192,6108
0.181765,9.80985,6109
0.214311,10.1861,6110
0.164357,9.80217,6111
0.223559,10.2365,6112
0.17895,9.77471,6113
0.211623,10.1872,6114
0.18695,9.81599,6115
0.203078,10.191,6116
0.185606,9.79724,6117
0.19271,10.1904,6118
0.17351,9.81628,6119
0.234664,10.1896,6120
0.183558,9.80716,6121
0.226695,10.2251,6122
0.178437,9.77612,6123
0.246471,10.225,6124
0.172357,9.78722,6125
0.199271,10.1847,6126
0.18439,9.80162,6127
0.213062,10.209,6128
0.192774,9.79305,6129
0.217191,10.1868,6130
0.179077,9.8167,6131
0.192294,10.1768,6132
0.175814,9.81932,6133
0.216295,10.1902,6134
0.193094,9.82508,6135
0.214439,10.1913,6136
0.175462,9.80758,6137
0.221895,10.1861,6138
0.159813,9.78988,6139
0.224007,10.2063,6140
0.186886,9.80479,6141
0.23076,10.1964,6142
0.188134,9.80057,6143
0.229768,10.2036,6144
0.183109,9.79138,6145
0.176229,10.1918,6146
0.190406,9.81798,6147
0.244679,10.1969,6148
0.18423,9.79673,6149
0.240456,10.1981,6150
0.160549,9.80079,6151
0.19447,10.1842,6152
0.189574,9.82505,6153
0.210055,10.2068,6154
0.166886,9.78406,6155
0.221191,10.224,6156
0.180614,9.7782,6157
0.199815,10.1954,6158
0.163909,9.80284,6159
0.224103,10.2073,6160
0.177862,9.79103,6161
0.223399,10.2288,6162
0.17943,9.77148,6163
0.241127,10.2071,6164
0.181478,9.7982,6165
0.219431,10.2717,6166
0.180453,9.72338,6167
0.23524,10.2384,6168
0.165573,9.77794,6169
0.213895,10.2515,6170
0.180518,9.72943,6171
0.20807,10.2074,6172
0.178278,9.79855,6173
0.204902,10.2486,6174
0.186854,9.74681,6175
0.228839,10.2079,6176
0.179429,9.80191,6177
0.200647,10.1817,6178
0.178598,9.81014,6179
0.204743,10.1932,6180
0.179302,9.80575,6181
0.213671,10.1924,6182
0.166725,9.81039,6183
0.230535,10.2031,6184
0.182533,9.79826,6185
0.185861,10.2008,6186
0.179462,9.80777,6187
0.243527,10.2012,6188
0.157605,9.78927,6189
0.223272,10.2077,6190
0.172517,9.78847,6191
0.217159,10.2311,6192
0.166693,9.77141,6193
0.226951,10.1951,6194
0.190438,9.82198,6195
0.190758,10.1866,6196
0.17399,9.79817,6197
0.221255,10.2378,6198
0.170662,9.76133,6199
0.215239,10.1833,6200
0.175046,9.81973,6201
0.227048,10.2032,6202
0.180518,9.79225,6203
0.192518,10.1955,6204
0.182342,9.80828,6205
0.215655,10.1729,6206
0.184774,9.8223,6207
0.210247,10.1914,6208
0.163013,9.80761,6209
0.240615,10.2019,6210
0.181286,9.80274,6211
0.231655,10.2087,6212
0.187654,9.7941,6213
0.250504,10.2092,6214
0.180486,9.79401,6215
0.249895,10.2687,6216
0.18007,9.73087,6217
0.238728,10.2037,6218
0.173989,9.79711,6219
0.205991,10.1803,6220
0.167334,9.81263,6221
0.224487,10.1992,6222
0.181862,9.81737,6223
0.248552,10.1891,6224
0.176454,9.80018,6225
0.237863,10.2364,6226
0.171333,9.75957,6227
0.202054,10.1887,6228
0.169478,9.82342,6229
0.212743,10.1897,6230
0.198855,9.81442,6231
0.246696,10.1892,6232
0.177221,9.80111,6233
0.226055,10.1903,6234
0.195206,9.81036,6235
0.206439,10.1865,6236
0.186437,9.81484,6237
0.228071,10.1974,6238
0.173798,9.80546,6239
0.227496,10.1933,6240
0.159237,9.79804,6241
0.229255,10.1883,6242
0.185733,9.80348,6243
0.23172,10.2175,6244
0.182757,9.78719,6245
0.231463,10.234,6246
0.16967,9.7638,6247
0.194374,10.1904,6248
0.179526,9.80815,6249
0.212039,10.1971,6250
0.186438,9.82255,6251
0.220135,10.1837,6252
0.177158,9.80156,6253
0.208742,10.1872,6254
0.165157,9.82383,6255
0.190758,10.1834,6256
0.182021,9.80246,6257
0.214887,10.218,6258
0.176005,9.79154,6259
0.212199,10.1975,6260
0.172645,9.80828,6261
0.230215,10.1906,6262
0.173894,9.79388,6263
0.215047,10.1919,6264
0.177702,9.80678,6265
0.248616,10.1791,6266
0.177382,9.8255,6267
0.206438,10.1866,6268
0.172421,9.80805,6269
0.238824,10.238,6270
0.160261,9.7597,6271
0.228839,10.2071,6272
0.182725,9.80466,6273
0.230855,10.206,6274
0.189702,9.79708,6275
0.237287,10.1982,6276
0.19271,9.78908,6277
0.216679,10.2318,6278
0.167174,9.78527,6279
0.236552,10.1882,6280
0.170501,9.79711,6281
0.227591,10.2039,6282
0.172165,9.79548,6283
0.216487,10.1995,6284
0.172774,9.79701,6285
0.202759,10.1979,6286
0.170374,9.81692,6287
0.223048,10.1919,6288
0.165894,9.80364,6289
0.249576,10.2195,6290
0.169989,9.79426,6291
0.229864,10.1809,6292
0.152773,9.80005,6293
0.217095,10.2285,6294
0.169926,9.78687,6295
0.186822,10.1856,6296
0.174277,9.79612,6297
0.238792,10.2684,6298
0.163237,9.74636,6299
0.221543,10.186,6300
0.190982,9.82021,6301
0.232455,10.1841,6302
0.175686,9.81372,6303
0.206182,10.1716,6304
0.160101,9.81692,6305
0.218119,10.2579,6306
0.185702,9.7453,6307
0.224167,10.2684,6308
0.165605,9.73788,6309
0.240136,10.1924,6310
0.18743,9.81231,6311
0.203814,10.1797,6312
0.18503,9.81669,6313
0.232839,10.1917,6314
0.171174,9.79448,6315
0.238215,10.2244,6316
0.176613,9.7797,6317
0.238951,10.2003,6318
0.157701,9.80841,6319
0.234087,10.195,6320
0.174854,9.78927,6321
0.225256,10.2295,6322
0.177573,9.78933,6323
0.223623,10.2109,6324
0.167109,9.7701,6325
0.191846,10.1943,6326
0.181701,9.82447,6327
0.214503,10.2309,6328
0.173093,9.74668,6329
0.210055,10.2072,6330
0.175398,9.80002,6331
0.233895,10.2096,6332
0.166469,9.7958,6333
0.227783,10.2063,6334
0.180454,9.78837,6335
0.190822,10.2154,6336
0.178629,9.78136,6337
0.222952,10.2131,6338
0.179718,9.79762,6339
0.220166,10.1728,6340
0.161605,9.81445,6341
0.206502,10.1991,6342
0.158885,9.80937,6343
0.223879,10.226,6344
0.184614,9.78472,6345
0.18135,10.1907,6346
0.167141,9.79285,6347
0.216903,10.2018,6348
0.162821,9.80245,6349
0.230855,10.2656,6350
0.16775,9.73103,6351
0.225383,10.23,6352
0.185478,9.77868,6353
0.201159,10.1806,6354
0.169701,9.81698,6355
0.245288,10.2189,6356
0.178501,9.78591,6357
0.222919,10.1897,6358
0.166629,9.81509,6359
0.217639,10.18,6360
0.176774,9.80476,6361
0.205255,10.1869,6362
0.175077,9.82677,6363
0.227303,10.2351,6364
0.18759,9.75951,6365
0.203047,10.1868,6366
0.182469,9.81993,6367
0.234215,10.1907,6368
0.172901,9.78751,6369
0.194598,10.1976,6370
0.171205,9.81007,6371
0.214311,10.1711,6372
0.164517,9.82242,6373
0.217478,10.2157,6374
0.18167,9.79928,6375
0.25956,10.2052,6376
0.18487,9.7854,6377
0.23124,10.2079,6378
0.161925,9.78639,6379
0.211943,10.1822,6380
0.174886,9.81634,6381
0.221543,10.1909,6382
0.167845,9.82201,6383
0.217735,10.187,6384
0.165093,9.81925,6385
0.236711,10.2162,6386
0.17287,9.7644,6387
0.217222,10.2016,6388
0.191142,9.81513,6389
0.241352,10.205,6390
0.184709,9.78674,6391
0.231528,10.2438,6392
0.183557,9.75397,6393
0.203526,10.1918,6394
0.165989,9.81448,6395
0.186566,10.1858,6396
0.188582,9.80831,6397
0.189798,10.1979,6398
0.191494,9.81813,6399
0.20999,10.1681,6400
0.182118,9.83506,6401
0.219655,10.2181,6402
0.188998,9.77983,6403
0.216327,10.174,6404
0.184486,9.80617,6405
0.217831,10.2,6406
0.179046,9.80511,6407
0.232935,10.2128,6408
0.161957,9.78991,6409
0.20823,10.2086,6410
0.180101,9.80572,6411
0.217799,10.1782,6412
0.178854,9.80421,6413
0.210439,10.195,6414
0.17159,9.80626,6415
0.219367,10.1767,6416
0.185798,9.82489,6417
0.217638,10.1959,6418
0.179238,9.79634,6419
0.243143,10.2087,6420
0.184485,9.80101,6421
0.24468,10.2052,6422
0.175653,9.80508,6423
0.219303,10.234,6424
0.179494,9.74789,6425
0.204486,10.1932,6426
0.175398,9.82258,6427
0.242152,10.1985,6428
0.175269,9.78485,6429
0.236263,10.2048,6430
0.185286,9.79906,6431
0.218535,10.203,6432
0.167333,9.80367,6433
0.214759,10.174,6434
0.187686,9.83503,6435
0.201286,10.2008,6436
0.187494,9.7869,6437
0.233832,10.2001,6438
0.167749,9.79941,6439
0.230664,10.172,6440
0.180294,9.84044,6441
0.208135,10.1841,6442
0.179269,9.81823,6443
0.210919,10.1672,6444
0.18599,9.81448,6445
0.204358,10.2133,6446
0.187302,9.7868,6447
0.216071,10.2124,6448
0.158117,9.80207,6449
0.213607,10.2159,6450
0.176262,9.76866,6451
0.222759,10.2207,6452
0.18039,9.77576,6453
0.201927,10.1948,6454
0.171782,9.80226,6455
0.225223,10.2043,6456
0.169926,9.80175,6457
0.212647,10.2034,6458
0.163398,9.79791,6459
0.227687,10.2054,6460
0.177317,9.79365,6461
0.217287,10.2118,6462
0.165541,9.80143,6463
0.204134,10.1772,6464
0.186438,9.82012,6465
0.213222,10.1835,6466
0.171813,9.81858,6467
0.23252,10.2253,6468
0.193606,9.76709,6469
0.209703,10.206,6470
0.169382,9.80143,6471
0.227431,10.209,6472
0.185926,9.78767,6473
0.220103,10.1932,6474
0.189062,9.80748,6475
0.191302,10.1895,6476
0.177894,9.80828,6477
0.226024,10.1974,6478
0.165349,9.80018,6479
0.232936,10.1973,6480
0.182854,9.79839,6481
0.213543,10.1882,6482
0.179366,9.81973,6483
0.217606,10.1961,6484
0.169029,9.79474,6485
0.22596,10.2348,6486
0.174118,9.77442,6487
0.224167,10.1924,6488
0.183526,9.79669,6489
0.225095,10.2085,6490
0.177733,9.79788,6491
0.222247,10.2284,6492
0.169317,9.77471,6493
0.240967,10.2086,6494
0.164549,9.78975,6495
0.199654,10.1751,6496
0.183686,9.82722,6497
0.21207,10.1988,6498
0.164357,9.78914,6499
0.222343,10.2601,6500
0.177062,9.74866,6501
0.233799,10.192,6502
0.178277,9.80687,6503
0.194311,10.1815,6504
0.178757,9.81263,6505
0.216647,10.2153,6506
0.180678,9.78831,6507
0.206598,10.2188,6508
0.158725,9.77528,6509
0.238247,10.2786,6510
0.184677,9.74088,6511
0.232839,10.2331,6512
0.176133,9.75887,6513
0.229511,10.1998,6514
0.187654,9.79743,6515
0.196038,10.2004,6516
0.165349,9.79164,6517
0.181766,10.1849,6518
0.168357,9.81173,6519
0.241064,10.2438,6520
0.181638,9.76728,6521
0.236775,10.2085,6522
0.163398,9.79496,6523
0.220103,10.2049,6524
0.170213,9.79234,6525
0.223207,10.2272,6526
0.168581,9.77634,6527
0.223623,10.2292,6528
0.170565,9.76888,6529
0.220678,10.2085,6530
0.163909,9.7845,6531
0.225031,10.1924,6532
0.177798,9.80668,6533
0.244072,10.2348,6534
0.185926,9.77234,6535
0.189766,10.2026,6536
0.17607,9.79045,6537
0.213382,10.1947,6538
0.161765,9.81077,6539
0.225959,10.2683,6540
0.181382,9.73579,6541
0.230951,10.2083,6542
0.182982,9.78501,6543
0.230024,10.2028,6544
0.184486,9.80376,6545
0.197286,10.1966,6546
0.17671,9.80053,6547
0.203559,10.1831,6548
0.166309,9.82421,6549
0.229095,10.1914,6550
0.166117,9.79852,6551
0.224519,10.2245,6552
0.183109,9.77263,6553
0.209702,10.1935,6554
0.170918,9.82511,6555
0.215815,10.2085,6556
0.183814,9.77378,6557
0.199174,10.1827,6558
0.177637,9.82664,6559
0.200934,10.1949,6560
0.159013,9.79228,6561
0.221159,10.1936,6562
0.184677,9.8134,6563
0.200006,10.1881,6564
0.179334,9.81676,6565
0.19127,10.1744,6566
0.179302,9.83368,6567
0.224103,10.2187,6568
0.163525,9.76332,6569
0.239016,10.1971,6570
0.180678,9.80133,6571
0.225543,10.1599,6572
0.174949,9.85173,6573
0.228135,10.2289,6574
0.184869,9.76328,6575
0.235592,10.2387,6576
0.189062,9.76773,6577
0.230887,10.195,6578
0.176518,9.80517,6579
0.208646,10.2133,6580
0.170502,9.78651,6581
0.223527,10.2202,6582
0.178374,9.77682,6583
0.219783,10.2172,6584
0.17799,9.77336,6585
0.212263,10.2214,6586
0.179974,9.78091,6587
0.234503,10.1994,6588
0.177638,9.80946,6589
0.220039,10.1932,6590
0.183782,9.79836,6591
0.202022,10.1912,6592
0.178725,9.81983,6593
0.230151,10.1921,6594
0.179782,9.80927,6595
0.236968,10.2012,6596
0.190022,9.78975,6597
0.215719,10.1959,6598
0.181862,9.79916,6599
0.220614,10.2018,6600
0.194758,9.80741,6601
0.19415,10.1898,6602
0.156101,9.81554,6603
0.224071,10.1965,6604
0.156229,9.79842,6605
0.227783,10.2127,6606
0.165413,9.78018,6607
0.235623,10.199,6608
0.182917,9.80274,6609
0.212742,10.1856,6610
0.187078,9.82184,6611
0.2434,10.2537,6612
0.173446,9.7461,6613
0.231815,10.1902,6614
0.192006,9.79887,6615
0.227143,10.2319,6616
0.188614,9.77547,6617
0.235496,10.1961,6618
0.186182,9.80559,6619
0.235655,10.2302,6620
0.18471,9.78059,6621
0.245032,10.1886,6622
0.186149,9.7948,6623
0.228584,10.2449,6624
0.166405,9.75355,6625
0.200134,10.195,6626
0.191398,9.80731,6627
0.236423,10.21,6628
0.175685,9.79093,6629
0.215655,10.2115,6630
0.17047,9.8062,6631
0.226311,10.1738,6632
0.172997,9.80223,6633
0.23076,10.205,6634
0.159332,9.80546,6635
0.211335,10.181,6636
0.165253,9.8101,6637
0.223783,10.2317,6638
0.177605,9.77042,6639
0.202854,10.1871,6640
0.180326,9.82354,6641
0.228679,10.1902,6642
0.186726,9.79935,6643
0.249895,10.1946,6644
0.172357,9.81147,6645
0.197606,10.1842,6646
0.160773,9.80658,6647
0.226407,10.2,6648
0.18407,9.8084,6649
0.197894,10.1931,6650
0.174021,9.80828,6651
0.248904,10.2283,6652
0.154821,9.76699,6653
0.229415,10.2064,6654
0.159301,9.79922,6655
0.237671,10.1961,6656
0.175846,9.79778,6657
0.223143,10.1948,6658
0.177062,9.81183,6659
0.204326,10.2076,6660
0.167749,9.78104,6661
0.223111,10.2047,6662
0.16967,9.79637,6663
0.195238,10.2143,6664
0.184901,9.79023,6665
0.211175,10.1753,6666
0.171749,9.8245,6667
0.224295,10.1996,6668
0.177253,9.81682,6669
0.212711,10.1704,6670
0.186725,9.81711,6671
0.232167,10.1978,6672
0.169445,9.80156,6673
0.221127,10.2266,6674
0.183014,9.76991,6675
0.219303,10.2248,6676
0.177318,9.77954,6677
0.217318,10.2212,6678
0.177542,9.79215,6679
0.210566,10.167,6680
0.181317,9.81199,6681
0.227752,10.2085,6682
0.187206,9.81164,6683
0.236199,10.1836,6684
0.186342,9.80565,6685
0.225671,10.2481,6686
0.185958,9.76155,6687
0.230279,10.2195,6688
0.177573,9.78143,6689
0.210023,10.2014,6690
0.176326,9.77957,6691
0.199175,10.1848,6692
0.167077,9.82965,6693
0.237159,10.2342,6694
0.188646,9.75109,6695
0.205991,10.1911,6696
0.17783,9.82549,6697
0.235655,10.1793,6698
0.18791,9.80683,6699
0.212455,10.1823,6700
0.162342,9.81557,6701
0.234695,10.2042,6702
0.18039,9.79775,6703
0.222566,10.2056,6704
0.184326,9.79423,6705
0.206214,10.198,6706
0.178341,9.80671,6707
0.220775,10.2306,6708
0.176134,9.76338,6709
0.218727,10.1964,6710
0.179206,9.80258,6711
0.228103,10.2038,6712
0.159749,9.79551,6713
0.2402,10.2057,6714
0.16823,9.79931,6715
0.19319,10.2033,6716
0.184774,9.81304,6717
0.228615,10.1938,6718
0.184933,9.80031,6719
0.200263,10.1809,6720
0.161126,9.80498,6721
0.241544,10.2047,6722
0.176805,9.79307,6723
0.223239,10.214,6724
0.188326,9.78603,6725
0.239047,10.2307,6726
0.17287,9.78843,6727
0.221415,10.2172,6728
0.172966,9.76866,6729
0.215718,10.2032,6730
0.184454,9.80127,6731
0.203654,10.1844,6732
0.18183,9.81199,6733
0.244488,10.2124,6734
0.191557,9.78991,6735
0.185158,10.1972,6736
0.192614,9.81624,6737
0.217319,10.1792,6738
0.186726,9.81996,6739
0.206727,10.1689,6740
0.152292,9.81596,6741
0.229287,10.2013,6742
0.188389,9.81474,6743
0.20071,10.2073,6744
0.178982,9.77445,6745
0.205159,10.1799,6746
0.167973,9.83224,6747
0.238535,10.203,6748
0.183014,9.7869,6749
0.204647,10.1865,6750
0.172229,9.82517,6751
0.216903,10.1819,6752
0.185094,9.80383,6753
0.207334,10.2039,6754
0.180101,9.79963,6755
0.19767,10.1903,6756
0.170086,9.82219,6757
0.224999,10.181,6758
0.183333,9.82082,6759
0.227911,10.1998,6760
0.182789,9.78565,6761
0.23764,10.2014,6762
0.178245,9.81301,6763
0.18295,10.169,6764
0.18215,9.81269,6765
0.206918,10.2247,6766
0.177926,9.78949,6767
0.213286,10.2294,6768
0.183814,9.7596,6769
0.229927,10.2014,6770
0.186501,9.79653,6771
0.226983,10.2295,6772
0.186086,9.77634,6773
0.254344,10.204,6774
0.164869,9.79234,6775
0.218887,10.1941,6776
0.190566,9.82059,6777
0.223655,10.1765,6778
0.184422,9.82223,6779
0.196102,10.182,6780
0.160069,9.79723,6781
0.204518,10.1984,6782
0.182149,9.82293,6783
0.227751,10.1893,6784
0.177798,9.81269,6785
0.19783,10.1731,6786
0.189126,9.82709,6787
0.227815,10.1997,6788
0.186214,9.7989,6789
0.229959,10.2108,6790
0.176293,9.77413,6791
0.176805,10.1723,6792
0.174085,9.83551,6793
0.213159,10.1971,6794
0.17927,9.79467,6795
0.222759,10.2065,6796
0.177541,9.79791,6797
0.201958,10.1912,6798
0.184006,9.81285,6799
0.215783,10.1885,6800
0.166982,9.8003,6801
0.245864,10.2049,6802
0.189574,9.80968,6803
0.234567,10.1899,6804
0.161861,9.79323,6805
0.207142,10.2535,6806
0.182054,9.75461,6807
0.210374,10.2013,6808
0.176229,9.80184,6809
0.235592,10.1956,6810
0.188006,9.81557,6811
0.231527,10.1833,6812
0.177381,9.79768,6813
0.213862,10.2112,6814
0.178534,9.79403,6815
0.257,10.209,6816
0.186086,9.78862,6817
0.244264,10.2015,6818
0.18903,9.81429,6819
0.203751,10.1709,6820
0.164325,9.81615,6821
0.229863,10.1921,6822
0.196294,9.82037,6823
0.243559,10.2382,6824
0.180486,9.74654,6825
0.217831,10.1849,6826
0.175461,9.83051,6827
0.228551,10.1912,6828
0.180294,9.79387,6829
0.226151,10.1909,6830
0.156229,9.81285,6831
0.229767,10.1948,6832
0.185766,9.7973,6833
0.229255,10.2149,6834
0.167461,9.78754,6835
0.245672,10.2061,6836
0.179206,9.8077,6837
0.235015,10.1928,6838
0.18935,9.80811,6839
0.200582,10.2206,6840
0.157157,9.76725,6841
0.242855,10.1999,6842
0.178437,9.80098,6843
0.222695,10.1905,6844
0.168069,9.80472,6845
0.189382,10.2046,6846
0.183494,9.80309,6847
0.218695,10.1931,6848
0.190598,9.81477,6849
0.215206,10.1845,6850
0.186118,9.81656,6851
0.200486,10.1804,6852
0.18567,9.82162,6853
0.25748,10.188,6854
0.186694,9.79269,6855
0.192742,10.2006,6856
0.162661,9.79861,6857
0.232519,10.2129,6858
0.182566,9.79714,6859
0.213351,10.1846,6860
0.16631,9.80859,6861
0.221383,10.2001,6862
0.165925,9.79691,6863
0.224871,10.1983,6864
0.169542,9.80194,6865
0.195526,10.2074,6866
0.182566,9.80818,6867
0.199462,10.224,6868
0.172773,9.77829,6869
0.202854,10.1795,6870
0.151621,9.80654,6871
0.24212,10.1949,6872
0.173509,9.80914,6873
0.230824,10.2082,6874
0.175206,9.79298,6875
0.200135,10.1899,6876
0.184742,9.81963,6877
0.219111,10.1834,6878
0.192806,9.81349,6879
0.235815,10.1904,6880
0.158469,9.80834,6881
0.209734,10.1754,6882
0.170597,9.82383,6883
0.255272,10.2165,6884
0.181286,9.78946,6885
0.213126,10.197,6886
0.162661,9.79102,6887
0.232455,10.202,6888
0.186598,9.79291,6889
0.217095,10.1829,6890
0.177253,9.83118,6891
0.220839,10.218,6892
0.191302,9.76424,6893
0.212935,10.1923,6894
0.161157,9.80677,6895
0.17959,10.1989,6896
0.172358,9.80584,6897
0.210407,10.2395,6898
0.187462,9.75483,6899
0.19847,10.2159,6900
0.170629,9.7885,6901
0.218791,10.2302,6902
0.181702,9.76613,6903
0.237576,10.2772,6904
0.151109,9.72766,6905
0.220423,10.22,6906
0.184389,9.7773,6907
0.221703,10.2279,6908
0.182086,9.77291,6909
0.199367,10.1827,6910
0.164773,9.8132,6911
0.240264,10.1969,6912
0.184741,9.80507,6913
0.215047,10.2311,6914
0.166085,9.77061,6915
0.191014,10.1963,6916
0.177125,9.8021,6917
0.230984,10.2296,6918
0.153125,9.76562,6919
0.164325,10.1785,6920
0.164069,9.82869,6921
0.233543,10.1968,6922
0.172421,9.80226,6923
0.193734,10.275,6924
0.184518,9.73137,6925
0.200231,10.2037,6926
0.179494,9.78974,6927
0.215175,10.2094,6928
0.155461,9.78824,6929
0.21415,10.2153,6930
0.159044,9.78571,6931
0.223143,10.2015,6932
0.162021,9.79989,6933
0.220167,10.2176,6934
0.169637,9.78248,6935
0.192166,10.1778,6936
0.163333,9.83698,6937
0.223079,10.1803,6938
0.18055,9.81106,6939
0.195526,10.2109,6940
0.167333,9.78526,6941
0.19271,10.1799,6942
0.180006,9.81787,6943
0.203814,10.1867,6944
0.17911,9.81947,6945
0.224423,10.1865,6946
0.173669,9.80565,6947
0.229319,10.2336,6948
0.186245,9.77208,6949
0.211366,10.1895,6950
0.165285,9.80168,6951
0.221159,10.1962,6952
0.174949,9.81096,6953
0.233255,10.1939,6954
0.168005,9.80786,6955
0.202983,10.181,6956
0.169413,9.81368,6957
0.222087,10.2284,6958
0.193894,9.76926,6959
0.225735,10.1956,6960
0.192326,9.8084,6961
0.241991,10.1971,6962
0.191206,9.81435,6963
0.236135,10.187,6964
0.177413,9.80197,6965
0.238215,10.209,6966
0.185766,9.78978,6967
0.215334,10.1963,6968
0.174309,9.8003,6969
0.213255,10.1882,6970
0.171782,9.80878,6971
0.235592,10.2117,6972
0.178278,9.79666,6973
0.253064,10.1964,6974
0.179718,9.8028,6975
0.196998,10.194,6976
0.178725,9.81096,6977
0.232615,10.1933,6978
0.192134,9.80494,6979
0.20007,10.1779,6980
0.195078,9.81819,6981
0.215079,10.1948,6982
0.185253,9.80811,6983
0.256328,10.2063,6984
0.19447,9.79208,6985
0.222086,10.1976,6986
0.174342,9.81938,6987
0.21847,10.1861,6988
0.173989,9.79598,6989
0.201478,10.1918,6990
0.178822,9.81013,6991
0.244039,10.2143,6992
0.18071,9.79109,6993
0.214471,10.2129,6994
0.171397,9.78065,6995
0.20967,10.2111,6996
0.172197,9.79054,6997
0.223911,10.1907,6998
0.166982,9.80379,6999
0.229543,10.2052,7000
0.159525,9.80165,7001
0.21303,10.1934,7002
0.162917,9.81707,7003
0.218631,10.1785,7004
0.182694,9.80869,7005
0.222951,10.1891,7006
0.172837,9.8195,7007
0.229735,10.1888,7008
0.18599,9.81352,7009
0.221639,10.1994,7010
0.166982,9.79365,7011
0.207366,10.1846,7012
0.177701,9.80517,7013
0.225671,10.2041,7014
0.175718,9.80734,7015
0.197735,10.1923,7016
0.184197,9.80037,7017
0.203014,10.1973,7018
0.184741,9.81426,7019
0.247368,10.1933,7020
0.178277,9.81077,7021
0.226503,10.2098,7022
0.169349,9.77169,7023
0.232423,10.2117,7024
0.178917,9.78971,7025
0.206599,10.1938,7026
0.182789,9.81349,7027
0.222631,10.2328,7028
0.174502,9.76257,7029
0.228551,10.2563,7030
0.170437,9.74132,7031
0.227687,10.2026,7032
0.179718,9.79934,7033
0.20407,10.1807,7034
0.162309,9.81272,7035
0.201798,10.2017,7036
0.176645,9.8109,7037
0.208135,10.2016,7038
0.182117,9.81013,7039
0.240232,10.201,7040
0.176262,9.78248,7041
0.227879,10.1811,7042
0.170821,9.81643,7043
0.225735,10.2009,7044
0.183909,9.79998,7045
0.191718,10.1997,7046
0.182181,9.80261,7047
0.242536,10.2301,7048
0.172006,9.77381,7049
0.21463,10.1913,7050
0.163526,9.81803,7051
0.233224,10.18,7052
0.169125,9.80498,7053
0.247592,10.1996,7054
0.185286,9.81774,7055
0.196774,10.1755,7056
0.167685,9.82037,7057
0.250696,10.1896,7058
0.190374,9.80222,7059
0.237287,10.2304,7060
0.153573,9.76337,7061
0.252423,10.2043,7062
0.195206,9.80062,7063
0.223719,10.199,7064
0.177414,9.81448,7065
0.20471,10.1785,7066
0.164293,9.81742,7067
0.201542,10.1975,7068
0.162373,9.78776,7069
0.225415,10.2144,7070
0.159493,9.79986,7071
0.206534,10.1701,7072
0.174213,9.82443,7073
0.241128,10.2275,7074
0.172965,9.76994,7075
0.24436,10.2004,7076
0.183238,9.79979,7077
0.24644,10.2089,7078
0.187302,9.79153,7079
0.208807,10.1881,7080
0.159813,9.82149,7081
0.226183,10.1924,7082
0.172421,9.80219,7083
0.227399,10.2011,7084
0.190886,9.79003,7085
0.19799,10.1978,7086
0.167429,9.80075,7087
0.224263,10.1986,7088
0.17015,9.81553,7089
0.220807,10.1946,7090
0.176678,9.79784,7091
0.227655,10.2042,7092
0.177062,9.79893,7093
0.191078,10.2029,7094
0.186438,9.79761,7095
0.219495,10.19,7096
0.160741,9.8051,7097
0.226663,10.1896,7098
0.183077,9.81125,7099
0.203622,10.1878,7100
0.154853,9.82049,7101
0.23812,10.1936,7102
0.175109,9.80149,7103
0.226567,10.2659,7104
0.169222,9.72641,7105
0.194118,10.1997,7106
0.176517,9.81649,7107
0.232711,10.191,7108
0.187557,9.80097,7109
0.215815,10.2048,7110
0.182918,9.79281,7111
0.19463,10.2063,7112
0.164454,9.79963,7113
0.230343,10.1867,7114
0.181862,9.80142,7115
0.203303,10.1912,7116
0.167493,9.80558,7117
0.232903,10.2044,7118
0.182982,9.80536,7119
0.243463,10.1978,7120
0.161669,9.79637,7121
0.197222,10.2141,7122
0.163205,9.78254,7123
0.208167,10.1944,7124
0.157188,9.80798,7125
0.210343,10.2,7126
0.191365,9.80136,7127
0.225895,10.2113,7128
0.18983,9.79528,7129
0.219271,10.1949,7130
0.172005,9.81134,7131
0.220199,10.2413,7132
0.170629,9.75483,7133
0.204678,10.1786,7134
0.173318,9.81918,7135
0.18903,10.1734,7136
0.169061,9.82104,7137
0.227143,10.1874,7138
0.183941,9.82549,7139
0.209607,10.1742,7140
0.163045,9.8203,7141
0.233607,10.1896,7142
0.172741,9.80078,7143
0.22804,10.2301,7144
0.186054,9.78664,7145
0.240103,10.1875,7146
0.17799,9.81147,7147
0.241095,10.1961,7148
0.181253,9.79525,7149
0.231591,10.2041,7150
0.189926,9.79499,7151
0.219623,10.1998,7152
0.181062,9.81006,7153
0.19751,10.1764,7154
0.175077,9.8228,7155
0.238791,10.2052,7156
0.164165,9.78539,7157
0.197126,10.1808,7158
0.182757,9.82081,7159
0.212615,10.1725,7160
0.189318,9.83822,7161
0.235911,10.1827,7162
0.164197,9.8133,7163
0.24468,10.237,7164
0.185606,9.75214,7165
0.488239,10.1291,7166
0.175686,9.87707,7167
0.220519,10.1945,7168
0.191814,9.81211,7169
0.228871,10.2026,7170
0.168325,9.77659,7171
0.227239,10.2406,7172
0.169989,9.76491,7173
0.235176,10.202,7174
0.167301,9.79813,7175
0.215975,10.2297,7176
0.174949,9.7828,7177
0.237416,10.1911,7178
0.185094,9.81246,7179
0.219239,10.1892,7180
0.173701,9.80302,7181
0.207526,10.2113,7182
0.164517,9.7932,7183
0.19111,10.1701,7184
0.176998,9.81528,7185
0.23828,10.2521,7186
0.166565,9.75528,7187
0.221895,10.183,7188
0.175557,9.8277,7189
0.221095,10.1869,7190
0.174405,9.80923,7191
0.208966,10.1807,7192
0.196646,9.81521,7193
0.238695,10.2223,7194
0.166853,9.77569,7195
0.241672,10.2001,7196
0.159525,9.79016,7197
0.214247,10.2131,7198
0.182341,9.79349,7199
0.207431,10.2031,7200
0.172101,9.79483,7201
0.216903,10.201,7202
0.179397,9.79675,7203
0.211719,10.1983,7204
0.173989,9.8108,7205
0.202695,10.1922,7206
0.188966,9.81633,7207
0.19991,10.1775,7208
0.18247,9.81048,7209
0.234311,10.2142,7210
0.167269,9.77947,7211
0.195974,10.1859,7212
0.167397,9.82088,7213
0.224582,10.1945,7214
0.183206,9.79918,7215
0.240135,10.2665,7216
0.191973,9.75121,7217
0.219015,10.1939,7218
0.17527,9.80008,7219
0.219238,10.2151,7220
0.167429,9.77438,7221
0.251623,10.1965,7222
0.171782,9.80865,7223
0.248647,10.191,7224
0.18279,9.80228,7225
0.191334,10.1832,7226
0.17799,9.82123,7227
0.212646,10.1957,7228
0.177509,9.81061,7229
0.215175,10.2248,7230
0.189126,9.78405,7231
0.213799,10.192,7232
0.164837,9.79313,7233
0.222151,10.2227,7234
0.18391,9.77124,7235
0.202855,10.2045,7236
0.161573,9.79409,7237
0.214887,10.1993,7238
0.185125,9.80347,7239
0.226791,10.1984,7240
0.177733,9.80894,7241
0.2378,10.1913,7242
0.186726,9.8107,7243
0.230343,10.197,7244
0.19015,9.79259,7245
0.201958,10.2037,7246
0.177894,9.80616,7247
0.223526,10.1918,7248
0.180262,9.81662,7249
0.231624,10.1797,7250
0.185606,9.80229,7251
0.204774,10.2054,7252
0.163237,9.80033,7253
0.213286,10.191,7254
0.178118,9.80904,7255
0.200711,10.185,7256
0.173574,9.81809,7257
0.230375,10.189,7258
0.185798,9.80203,7259
0.217959,10.2196,7260
0.17479,9.78677,7261
0.205446,10.2131,7262
0.170437,9.79521,7263
0.225511,10.1862,7264
0.18439,9.79985,7265
0.23044,10.2452,7266
0.189222,9.76584,7267
0.227047,10.221,7268
0.176997,9.77861,7269
0.200902,10.2092,7270
0.154149,9.79358,7271
0.212006,10.1735,7272
0.165381,9.81281,7273
0.204934,10.2149,7274
0.172965,9.79112,7275
0.225735,10.1571,7276
0.175621,9.84491,7277
0.21943,10.2319,7278
0.18007,9.76984,7279
0.230567,10.194,7280
0.179846,9.80597,7281
0.234855,10.1914,7282
0.178598,9.80888,7283
0.234183,10.1877,7284
0.185766,9.81217,7285
0.195014,10.2467,7286
0.167685,9.75095,7287
0.232615,10.209,7288
0.176518,9.79451,7289
0.228423,10.2473,7290
0.181029,9.76126,7291
0.213191,10.1786,7292
0.174693,9.80949,7293
0.23828,10.1943,7294
0.161349,9.81441,7295
0.226247,10.191,7296
0.176389,9.79572,7297
0.194566,10.2028,7298
0.165797,9.79915,7299
0.169446,10.2095,7300
0.170982,9.78616,7301
0.234887,10.1944,7302
0.182214,9.81713,7303
0.230471,10.1981,7304
0.180005,9.79521,7305
0.221318,10.1966,7306
0.171814,9.80984,7307
0.228967,10.1892,7308
0.17943,9.80846,7309
0.221767,10.2303,7310
0.182533,9.76561,7311
0.23908,10.1985,7312
0.182918,9.81339,7313
0.223495,10.1868,7314
0.173893,9.79736,7315
0.24484,10.2288,7316
0.187525,9.78801,7317
0.214919,10.1893,7318
0.193446,9.80216,7319
0.246536,10.2021,7320
0.168997,9.80328,7321
0.254856,10.1869,7322
0.181637,9.80884,7323
0.248136,10.252,7324
0.183622,9.75649,7325
0.191974,10.1757,7326
0.173734,9.81304,7327
0.219111,10.2162,7328
0.185509,9.7955,7329
0.198886,10.1707,7330
0.188326,9.82817,7331
0.221447,10.1836,7332
0.178277,9.8042,7333
0.219559,10.1988,7334
0.185702,9.81265,7335
0.184389,10.1891,7336
0.180422,9.80014,7337
0.233351,10.2009,7338
0.178853,9.80789,7339
0.222311,10.1904,7340
0.181733,9.80411,7341
0.221542,10.2047,7342
0.162565,9.78881,7343
0.233287,10.2229,7344
0.174565,9.78049,7345
0.181797,10.193,7346
0.167877,9.79822,7347
0.215719,10.2122,7348
0.180966,9.79412,7349
0.223751,10.2399,7350
0.183142,9.7732,7351
0.224551,10.1678,7352
0.18407,9.8251,7353
0.237767,10.2,7354
0.172581,9.79886,7355
0.202886,10.1823,7356
0.156037,9.80398,7357
0.22359,10.2329,7358
0.17527,9.77054,7359
0.220743,10.2188,7360
0.176901,9.79086,7361
0.198023,10.1702,7362
0.182757,9.82741,7363
0.243016,10.197,7364
0.183558,9.81464,7365
0.19607,10.1725,7366
0.163493,9.80913,7367
0.212966,10.2036,7368
0.184933,9.81595,7369
0.211974,10.1994,7370
0.185862,9.7995,7371
0.20919,10.1734,7372
0.174149,9.81029,7373
0.233511,10.2068,7374
0.175366,9.80312,7375
0.188998,10.1839,7376
0.183046,9.80677,7377
0.252327,10.1968,7378
0.183334,9.81035,7379
0.237192,10.2046,7380
0.184549,9.79742,7381
0.245863,10.2354,7382
0.181861,9.75694,7383
0.202726,10.1868,7384
0.183206,9.82581,7385
0.242952,10.1739,7386
0.182982,9.8267,7387
0.228903,10.2082,7388
0.184581,9.78462,7389
0.210407,10.1925,7390
0.185158,9.80481,7391
0.208902,10.2461,7392
0.184358,9.74638,7393
0.19191,10.1974,7394
0.19447,9.80145,7395
0.203494,10.1937,7396
0.174661,9.80961,7397
0.226855,10.2058,7398
0.187206,9.79345,7399
0.220103,10.1989,7400
0.183301,9.80641,7401
0.205446,10.1839,7402
0.167717,9.80833,7403
0.220583,10.2451,7404
0.17799,9.75886,7405
0.218151,10.2029,7406
0.165669,9.80116,7407
0.186309,10.2702,7408
0.172805,9.73156,7409
0.201958,10.1761,7410
0.180134,9.81297,7411
0.213959,10.2382,7412
0.175781,9.78087,7413
0.204966,10.1732,7414
0.163013,9.81697,7415
0.235975,10.2629,7416
0.19143,9.73726,7417
0.20887,10.1952,7418
0.182086,9.81486,7419
0.234216,10.1891,7420
0.180997,9.79332,7421
0.201478,10.211,7422
0.165061,9.78584,7423
0.222983,10.208,7424
0.18999,9.81096,7425
0.183622,10.1749,7426
0.193318,9.81262,7427
0.225191,10.2216,7428
0.18071,9.77288,7429
0.204646,10.1883,7430
0.163877,9.81416,7431
0.216934,10.1731,7432
0.169253,9.82212,7433
0.239175,10.2062,7434
0.170501,9.79998,7435
0.231143,10.2,7436
0.189061,9.79979,7437
0.220263,10.1997,7438
0.172197,9.80417,7439
0.226055,10.2281,7440
0.189734,9.77105,7441
0.218791,10.1882,7442
0.175909,9.80907,7443
0.236679,10.2195,7444
0.180838,9.77975,7445
0.222407,10.1988,7446
0.188293,9.80904,7447
0.226407,10.1908,7448
0.171781,9.81038,7449
0.232936,10.2564,7450
0.177189,9.73553,7451
0.206342,10.1976,7452
0.17575,9.80452,7453
0.221287,10.2051,7454
0.154533,9.79684,7455
0.18087,10.1878,7456
0.162245,9.81217,7457
0.231944,10.183,7458
0.178598,9.81451,7459
0.226567,10.2659,7460
0.183942,9.74113,7461
0.210503,10.1808,7462
0.161509,9.80529,7463
0.214278,10.2062,7464
0.17495,9.79524,7465
0.191302,10.1962,7466
0.189414,9.81739,7467
0.226375,10.2057,7468
0.191974,9.80264,7469
0.224327,10.1992,7470
0.184422,9.79569,7471
0.189766,10.1789,7472
0.165189,9.82072,7473
0.229671,10.2169,7474
0.186022,9.7699,7475
0.187973,10.1907,7476
0.184421,9.81128,7477
0.220006,10.2424,7478
0.192742,9.7595,7479
0.202023,10.1867,7480
0.168485,9.80318,7481
0.228903,10.2098,7482
0.173765,9.79816,7483
0.224551,10.2126,7484
0.180742,9.78939,7485
0.231464,10.2263,7486
0.181478,9.77054,7487
0.188582,10.2029,7488
0.18199,9.80728,7489
0.228839,10.192,7490
0.170373,9.8123,7491
0.206918,10.1792,7492
0.164901,9.81211,7493
0.229255,10.2229,7494
0.169861,9.77348,7495
0.20487,10.1829,7496
0.166501,9.82423,7497
0.198022,10.2023,7498
0.156421,9.78878,7499
0.239015,10.2012,7500
0.17463,9.81486,7501
0.197062,10.1791,7502
0.198598,9.80903,7503
0.216615,10.2068,7504
0.175237,9.78523,7505
0.207719,10.2268,7506
0.159909,9.78321,7507
0.221031,10.1945,7508
0.174917,9.80004,7509
0.22567,10.2001,7510
0.169382,9.80734,7511
0.20647,10.1759,7512
0.158693,9.81015,7513
0.231399,10.2031,7514
0.184485,9.81752,7515
0.197222,10.1879,7516
0.170117,9.80046,7517
0.253639,10.2023,7518
0.174437,9.81073,7519
0.227143,10.1747,7520
0.170277,9.80763,7521
0.19287,10.2241,7522
0.18055,9.78171,7523
0.225479,10.1849,7524
0.187301,9.81163,7525
0.242312,10.1984,7526
0.165445,9.81304,7527
0.224359,10.1931,7528
0.183622,9.8123,7529
0.246056,10.1999,7530
0.155396,9.7947,7531
0.211207,10.2337,7532
0.165733,9.76788,7533
0.220967,10.1971,7534
0.188678,9.79556,7535
0.21223,10.1901,7536
0.192485,9.80145,7537
0.205542,10.1937,7538
0.170502,9.81988,7539
0.231239,10.2025,7540
0.189285,9.78667,7541
0.212487,10.1916,7542
0.170021,9.81175,7543
0.219335,10.2395,7544
0.195462,9.7643,7545
0.240711,10.2015,7546
0.178181,9.80619,7547
0.209671,10.2009,7548
0.179429,9.79054,7549
0.224423,10.1935,7550
0.177862,9.80759,7551
0.203175,10.2047,7552
0.156741,9.78366,7553
0.237,10.205,7554
0.173573,9.7994,7555
0.20599,10.188,7556
0.182502,9.80759,7557
0.450062,10.1682,7558
0.178822,9.84078,7559
0.212999,10.1987,7560
0.176965,9.79761,7561
0.207046,10.1884,7562
0.164517,9.82273,7563
0.230279,10.1952,7564
0.190886,9.8075,7565
0.19607,10.1866,7566
0.190438,9.80139,7567
0.227783,10.1885,7568
0.177093,9.81662,7569
0.204454,10.1848,7570
0.168069,9.81028,7571
0.221159,10.1949,7572
0.156933,9.79659,7573
0.228422,10.2097,7574
0.188486,9.80977,7575
0.244551,10.1858,7576
0.175269,9.80302,7577
0.2554,10.1994,7578
0.171301,9.7964,7579
0.234503,10.2096,7580
0.175717,9.79316,7581
0.191942,10.1899,7582
0.173925,9.81025,7583
0.242535,10.2044,7584
0.159333,9.79864,7585
0.192262,10.2028,7586
0.167365,9.80593,7587
0.237927,10.1874,7588
0.169125,9.79595,7589
0.222023,10.1998,7590
0.182597,9.82075,7591
0.185701,10.2015,7592
0.156773,9.79406,7593
0.231047,10.191,7594
0.176229,9.79873,7595
0.207334,10.179,7596
0.171397,9.82071,7597
0.190726,10.1955,7598
0.175109,9.80055,7599
0.230919,10.205,7600
0.185606,9.81275,7601
0.210214,10.1664,7602
0.163141,9.82171,7603
0.219431,10.239,7604
0.17639,9.77297,7605
0.228519,10.1834,7606
0.163621,9.8003,7607
0.19847,10.182,7608
0.169381,9.8106,7609
0.219847,10.2138,7610
0.172581,9.79047,7611
0.47275,10.0048,7612
0.18407,9.99672,7613
0.220679,10.2375,7614
0.163717,9.76087,7615
0.223686,10.2257,7616
0.181894,9.79447,7617
0.208902,10.1648,7618
0.181285,9.82971,7619
0.218887,10.2196,7620
0.187878,9.78609,7621
0.208615,10.1673,7622
0.175109,9.83012,7623
0.230183,10.1881,7624
0.176742,9.79527,7625
0.197382,10.1976,7626
0.173029,9.81236,7627
0.200294,10.1882,7628
0.191334,9.80855,7629
0.204774,10.2319,7630
0.164293,9.77585,7631
0.224903,10.183,7632
0.177445,9.80337,7633
0.223047,10.1871,7634
0.175813,9.81812,7635
0.216102,10.2398,7636
0.17815,9.76126,7637
0.222919,10.1996,7638
0.175365,9.79268,7639
0.26068,10.2029,7640
0.188485,9.80455,7641
0.218183,10.1919,7642
0.193158,9.81003,7643
0.232679,10.2033,7644
0.182853,9.79236,7645
0.224807,10.2047,7646
0.177574,9.79444,7647
0.214343,10.1999,7648
0.184902,9.80542,7649
0.213735,10.2037,7650
0.187045,9.79255,7651
0.219079,10.1878,7652
0.175142,9.81377,7653
0.223687,10.2317,7654
0.176997,9.76634,7655
0.222694,10.1878,7656
0.170501,9.81444,7657
0.231079,10.2049,7658
0.180325,9.79892,7659
0.223175,10.1996,7660
0.183142,9.80833,7661
0.220327,10.196,7662
0.160389,9.79995,7663
0.244103,10.2598,7664
0.166405,9.73108,7665
0.225767,10.1937,7666
0.190406,9.80199,7667
0.230087,10.2004,7668
0.176421,9.81662,7669
0.220263,10.1778,7670
0.161637,9.80958,7671
0.24196,10.2092,7672
0.18519,9.79108,7673
0.218375,10.2363,7674
0.173541,9.76798,7675
0.199622,10.1894,7676
0.150469,9.7995,7677
0.216903,10.242,7678
0.188134,9.76442,7679
0.247847,10.2063,7680
0.164389,9.80206,7681
0.221351,10.1896,7682
0.171877,9.79691,7683
0.217895,10.2096,7684
0.182981,9.79031,7685
0.194598,10.1871,7686
0.169349,9.8089,7687
0.242024,10.2105,7688
0.184358,9.80446,7689
0.218791,10.1961,7690
0.174534,9.81162,7691
0.236327,10.2616,7692
0.187334,9.7282,7693
0.25316,10.2173,7694
0.17991,9.79431,7695
0.203654,10.1987,7696
0.160709,9.79611,7697
0.241607,10.2325,7698
0.191237,9.77025,7699
0.192646,10.1858,7700
0.18775,9.81518,7701
0.211846,10.1735,7702
0.170725,9.80827,7703
0.217511,10.187,7704
0.159077,9.82699,7705
0.19671,10.174,7706
0.168518,9.8147,7707
0.237351,10.1931,7708
0.174853,9.82081,7709
0.219975,10.1767,7710
0.179397,9.80916,7711
0.207654,10.1884,7712
0.174821,9.80638,7713
0.231367,10.1993,7714
0.173061,9.81012,7715
0.193702,10.1828,7716
0.184133,9.8186,7717
0.248776,10.2175,7718
0.192485,9.79124,7719
0.223335,10.2124,7720
0.180869,9.769,7721
0.215239,10.1843,7722
0.160901,9.82609,7723
0.240328,10.2112,7724
0.196742,9.79115,7725
0.232359,10.1897,7726
0.178246,9.79713,7727
0.227142,10.2087,7728
0.186886,9.79614,7729
0.193766,10.1953,7730
0.177061,9.80721,7731
0.230119,10.2034,7732
0.183974,9.79975,7733
0.249575,10.1906,7734
0.175173,9.80251,7735
0.250727,10.2646,7736
0.187237,9.74295,7737
0.247463,10.1971,7738
0.184581,9.81316,7739
0.215334,10.1696,7740
0.173254,9.82823,7741
0.210086,10.1873,7742
0.178694,9.80855,7743
0.230471,10.1956,7744
0.172069,9.79665,7745
0.235527,10.2018,7746
0.19031,9.81012,7747
0.231111,10.1971,7748
0.18007,9.79351,7749
0.218055,10.2185,7750
0.176646,9.78122,7751
0.197958,10.1861,7752
0.162917,9.81019,7753
0.211174,10.191,7754
0.18743,9.81313,7755
0.221766,10.19,7756
0.161669,9.81665,7757
0.224166,10.1952,7758
0.179077,9.80074,7759
0.223975,10.1827,7760
0.181094,9.81403,7761
0.223591,10.2666,7762
0.162565,9.72119,7763
0.207495,10.1942,7764
0.181093,9.8139,7765
0.251463,10.204,7766
0.177733,9.8003,7767
0.217255,10.1924,7768
0.180069,9.81873,7769
0.229094,10.2254,7770
0.19287,9.76666,7771
0.216359,10.1926,7772
0.164357,9.79572,7773
0.233383,10.2202,7774
0.183653,9.781,7775
0.193701,10.2001,7776
0.178214,9.8002,7777
0.2418,10.1937,7778
0.186054,9.81054,7779
0.195142,10.1922,7780
0.182278,9.81076,7781
0.217318,10.1814,7782
0.166629,9.81102,7783
0.230247,10.2141,7784
0.184389,9.78657,7785
0.20791,10.1852,7786
0.184933,9.8274,7787
0.222791,10.2489,7788
0.189414,9.73524,7789
0.226631,10.202,7790
0.175141,9.81118,7791
0.225382,10.1953,7792
0.172421,9.80148,7793
0.219527,10.1916,7794
0.173925,9.79415,7795
0.214566,10.1944,7796
0.180485,9.82801,7797
0.211815,10.2542,7798
0.176262,9.73085,7799
0.236711,10.1962,7800
0.176614,9.80378,7801
0.212615,10.1955,7802
0.166629,9.8075,7803
0.223527,10.2263,7804
0.178534,9.77271,7805
0.19495,10.1967,7806
0.16599,9.81511,7807
0.223399,10.1843,7808
0.176133,9.79866,7809
0.221798,10.1898,7810
0.18967,9.81578,7811
0.239239,10.1966,7812
0.161317,9.79921,7813
0.234919,10.2239,7814
0.191142,9.78525,7815
0.203014,10.172,7816
0.166341,9.82951,7817
0.210054,10.189,7818
0.184006,9.80692,7819
0.222983,10.1962,7820
0.151364,9.80174,7821
0.235207,10.2002,7822
0.167173,9.79492,7823
0.233607,10.2017,7824
0.173445,9.80545,7825
0.164357,10.2037,7826
0.18631,9.79646,7827
0.217415,10.1825,7828
0.174597,9.82138,7829
0.225254,10.1861,7830
0.188134,9.82078,7831
0.211238,10.2171,7832
0.162373,9.77831,7833
0.221831,10.1823,7834
0.182661,9.81444,7835
0.205862,10.1794,7836
0.177509,9.82209,7837
0.201734,10.1733,7838
0.166309,9.81374,7839
0.221414,10.2104,7840
0.174917,9.79543,7841
0.201926,10.1888,7842
0.181733,9.82699,7843
0.215527,10.1812,7844
0.186437,9.80561,7845
0.191142,10.2097,7846
0.174598,9.785,7847
0.238983,10.2063,7848
0.176006,9.79185,7849
0.192614,10.1976,7850
0.185189,9.82113,7851
0.231079,10.1803,7852
0.167813,9.80036,7853
0.212327,10.2024,7854
0.179942,9.8011,7855
0.221927,10.2658,7856
0.158757,9.73681,7857
0.226215,10.1992,7858
0.170437,9.79684,7859
0.218663,10.205,7860
0.174277,9.7986,7861
0.239719,10.2252,7862
0.171429,9.77678,7863
0.227655,10.2332,7864
0.157189,9.77437,7865
0.198086,10.1854,7866
0.154725,9.81553,7867
0.199974,10.1757,7868
0.162181,9.80532,7869
0.261032,10.2023,7870
0.176965,9.80583,7871
0.219911,10.2616,7872
0.169061,9.74145,7873
0.206854,10.235,7874
0.180261,9.75694,7875
0.206982,10.1901,7876
0.175205,9.81422,7877
0.197382,10.188,7878
0.168165,9.805,7879
0.211878,10.2036,7880
0.176965,9.80199,7881
0.199078,10.2152,7882
0.173957,9.79543,7883
0.240871,10.2203,7884
0.169605,9.76951,7885
0.18887,10.2128,7886
0.177509,9.78842,7887
0.219046,10.1974,7888
0.181637,9.79556,7889
0.220742,10.2018,7890
0.181029,9.80001,7891
0.188581,10.1931,7892
0.164069,9.81396,7893
0.238951,10.1946,7894
0.18007,9.80177,7895
0.179237,10.0933,7896
0.180998,9.90737,7897
0.210247,10.2017,7898
0.158084,9.80193,7899
0.221831,10.2224,7900
0.179077,9.77758,7901
0.224327,10.1891,7902
0.160197,9.80164,7903
0.21959,10.205,7904
0.186277,9.79828,7905
0.214343,10.2086,7906
0.177349,9.79041,7907
0.248872,10.2044,7908
0.18871,9.80324,7909
0.223975,10.2177,7910
0.164037,9.78724,7911
0.225799,10.1841,7912
0.173221,9.82314,7913
0.233031,10.1816,7914
0.177254,9.7963,7915
0.20455,10.1852,7916
0.17863,9.81796,7917
0.22519,10.2001,7918
0.181541,9.80074,7919
0.207302,10.1841,7920
0.181285,9.81252,7921
0.217798,10.2689,7922
0.175781,9.74007,7923
0.242888,10.2081,7924
0.181318,9.78772,7925
0.234504,10.2114,7926
0.184677,9.80612,7927
0.235303,10.1854,7928
0.162373,9.79025,7929
0.227527,10.2283,7930
0.171654,9.78013,7931
0.232551,10.1997,7932
0.168326,9.79569,7933
0.222278,10.2018,7934
0.190821,9.79959,7935
0.19943,10.1964,7936
0.163717,9.80036,7937
0.253223,10.2619,7938
0.178789,9.74711,7939
0.198406,10.1814,7940
0.159941,9.80644,7941
0.22455,10.2225,7942
0.174821,9.78058,7943
0.215303,10.2701,7944
0.174982,9.73165,7945
0.192582,10.1937,7946
0.172293,9.80401,7947
0.221062,10.2403,7948
0.174117,9.76455,7949
0.21991,10.232,7950
0.169477,9.7633,7951
0.212646,10.2027,7952
0.178885,9.79719,7953
0.210118,10.1921,7954
0.176581,9.80929,7955
0.189606,10.2021,7956
0.163557,9.79687,7957
0.220327,10.2049,7958
0.179398,9.80519,7959
0.20487,10.2073,7960
0.184806,9.78794,7961
0.241384,10.1989,7962
0.169157,9.80593,7963
0.221671,10.1886,7964
0.181285,9.80519,7965
0.234023,10.1993,7966
0.182245,9.79828,7967
0.221703,10.2057,7968
0.19831,9.80804,7969
0.249928,10.2058,7970
0.180486,9.79271,7971
0.213702,10.1889,7972
0.162148,9.81601,7973
0.217926,10.1753,7974
0.185766,9.80884,7975
0.20247,10.2181,7976
0.169477,9.78017,7977
0.225351,10.2517,7978
0.177158,9.74938,7979
0.233319,10.2061,7980
0.162021,9.80938,7981
0.231975,10.1865,7982
0.182245,9.79713,7983
0.208422,10.2267,7984
0.180934,9.78532,7985
0.18871,10.1743,7986
0.195462,9.81847,7987
0.242472,10.2051,7988
0.174533,9.79137,7989
0.232199,10.215,7990
0.17799,9.78538,7991
0.180166,10.1848,7992
0.168165,9.81073,7993
0.211558,10.2324,7994
0.183013,9.79197,7995
0.200006,10.1865,7996
0.172485,9.80948,7997
0.232167,10.1946,7998
0.194182,9.80103,7999
0.216134,10.1781,8000
0.168101,9.82212,8001
0.194181,10.1702,8002
0.181318,9.81399,8003
0.232071,10.2018,8004
0.164645,9.79924,8005
0.221287,10.195,8006
0.188294,9.80941,8007
0.213094,10.182,8008
0.169829,9.81252,8009
0.221415,10.206,8010
0.195494,9.80577,8011
0.221383,10.1851,8012
0.15578,9.80503,8013
0.232103,10.2442,8014
0.179173,9.75853,8015
0.221607,10.231,8016
0.179238,9.76858,8017
0.199942,10.1952,8018
0.187493,9.80756,8019
0.183877,10.1941,8020
0.177318,9.81549,8021
0.211142,10.2049,8022
0.173765,9.78013,8023
0.233287,10.2046,8024
0.179525,9.8017,8025
0.194694,10.1844,8026
0.166757,9.82212,8027
0.238183,10.1978,8028
0.188806,9.80253,8029
0.209478,10.1828,8030
0.157573,9.80247,8031
0.436621,9.99147,8032
0.166213,10.018,8033
0.218406,10.1919,8034
0.185862,9.8049,8035
0.200966,10.189,8036
0.163973,9.81242,8037
0.218247,10.1939,8038
0.172165,9.80263,8039
0.233735,10.2317,8040
0.172293,9.76909,8041
0.223111,10.2014,8042
0.18951,9.79681,8043
0.226919,10.2065,8044
0.174181,9.79703,8045
0.231655,10.2479,8046
0.18263,9.7665,8047
0.2354,10.2359,8048
0.181061,9.76561,8049
0.227879,10.2175,8050
0.184933,9.77351,8051
0.244167,10.2044,8052
0.180582,9.78074,8053
0.244359,10.2028,8054
0.186822,9.81108,8055
0.227463,10.2014,8056
0.172677,9.80781,8057
0.237927,10.1914,8058
0.186566,9.78743,8059
0.235079,10.2358,8060
0.175941,9.77684,8061
0.186982,10.1942,8062
0.170789,9.79719,8063
0.213895,10.1979,8064
0.180165,9.81021,8065
0.22167,10.1973,8066
0.173189,9.79969,8067
0.228327,10.2004,8068
0.175046,9.80522,8069
0.218215,10.2257,8070
0.184166,9.76733,8071
0.224998,10.2312,8072
0.169829,9.7657,8073
0.19831,10.1884,8074
0.164677,9.8073,8075
0.227047,10.2118,8076
0.182406,9.79204,8077
0.22855,10.2086,8078
0.183013,9.7922,8079
0.186246,10.1925,8080
0.188357,9.80023,8081
0.238503,10.2048,8082
0.172261,9.80845,8083
0.215719,10.2243,8084
0.181606,9.77041,8085
0.20007,10.1943,8086
0.181669,9.81389,8087
0.232455,10.1993,8088
0.185894,9.79357,8089
0.234951,10.2074,8090
0.178437,9.78871,8091
0.225095,10.2053,8092
0.177414,9.8065,8093
0.20567,10.2113,8094
0.176293,9.78173,8095
0.237927,10.2066,8096
0.165797,9.78768,8097
0.241479,10.1983,8098
0.182597,9.81735,8099
0.231431,10.1917,8100
0.170789,9.80071,8101
0.223175,10.2571,8102
0.188101,9.74301,8103
0.221639,10.1801,8104
0.179046,9.83277,8105
0.243815,10.1832,8106
0.160997,9.80346,8107
0.226279,10.2049,8108
0.183205,9.79927,8109
0.241063,10.1921,8110
0.192038,9.80471,8111
0.228135,10.1942,8112
0.173445,9.79799,8113
0.224998,10.228,8114
0.179878,9.77949,8115
0.236807,10.2024,8116
0.184837,9.79328,8117
0.234087,10.2568,8118
0.166949,9.74349,8119
0.239079,10.224,8120
0.181509,9.77904,8121
0.223174,10.2284,8122
0.174981,9.76535,8123
0.209542,10.2009,8124
0.174213,9.80253,8125
0.24468,10.2863,8126
0.174662,9.72736,8127
0.249448,10.2573,8128
0.182373,9.73396,8129
0.216775,10.1828,8130
0.176389,9.81575,8131
0.246215,10.2136,8132
0.167013,9.78596,8133
0.234247,10.1917,8134
0.189478,9.81357,8135
0.210375,10.2017,8136
0.172965,9.8025,8137
0.229191,10.1946,8138
0.199142,9.80954,8139
0.215398,10.1741,8140
0.161349,9.80868,8141
0.244936,10.2013,8142
0.184773,9.8073,8143
0.220422,10.1825,8144
0.176518,9.81959,8145
0.223879,10.1928,8146
0.190118,9.80513,8147
0.21447,10.1927,8148
0.177765,9.81649,8149
0.232039,10.2144,8150
0.177221,9.78141,8151
0.225543,10.1978,8152
0.176197,9.79341,8153
0.194342,10.1802,8154
0.183653,9.82049,8155
0.17319,10.1862,8156
0.185414,9.81591,8157
0.214855,10.1896,8158
0.17479,9.80186,8159
0.215974,10.2078,8160
0.185254,9.80074,8161
0.244232,10.2011,8162
0.190373,9.7993,8163
0.213415,10.1798,8164
0.18071,9.82148,8165
0.209318,10.1816,8166
0.161317,9.80631,8167
0.235816,10.2022,8168
0.177061,9.80519,8169
0.237703,10.2148,8170
0.183366,9.78858,8171
0.214183,10.1936,8172
0.175397,9.80589,8173
0.220007,10.2104,8174
0.177957,9.7986,8175
0.198374,10.1878,8176
0.170437,9.79476,8177
0.221159,10.2374,8178
0.189478,9.77172,8179
0.218791,10.1901,8180
0.177381,9.80295,8181
0.200166,10.1983,8182
0.174501,9.797,8183
0.223495,10.2411,8184
0.183878,9.76068,8185
0.215847,10.1899,8186
0.162725,9.80794,8187
0.228583,10.2048,8188
0.179141,9.79965,8189
0.225255,10.2008,8190
0.180294,9.79751,8191
0.21383,10.2051,8192
0.180838,9.80612,8193
0.218823,10.1939,8194
0.199174,9.80321,8195
0.194501,10.2206,8196
0.186021,9.78736,8197
0.237895,10.2412,8198
0.184613,9.74179,8199
0.224935,10.2465,8200
0.19015,9.77194,8201
0.233927,10.1953,8202
0.187685,9.80433,8203
0.211462,10.2006,8204
0.170853,9.78096,8205
0.189254,10.2059,8206
0.170597,9.80925,8207
0.211782,10.1859,8208
0.184357,9.79882,8209
0.22407,10.2177,8210
0.183077,9.78727,8211
0.240423,10.1998,8212
0.184965,9.80941,8213
0.227623,10.1771,8214
0.164709,9.8241,8215
0.238855,10.2563,8216
0.185573,9.73763,8217
0.248423,10.2338,8218
0.182342,9.75876,8219
0.241223,10.207,8220
0.177509,9.79536,8221
0.214407,10.269,8222
0.177061,9.73328,8223
0.222182,10.2015,8224
0.183206,9.79399,8225
0.246536,10.2378,8226
0.170917,9.76042,8227
0.227399,10.2014,8228
0.172069,9.80176,8229
0.242375,10.2025,8230
0.18567,9.81328,8231
0.21111,10.1682,8232
0.177445,9.82781,8233
0.243207,10.1804,8234
0.190758,9.81495,8235
0.220743,10.1898,8236
0.176358,9.81402,8237
0.200966,10.1726,8238
0.191173,9.81546,8239
0.236839,10.1952,8240
0.188326,9.81268,8241
0.218919,10.1776,8242
0.166981,9.81847,8243
0.206214,10.2014,8244
0.174501,9.79831,8245
0.216774,10.1968,8246
0.184582,9.80135,8247
0.228903,10.2633,8248
0.180677,9.73802,8249
0.205158,10.1946,8250
0.168485,9.79655,8251
0.231014,10.2361,8252
0.185478,9.78519,8253
0.210854,10.1741,8254
0.193734,9.82596,8255
0.230151,10.1616,8256
0.192038,9.83914,8257
0.209543,10.1761,8258
0.199398,9.81626,8259
0.224647,10.1981,8260
0.163397,9.79658,8261
0.219558,10.1927,8262
0.180709,9.8193,8263
0.22775,10.1901,8264
0.18615,9.80237,8265
0.240007,10.2084,8266
0.181797,9.79821,8267
0.226311,10.1887,8268
0.176453,9.81124,8269
0.222343,10.2485,8270
0.197894,9.7546,8271
0.229927,10.239,8272
0.17271,9.74487,8273
0.209222,10.2129,8274
0.167813,9.79645,8275
0.225703,10.1939,8276
0.180614,9.81255,8277
0.210854,10.1748,8278
0.172485,9.81485,8279
0.233511,10.2014,8280
0.192038,9.8056,8281
0.218054,10.1989,8282
0.167301,9.79047,8283
0.231047,10.2034,8284
0.162597,9.78877,8285
0.214823,10.2036,8286
0.18023,9.81444,8287
0.245863,10.1802,8288
0.18327,9.82176,8289
0.223079,10.1945,8290
0.186533,9.80032,8291
0.233607,10.1974,8292
0.187493,9.80695,8293
0.19671,10.1762,8294
0.167877,9.81063,8295
0.246279,10.2065,8296
0.183718,9.80023,8297
0.214246,10.1829,8298
0.177989,9.824,8299
0.20615,10.1775,8300
0.184454,9.80314,8301
0.192902,10.1875,8302
0.171269,9.82839,8303
0.221958,10.2187,8304
0.18727,9.77133,8305
0.237351,10.2127,8306
0.171973,9.79722,8307
0.226919,10.2378,8308
0.17831,9.76576,8309
0.206534,10.2376,8310
0.175269,9.7481,8311
0.246855,10.2012,8312
0.186437,9.80215,8313
0.200454,10.2122,8314
0.179686,9.78794,8315
0.227463,10.2062,8316
0.180966,9.79607,8317
0.245479,10.2042,8318
0.18535,9.79738,8319
0.235303,10.199,8320
0.182854,9.80778,8321
0.228583,10.1881,8322
0.193061,9.79882,8323
0.213127,10.2169,8324
0.168933,9.78327,8325
0.246151,10.2088,8326
0.176838,9.79466,8327
0.241063,10.1988,8328
0.19511,9.80656,8329
0.225255,10.1931,8330
0.169701,9.79501,8331
0.244423,10.1979,8332
0.15914,9.80458,8333
0.244103,10.1968,8334
0.167045,9.81357,8335
0.191942,10.1942,8336
0.183205,9.80199,8337
0.248295,10.1987,8338
0.18967,9.80173,8339
0.214887,10.1827,8340
0.161637,9.80474,8341
0.246471,10.1986,8342
0.177317,9.80848,8343
0.235687,10.214,8344
0.172261,9.79066,8345
0.200294,10.1815,8346
0.181061,9.8266,8347
0.239975,10.1797,8348
0.180293,9.80045,8349
0.250471,10.2202,8350
0.182117,9.78509,8351
0.20007,10.1856,8352
0.170821,9.82426,8353
0.235047,10.1929,8354
0.180293,9.8042,8355
0.19015,10.1968,8356
0.176198,9.79674,8357
0.201606,10.2214,8358
0.160997,9.7801,8359
0.239719,10.2148,8360
0.193062,9.78483,8361
0.219783,10.192,8362
0.181253,9.80874,8363
0.220359,10.1916,8364
0.159109,9.80759,8365
0.204326,10.2212,8366
0.174437,9.76787,8367
0.247623,10.1994,8368
0.167909,9.82151,8369
0.222183,10.1772,8370
0.173861,9.81485,8371
0.238407,10.2071,8372
0.166885,9.7905,8373
0.229126,10.2051,8374
0.182245,9.80064,8375
0.245735,10.2093,8376
0.182565,9.79271,8377
0.255112,10.198,8378
0.194885,9.79639,8379
0.217223,10.2513,8380
0.170213,9.74227,8381
0.243848,10.196,8382
0.183686,9.81517,8383
0.209894,10.1783,8384
0.171173,9.82573,8385
0.202374,10.1992,8386
0.173541,9.78752,8387
0.236327,10.2084,8388
0.176741,9.78835,8389
0.224871,10.198,8390
0.176357,9.82151,8391
0.239879,10.1892,8392
0.170661,9.79571,8393
0.227015,10.2049,8394
0.171653,9.80394,8395
0.19639,10.1883,8396
0.159876,9.80275,8397
0.235495,10.2006,8398
0.181541,9.81031,8399
0.216646,10.1815,8400
0.182565,9.81498,8401
0.213542,10.1811,8402
0.168069,9.8065,8403
0.197606,10.2003,8404
0.170693,9.80128,8405
0.193605,10.2542,8406
0.175717,9.74615,8407
0.206566,10.1968,8408
0.164196,9.80275,8409
0.234439,10.226,8410
0.185894,9.79258,8411
0.233223,10.1826,8412
0.183686,9.81715,8413
0.210534,10.2007,8414
0.164485,9.78512,8415
0.232359,10.2169,8416
0.19415,9.78896,8417
0.235687,10.1976,8418
0.174181,9.79655,8419
0.228327,10.1906,8420
0.175942,9.80263,8421
0.214727,10.2759,8422
0.180965,9.72762,8423
0.228583,10.2491,8424
0.183429,9.75911,8425
0.229863,10.1907,8426
0.169701,9.79908,8427
0.224391,10.2104,8428
0.175525,9.8018,8429
0.223623,10.2266,8430
0.171621,9.76333,8431
0.202598,10.185,8432
0.179941,9.81399,8433
0.212359,10.2117,8434
0.186917,9.79511,8435
0.215974,10.1823,8436
0.165957,9.80839,8437
0.218214,10.1994,8438
0.185797,9.81383,8439
0.218342,10.1835,8440
0.168485,9.80659,8441
0.22551,10.2265,8442
0.179141,9.7729,8443
0.197509,10.1869,8444
0.184165,9.82237,8445
0.232231,10.1989,8446
0.182854,9.81072,8447
0.218663,10.1611,8448
0.177349,9.82356,8449
0.230119,10.1947,8450
0.175205,9.80944,8451
0.240487,10.1839,8452
0.171717,9.82368,8453
0.190373,10.175,8454
0.157988,9.81127,8455
0.222726,10.2245,8456
0.148836,9.77613,8457
0.233063,10.1923,8458
0.19495,9.80266,8459
0.205062,10.1869,8460
0.190853,9.81847,8461
0.232775,10.2023,8462
0.162117,9.81079,8463
0.218278,10.1843,8464
0.163397,9.79536,8465
0.196294,10.2123,8466
0.170693,9.78855,8467
0.207558,10.2014,8468
0.181317,9.80295,8469
0.226055,10.2684,8470
0.171301,9.73751,8471
0.21943,10.2543,8472
0.183846,9.75914,8473
0.20327,10.1671,8474
0.169509,9.80723,8475
0.206438,10.1914,8476
0.187142,9.83175,8477
0.225863,10.1588,8478
0.171269,9.82836,8479
0.220358,10.2275,8480
0.175846,9.7663,8481
0.19895,10.1851,8482
0.183685,9.81508,8483
0.248455,10.2058,8484
0.160292,9.79447,8485
0.232807,10.1857,8486
0.175238,9.81533,8487
0.223783,10.268,8488
0.17959,9.75027,8489
0.20519,10.1676,8490
0.157893,9.81367,8491
0.213606,10.2105,8492
0.177861,9.78861,8493
0.206118,10.1899,8494
0.169157,9.80839,8495
0.228358,10.1961,8496
0.171429,9.81472,8497
0.218534,10.1874,8498
0.175493,9.80349,8499
0.228455,10.2013,8500
0.182501,9.80666,8501
0.225574,10.2011,8502
0.19111,9.79015,8503
0.20519,10.1908,8504
0.171077,9.80967,8505
0.230214,10.199,8506
0.185574,9.80074,8507
0.222246,10.1923,8508
0.186053,9.81021,8509
0.236423,10.2057,8510
0.180869,9.79047,8511
0.20871,10.222,8512
0.183942,9.78963,8513
0.196678,10.1766,8514
0.159045,9.81376,8515
0.219975,10.1983,8516
0.176966,9.80429,8517
0.212678,10.1993,8518
0.167461,9.80054,8519
0.240999,10.2104,8520
0.191398,9.79757,8521
0.219174,10.2123,8522
0.170469,9.78102,8523
0.216838,10.1894,8524
0.164005,9.81312,8525
0.219079,10.2256,8526
0.174918,9.78,8527
0.243335,10.2061,8528
0.193574,9.80112,8529
0.226726,10.1732,8530
0.18199,9.80579,8531
0.204742,10.1931,8532
0.167013,9.82458,8533
0.197862,10.1759,8534
0.184517,9.80887,8535
0.206438,10.2183,8536
0.183142,9.79143,8537
0.216135,10.1873,8538
0.186598,9.80653,8539
0.212967,10.1816,8540
0.18327,9.8152,8541
0.196614,10.183,8542
0.175301,9.81936,8543
0.200678,10.1859,8544
0.176645,9.81511,8545
0.220455,10.1886,8546
0.171301,9.80378,8547
0.201574,10.1971,8548
0.191142,9.80627,8549
0.220678,10.2743,8550
0.173157,9.72425,8551
0.227687,10.2388,8552
0.172581,9.76295,8553
0.255144,10.2328,8554
0.171845,9.776,8555
0.223591,10.1914,8556
0.19079,9.80573,8557
0.221223,10.1889,8558
0.192998,9.80829,8559
0.207559,10.1938,8560
0.156548,9.8178,8561
0.223622,10.2203,8562
0.179685,9.77238,8563
0.234727,10.1994,8564
0.154597,9.78886,8565
0.230407,10.205,8566
0.185765,9.804,8567
0.198566,10.1807,8568
0.181317,9.81581,8569
0.193734,10.1829,8570
0.170949,9.81239,8571
0.198022,10.1907,8572
0.161829,9.81491,8573
0.236935,10.2009,8574
0.179205,9.81613,8575
0.218599,10.1814,8576
0.181285,9.80087,8577
0.217159,10.1985,8578
0.176677,9.8209,8579
0.231302,10.183,8580
0.177093,9.80189,8581
0.240487,10.2091,8582
0.167397,9.78342,8583
0.22199,10.2379,8584
0.179781,9.78359,8585
0.20583,10.187,8586
0.19143,9.80496,8587
0.223143,10.2135,8588
0.169029,9.77357,8589
0.198118,10.1881,8590
0.178501,9.83283,8591
0.217702,10.168,8592
0.174149,9.83229,8593
0.226759,10.165,8594
0.164549,9.8143,8595
0.226214,10.2036,8596
0.184614,9.79779,8597
0.200934,10.229,8598
0.165445,9.76707,8599
0.246151,10.2311,8600
0.177926,9.77901,8601
0.226246,10.1927,8602
0.187653,9.80054,8603
0.230663,10.2111,8604
0.173573,9.78966,8605
0.197125,10.2028,8606
0.176742,9.79626,8607
0.227815,10.2069,8608
0.185894,9.80451,8609
0.229414,10.2004,8610
0.177893,9.80838,8611
0.219527,10.1946,8612
0.184005,9.79283,8613
0.244359,10.2004,8614
0.165381,9.80195,8615
0.219079,10.1906,8616
0.187014,9.8017,8617
0.235751,10.2194,8618
0.183781,9.78656,8619
0.246727,10.226,8620
0.175877,9.77219,8621
0.219975,10.2204,8622
0.165477,9.77469,8623
0.220934,10.202,8624
0.163877,9.81149,8625
0.219271,10.2167,8626
0.178597,9.76803,8627
0.19655,10.2127,8628
0.167077,9.78435,8629
0.207782,10.2483,8630
0.18855,9.76403,8631
0.222694,10.1981,8632
0.193061,9.81101,8633
0.249255,10.1857,8634
0.177477,9.8,8635
0.233735,10.2674,8636
0.181701,9.73446,8637
0.211238,10.2018,8638
0.162853,9.79136,8639
0.242759,10.2302,8640
0.158116,9.76944,8641
0.230151,10.2268,8642
0.180389,9.77946,8643
0.229607,10.1854,8644
0.158309,9.81104,8645
0.230247,10.1985,8646
0.181349,9.80199,8647
0.246311,10.2038,8648
0.178886,9.79962,8649
0.248168,10.1797,8650
0.15498,9.8241,8651
0.225351,10.1937,8652
0.184837,9.8185,8653
0.240871,10.1996,8654
0.163813,9.79331,8655
0.246055,10.1918,8656
0.176453,9.80291,8657
0.245511,10.2014,8658
0.169701,9.80608,8659
0.244423,10.2164,8660
0.160837,9.77024,8661
0.240615,10.2037,8662
0.168549,9.80106,8663
0.228519,10.1968,8664
0.177701,9.8145,8665
0.198662,10.1855,8666
0.172613,9.79837,8667
0.228135,10.209,8668
0.179973,9.79869,8669
0.228391,10.2013,8670
0.184965,9.79974,8671
0.227975,10.198,8672
0.189318,9.80483,8673
0.226055,10.1944,8674
0.18839,9.7921,8675
0.22471,10.209,8676
0.177605,9.80858,8677
0.234663,10.1976,8678
0.183749,9.79104,8679
0.210983,10.1942,8680
0.157733,9.80771,8681
0.230055,10.2339,8682
0.179141,9.7705,8683
0.200262,10.1795,8684
0.169413,9.82438,8685
0.190213,10.1908,8686
0.164261,9.79286,8687
0.237191,10.1991,8688
0.179494,9.81744,8689
0.22295,10.1959,8690
0.174309,9.80525,8691
0.21607,10.1797,8692
0.187046,9.82195,8693
0.235463,10.193,8694
0.164677,9.79597,8695
0.230663,10.1983,8696
0.165413,9.80813,8697
0.229447,10.1909,8698
0.180869,9.79747,8699
0.222471,10.1988,8700
0.175942,9.80403,8701
0.189798,10.1792,8702
0.167269,9.83082,8703
0.232007,10.2182,8704
0.168805,9.77949,8705
0.215814,10.1882,8706
0.174149,9.79488,8707
0.234919,10.2092,8708
0.182949,9.79955,8709
0.204038,10.2054,8710
0.179397,9.80784,8711
0.227526,10.2533,8712
0.182693,9.73619,8713
0.198054,10.1811,8714
0.170085,9.81126,8715
0.239047,10.2334,8716
0.183813,9.77555,8717
0.235751,10.2266,8718
0.186854,9.76858,8719
0.233127,10.2248,8720
0.171909,9.77142,8721
0.220039,10.1924,8722
0.170949,9.80896,8723
0.223142,10.2259,8724
0.159781,9.77539,8725
0.182885,10.1998,8726
0.177349,9.81638,8727
0.224166,10.1943,8728
0.158789,9.78851,8729
0.244807,10.2252,8730
0.171621,9.77501,8731
0.215046,10.183,8732
0.188645,9.83207,8733
0.228327,10.1895,8734
0.187365,9.79466,8735
0.205318,10.1919,8736
0.162981,9.8015,8737
0.238375,10.2023,8738
0.174309,9.80435,8739
0.194118,10.1962,8740
0.169413,9.79978,8741
0.226758,10.2268,8742
0.19111,9.77734,8743
0.231463,10.2094,8744
0.179365,9.78685,8745
0.212454,10.1935,8746
0.191525,9.82579,8747
0.212774,10.1577,8748
0.175173,9.8337,8749
0.221542,10.1967,8750
0.177125,9.79411,8751
0.227047,10.2083,8752
0.185478,9.80019,8753
0.218183,10.1834,8754
0.170021,9.80672,8755
0.228006,10.2252,8756
0.165061,9.77936,8757
0.206918,10.1894,8758
0.183685,9.81469,8759
0.231079,10.2287,8760
0.191013,9.78042,8761
0.234407,10.1821,8762
0.176165,9.79734,8763
0.215654,10.2595,8764
0.196358,9.74678,8765
0.195366,10.1988,8766
0.177157,9.80336,8767
0.20743,10.215,8768
0.176806,9.78416,8769
0.223655,10.1987,8770
0.189414,9.8169,8771
0.231142,10.182,8772
0.172677,9.80282,8773
0.231111,10.2068,8774
0.171365,9.78739,8775
0.228326,10.2367,8776
0.177733,9.76858,8777
0.210758,10.1936,8778
0.173766,9.81322,8779
0.221414,10.2225,8780
0.184166,9.78486,8781
0.218823,10.1857,8782
0.165381,9.79456,8783
0.230247,10.1989,8784
0.18711,9.81085,8785
0.204838,10.1759,8786
0.177126,9.81418,8787
0.231175,10.2071,8788
0.181702,9.79773,8789
0.224966,10.2275,8790
0.176549,9.77305,8791
0.217991,10.191,8792
0.180901,9.81222,8793
0.230023,10.196,8794
0.168389,9.79366,8795
0.19863,10.2019,8796
0.173861,9.80505,8797
0.240583,10.2068,8798
0.164997,9.78947,8799
0.235655,10.2169,8800
0.177893,9.79283,8801
0.206822,10.1886,8802
0.183045,9.81882,8803
0.218983,10.1881,8804
0.164484,9.80931,8805
0.193286,10.1887,8806
0.176645,9.79981,8807
0.237735,10.1989,8808
0.178501,9.79978,8809
0.222727,10.1885,8810
0.188005,9.8183,8811
0.249607,10.2124,8812
0.189382,9.78761,8813
0.237031,10.1967,8814
0.173445,9.80058,8815
0.224902,10.2289,8816
0.184997,9.77136,8817
0.241415,10.2182,8818
0.174949,9.77888,8819
0.249224,10.1982,8820
0.175109,9.80125,8821
0.222343,10.2091,8822
0.179397,9.79059,8823
0.236679,10.2031,8824
0.183781,9.79341,8825
0.233895,10.2258,8826
0.164164,9.77568,8827
0.22855,10.2079,8828
0.167717,9.78998,8829
0.220583,10.2125,8830
0.172869,9.79152,8831
0.210375,10.1857,8832
0.160421,9.82755,8833
0.219207,10.2119,8834
0.16762,9.77216,8835
0.221351,10.2001,8836
0.179333,9.81853,8837
0.235623,10.2606,8838
0.196646,9.72461,8839
0.236103,10.2052,8840
0.174565,9.79174,8841
0.224839,10.2444,8842
0.177349,9.75795,8843
0.211142,10.1876,8844
0.173573,9.80387,8845
0.226759,10.201,8846
0.179429,9.80294,8847
0.220358,10.1967,8848
0.180517,9.808,8849
0.228999,10.2056,8850
0.185061,9.79632,8851
0.204006,10.2128,8852
0.185509,9.80288,8853
0.226951,10.1883,8854
0.171749,9.79651,8855
0.194758,10.1916,8856
0.176965,9.80691,8857
0.206246,10.2164,8858
0.167141,9.78189,8859
0.230214,10.2341,8860
0.184869,9.7712,8861
0.233895,10.2246,8862
0.156677,9.77193,8863
0.231431,10.2439,8864
0.186406,9.75827,8865
0.181958,10.185,8866
0.170629,9.81187,8867
0.20615,10.1917,8868
0.166308,9.80774,8869
0.215367,10.1977,8870
0.171589,9.8007,8871
0.227175,10.2717,8872
0.166021,9.74243,8873
0.229767,10.1859,8874
0.170021,9.8193,8875
0.206246,10.1954,8876
0.167301,9.78797,8877
0.215911,10.2008,8878
0.169893,9.81155,8879
0.215655,10.1943,8880
0.152357,9.79149,8881
0.21735,10.2384,8882
0.178757,9.76867,8883
0.209158,10.1788,8884
0.158788,9.81325,8885
0.221094,10.2124,8886
0.178086,9.79049,8887
0.224935,10.2061,8888
0.177734,9.79395,8889
0.241767,10.217,8890
0.189766,9.78736,8891
0.222054,10.1891,8892
0.194181,9.81392,8893
0.225287,10.2239,8894
0.18391,9.76966,8895
0.209062,10.1996,8896
0.165477,9.79881,8897
0.200741,10.186,8898
0.177414,9.82329,8899
0.233415,10.1961,8900
0.174277,9.79661,8901
0.217094,10.1878,8902
0.170149,9.81539,8903
0.236391,10.1982,8904
0.177286,9.81334,8905
0.228903,10.1698,8906
0.177509,9.81315,8907
0.255591,10.2023,8908
0.171461,9.81081,8909
0.227238,10.1912,8910
0.192454,9.79613,8911
0.241543,10.2048,8912
0.189926,9.79933,8913
0.445581,9.98128,8914
0.185061,10.012,8915
0.20839,10.2166,8916
0.176837,9.80163,8917
0.237735,10.1945,8918
0.205702,9.79043,8919
0.233927,10.1866,8920
0.171941,9.82326,8921
0.218087,10.2189,8922
0.178565,9.7727,8923
0.223687,10.2278,8924
0.171173,9.77008,8925
0.20407,10.2128,8926
0.154661,9.78083,8927
0.242856,10.2092,8928
0.170085,9.796,8929
0.244231,10.1999,8930
0.183302,9.79827,8931
0.207622,10.1963,8932
0.166917,9.8201,8933
0.220903,10.1891,8934
0.173029,9.80781,8935
0.20087,10.2419,8936
0.169701,9.74627,8937
0.194278,10.2434,8938
0.172325,9.7519,8939
0.240935,10.2661,8940
0.168868,9.74854,8941
0.217159,10.2034,8942
0.168069,9.79414,8943
0.214471,10.2018,8944
0.182117,9.80768,8945
0.20631,10.1803,8946
0.172869,9.81977,8947
0.216999,10.1597,8948
0.175365,9.82781,8949
0.238471,10.1995,8950
0.192198,9.79885,8951
0.235399,10.2333,8952
0.189574,9.77305,8953
0.230311,10.2079,8954
0.168965,9.78774,8955
0.200678,10.2108,8956
0.155269,9.79622,8957
0.230183,10.1948,8958
0.174405,9.79942,8959
0.224902,10.1954,8960
0.168293,9.80432,8961
0.222055,10.2423,8962
0.190021,9.75184,8963
0.220743,10.1938,8964
0.181861,9.80928,8965
0.194469,10.1966,8966
0.156356,9.80009,8967
0.220391,10.1851,8968
0.177349,9.83341,8969
0.21191,10.1707,8970
0.169317,9.81565,8971
0.229639,10.1926,8972
0.184965,9.80729,8973
0.211207,10.1966,8974
0.176805,9.80448,8975
0.205318,10.1807,8976
0.169733,9.82096,8977
0.204454,10.1747,8978
0.177381,9.82144,8979
0.207974,10.2062,8980
0.184902,9.79305,8981
0.202053,10.2078,8982
0.171973,9.79091,8983
0.21799,10.1889,8984
0.180165,9.80515,8985
0.227399,10.202,8986
0.190662,9.80332,8987
0.231079,10.2029,8988
0.175397,9.81251,8989
0.223463,10.1869,8990
0.172261,9.81453,8991
0.189285,10.164,8992
0.171173,9.82633,8993
0.234151,10.2342,8994
0.177605,9.7648,8995
0.204581,10.1845,8996
0.19047,9.81187,8997
0.200805,10.1863,8998
0.183205,9.82761,8999
0.226758,10.1755,9000
0.18359,9.81177,9001
0.236423,10.1975,9002
0.186405,9.81014,9003
0.236518,10.1931,9004
0.187877,9.79926,9005
0.213094,10.183,9006
0.169541,9.82569,9007
0.22039,10.1851,9008
0.177861,9.80163,9009
0.238279,10.2016,9010
0.189958,9.80473,9011
0.223399,10.1941,9012
0.183718,9.79837,9013
0.240583,10.2014,9014
0.184741,9.80169,9015
0.209382,10.1886,9016
0.163844,9.81155,9017
0.229223,10.1962,9018
0.197126,9.81891,9019
0.224743,10.1952,9020
0.174342,9.80547,9021
0.218311,10.194,9022
0.178789,9.79017,9023
0.230503,10.1967,9024
0.175013,9.79958,9025
0.201862,10.2194,9026
0.174021,9.80083,9027
0.214535,10.1804,9028
0.175077,9.79987,9029
0.231207,10.2342,9030
0.183333,9.77798,9031
0.208103,10.1822,9032
0.169701,9.80454,9033
0.211494,10.2001,9034
0.182406,9.81133,9035
0.217415,10.1977,9036
0.181574,9.79318,9037
0.199718,10.2554,9038
0.181094,9.74547,9039
0.233511,10.2011,9040
0.180901,9.81664,9041
0.202662,10.1719,9042
0.174213,9.81587,9043
0.211879,10.1841,9044
0.183909,9.81251,9045
0.203142,10.1971,9046
0.186405,9.81766,9047
0.214919,10.1918,9048
0.177509,9.79021,9049
0.22855,10.2218,9050
0.17607,9.77916,9051
0.218215,10.1972,9052
0.179845,9.82131,9053
0.211686,10.1676,9054
0.166885,9.81974,9055
0.199494,10.1982,9056
0.171781,9.80742,9057
0.191557,10.1815,9058
0.179333,9.8048,9059
0.22759,10.1957,9060
0.190438,9.80684,9061
0.244487,10.207,9062
0.183013,9.81097,9063
0.213158,10.1761,9064
0.182405,9.80758,9065
0.197862,10.1862,9066
0.171269,9.81325,9067
0.230855,10.1941,9068
0.183653,9.80669,9069
0.242376,10.2225,9070
0.180134,9.78345,9071
0.235783,10.2386,9072
0.189382,9.75456,9073
0.233191,10.1937,9074
0.18647,9.8024,9075
0.203718,10.1819,9076
0.182502,9.81891,9077
0.198598,10.214,9078
0.19671,9.7984,9079
0.234023,10.1982,9080
0.175429,9.79123,9081
0.228711,10.2035,9082
0.177669,9.79932,9083
0.214502,10.1924,9084
0.179461,9.80627,9085
0.195397,10.19,9086
0.19191,9.81376,9087
0.214438,10.1851,9088
0.181637,9.82428,9089
0.244583,10.1885,9090
0.182917,9.81485,9091
0.243847,10.1844,9092
0.168549,9.80019,9093
0.228998,10.2363,9094
0.181925,9.76265,9095
0.217542,10.204,9096
0.168645,9.80246,9097
0.239207,10.194,9098
0.171653,9.81168,9099
0.208518,10.2269,9100
0.178757,9.76342,9101
0.208294,10.1937,9102
0.161796,9.81529,9103
0.207302,10.1989,9104
0.164357,9.79385,9105
0.21047,10.1853,9106
0.178469,9.80969,9107
0.223718,10.2209,9108
0.164677,9.77792,9109
0.198214,10.2161,9110
0.182469,9.78918,9111
0.229095,10.1745,9112
0.173925,9.82928,9113
0.228295,10.1971,9114
0.177862,9.79184,9115
0.197414,10.1918,9116
0.173893,9.81085,9117
0.230023,10.2044,9118
0.17975,9.80012,9119
0.228327,10.2293,9120
0.180069,9.76832,9121
0.225766,10.1998,9122
0.187782,9.80627,9123
0.249863,10.1878,9124
0.177286,9.80851,9125
0.211302,10.2197,9126
0.169413,9.77491,9127
0.20727,10.2094,9128
0.168805,9.80412,9129
0.196262,10.1691,9130
0.173669,9.81622,9131
0.180582,10.1696,9132
0.165412,9.82841,9133
0.174501,10.1726,9134
0.175685,9.83328,9135
0.231975,10.1684,9136
0.166437,9.82717,9137
0.174469,10.1642,9138
0.176741,9.83645,9139
0.226279,10.1745,9140
0.165925,9.8264,9141
0.235815,10.2048,9142
0.175973,9.79664,9143
0.228775,10.1949,9144
0.19415,9.80845,9145
0.211815,10.212,9146
0.191365,9.80201,9147
0.200038,10.1684,9148
0.176901,9.81526,9149
0.212422,10.1986,9150
0.183237,9.8016,9151
0.227047,10.2001,9152
0.179429,9.80246,9153
0.222119,10.1934,9154
0.175173,9.80493,9155
0.199942,10.2103,9156
0.168773,9.78166,9157
0.242311,10.2207,9158
0.189221,9.79017,9159
0.211238,10.1802,9160
0.180709,9.82054,9161
0.198758,10.1766,9162
0.176742,9.82333,9163
0.199686,10.1838,9164
0.177189,9.81088,9165
0.204102,10.2207,9166
0.175045,9.79673,9167
0.201158,10.1789,9168
0.170117,9.80243,9169
0.232711,10.2221,9170
0.182277,9.78432,9171
0.199558,10.1804,9172
0.174245,9.8303,9173
0.233767,10.1837,9174
0.170853,9.81715,9175
0.195046,10.1776,9176
0.161445,9.80809,9177
0.217318,10.19,9178
0.195366,9.81417,9179
0.233191,10.1994,9180
0.182661,9.80105,9181
0.246472,10.1905,9182
0.19047,9.8055,9183
0.212167,10.2146,9184
0.171237,9.7856,9185
0.20167,10.1842,9186
0.185797,9.81529,9187
0.218918,10.1933,9188
0.177286,9.81087,9189
0.224966,10.2099,9190
0.182086,9.79913,9191
0.233191,10.2037,9192
0.18119,9.78383,9193
0.252295,10.2014,9194
0.176005,9.79926,9195
0.206662,10.1868,9196
0.172581,9.81404,9197
0.224742,10.2078,9198
0.174661,9.79052,9199
0.218374,10.1831,9200
0.179845,9.81043,9201
0.240711,10.2094,9202
0.184869,9.81059,9203
0.219239,10.1852,9204
0.181957,9.79788,9205
0.214854,10.2004,9206
0.159076,9.8078,9207
0.20903,10.1833,9208
0.166629,9.81008,9209
0.219654,10.1972,9210
0.191589,9.80592,9211
0.222214,10.1994,9212
0.188038,9.79881,9213
0.234727,10.2678,9214
0.172613,9.73183,9215
0.189542,10.1811,9216
0.173509,9.8192,9217
0.244263,10.1966,9218
0.188358,9.81452,9219
0.21671,10.1914,9220
0.183653,9.81174,9221
0.226951,10.1803,9222
0.178054,9.81728,9223
0.221766,10.2164,9224
0.195206,9.78627,9225
0.198821,10.1809,9226
0.162052,9.81616,9227
0.217095,10.1917,9228
0.164357,9.80736,9229
0.242215,10.2125,9230
0.178469,9.78163,9231
0.221031,10.1948,9232
0.184293,9.79417,9233
0.238087,10.2104,9234
0.183749,9.79798,9235
0.206246,10.188,9236
0.152676,9.80265,9237
0.222279,10.209,9238
0.177285,9.79616,9239
0.232422,10.2331,9240
0.176293,9.76822,9241
0.263656,10.1994,9242
0.185925,9.80675,9243
0.219142,10.1898,9244
0.190021,9.81897,9245
0.170533,10.171,9246
0.200902,9.81324,9247
0.244359,10.2062,9248
0.188357,9.80857,9249
0.235143,10.1901,9250
0.196965,9.81078,9251
0.198214,10.1871,9252
0.184165,9.79734,9253
0.203525,10.2278,9254
0.18583,9.77555,9255
0.189702,10.2001,9256
0.173861,9.79315,9257
0.216934,10.2658,9258
0.17735,9.73916,9259
0.207686,10.2136,9260
0.176581,9.78713,9261
0.19271,10.1719,9262
0.179397,9.83164,9263
0.207814,10.1781,9264
0.174405,9.8184,9265
0.186917,10.1729,9266
0.168325,9.83702,9267
0.226055,10.1754,9268
0.174021,9.8184,9269
0.2666,10.1959,9270
0.175397,9.81299,9271
0.258887,10.1827,9272
0.185061,9.81116,9273
0.236871,10.1834,9274
0.185989,9.82489,9275
0.242727,10.2099,9276
0.163909,9.77967,9277
0.225542,10.1895,9278
0.162533,9.81132,9279
0.211046,10.1764,9280
0.183973,9.8175,9281
0.234183,10.2004,9282
0.186374,9.79551,9283
0.199846,10.2172,9284
0.173861,9.78316,9285
0.188005,10.2016,9286
0.180869,9.80288,9287
0.236294,10.1969,9288
0.184389,9.81062,9289
0.209638,10.185,9290
0.186278,9.80975,9291
0.19831,10.1843,9292
0.174693,9.82371,9293
0.236455,10.256,9294
0.188613,9.73951,9295
0.221958,10.1925,9296
0.188998,9.79699,9297
0.219782,10.212,9298
0.195813,9.8015,9299
0.19383,10.1858,9300
0.183749,9.80419,9301
0.253032,10.2065,9302
0.181349,9.80742,9303
0.267208,10.1865,9304
0.188293,9.81324,9305
0.241383,10.1918,9306
0.160421,9.79561,9307
0.235558,10.1972,9308
0.18215,9.80447,9309
0.228423,10.1955,9310
0.185222,9.81526,9311
0.226086,10.1719,9312
0.178629,9.82985,9313
0.247431,10.191,9314
0.17098,9.79116,9315
0.21783,10.23,9316
0.16042,9.78265,9317
0.195238,10.1752,9318
0.167621,9.81843,9319
0.194278,10.1581,9320
0.190406,9.85318,9321
0.237927,10.1865,9322
0.184165,9.79971,9323
0.208294,10.1922,9324
0.170917,9.82,9325
0.197286,10.1747,9326
0.16746,9.82304,9327
0.219399,10.2199,9328
0.169188,9.78451,9329
0.235239,10.1837,9330
0.173797,9.81219,9331
0.245351,10.2037,9332
0.185797,9.79247,9333
0.206726,10.1801,9334
0.183302,9.80883,9335
0.211238,10.1945,9336
0.164645,9.80019,9337
0.224135,10.2096,9338
0.185158,9.80592,9339
0.21127,10.1806,9340
0.174117,9.81798,9341
0.216582,10.2486,9342
0.165252,9.74511,9343
0.217478,10.1975,9344
0.173797,9.81907,9345
0.23079,10.1554,9346
0.172676,9.83932,9347
0.225863,10.1821,9348
0.181957,9.80432,9349
0.237063,10.2141,9350
0.173637,9.7959,9351
0.214215,10.1737,9352
0.184389,9.8336,9353
0.214374,10.1646,9354
0.178758,9.82537,9355
0.192197,10.2006,9356
0.172325,9.79305,9357
0.212742,10.2285,9358
0.171397,9.78518,9359
0.223015,10.1904,9360
0.186502,9.81424,9361
0.231591,10.1924,9362
0.177253,9.79055,9363
0.245159,10.1963,9364
0.156293,9.80556,9365
0.25716,10.1984,9366
0.170629,9.79958,9367
0.233479,10.2001,9368
0.173701,9.80944,9369
0.217798,10.1836,9370
0.182245,9.81449,9371
0.237063,10.2334,9372
0.182821,9.76652,9373
0.252967,10.2096,9374
0.179461,9.77935,9375
0.236039,10.2054,9376
0.164357,9.81091,9377
0.223111,10.1883,9378
0.189478,9.81551,9379
0.238919,10.1826,9380
0.186469,9.8159,9381
0.213414,10.1808,9382
0.167045,9.80329,9383
0.205574,10.2012,9384
0.172997,9.79625,9385
0.224006,10.2322,9386
0.185606,9.78047,9387
0.19927,10.1805,9388
0.181509,9.80876,9389
0.226727,10.2053,9390
0.185318,9.81225,9391
0.218119,10.1869,9392
0.171621,9.80793,9393
0.224647,10.2592,9394
0.196614,9.73126,9395
0.199558,10.198,9396
0.170981,9.81257,9397
0.21943,10.179,9398
0.169541,9.80671,9399
0.217894,10.2331,9400
0.178566,9.7863,9401
0.230662,10.1965,9402
0.151781,9.7918,9403
0.235175,10.1947,9404
0.176421,9.79775,9405
0.20167,10.1998,9406
0.162757,9.79935,9407
0.20007,10.1969,9408
0.173381,9.81068,9409
0.225382,10.2181,9410
0.176293,9.77846,9411
0.220231,10.2297,9412
0.157988,9.76377,9413
0.237254,10.2129,9414
0.173797,9.79897,9415
0.193894,10.1819,9416
0.172357,9.82351,9417
0.241255,10.1877,9418
0.179877,9.79769,9419
0.226375,10.2016,9420
0.167013,9.80079,9421
0.209958,10.2437,9422
0.185765,9.75702,9423
0.213062,10.1835,9424
0.18871,9.81683,9425
0.235238,10.2123,9426
0.183365,9.80447,9427
0.219942,10.1888,9428
0.181477,9.80028,9429
0.240422,10.2003,9430
0.187494,9.79407,9431
0.219975,10.1973,9432
0.178821,9.80745,9433
0.207974,10.2014,9434
0.195974,9.79698,9435
0.213702,10.1901,9436
0.161765,9.80025,9437
0.227111,10.2087,9438
0.195366,9.80249,9439
0.225319,10.1882,9440
0.174853,9.8199,9441
0.223462,10.209,9442
0.178277,9.78361,9443
0.220583,10.1862,9444
0.157828,9.80083,9445
0.197222,10.205,9446
0.182053,9.79657,9447
0.208678,10.1865,9448
0.174149,9.83471,9449
0.248647,10.1955,9450
0.176389,9.78467,9451
0.200454,10.2238,9452
0.171365,9.79679,9453
0.240135,10.1901,9454
0.175269,9.80899,9455
0.220359,10.2199,9456
0.167333,9.7607,9457
0.216102,10.2188,9458
0.177125,9.7974,9459
0.237734,10.2263,9460
0.167173,9.76447,9461
0.236263,10.185,9462
0.180517,9.81526,9463
0.204486,10.224,9464
0.192037,9.78729,9465
0.193605,10.1976,9466
0.180133,9.78172,9467
0.215366,10.2143,9468
0.181605,9.79286,9469
0.220263,10.2632,9470
0.171621,9.73628,9471
0.228678,10.2036,9472
0.187654,9.79702,9473
0.234023,10.1928,9474
0.168453,9.81347,9475
0.207142,10.2072,9476
0.157189,9.78607,9477
0.213094,10.2272,9478
0.177861,9.77228,9479
0.199014,10.2091,9480
0.169956,9.79964,9481
0.218631,10.1818,9482
0.185062,9.80735,9483
0.209702,10.1929,9484
0.167812,9.8176,9485
0.222151,10.1876,9486
0.164901,9.79932,9487
0.229606,10.2122,9488
0.194854,9.78966,9489
0.235975,10.219,9490
0.178053,9.79164,9491
0.219558,10.1912,9492
0.170629,9.79938,9493
0.222886,10.218,9494
0.189605,9.80063,9495
0.207046,10.1923,9496
0.184197,9.79833,9497
0.201094,10.1789,9498
0.156804,9.82655,9499
0.212134,10.1914,9500
0.181541,9.80207,9501
0.243431,10.1707,9502
0.186662,9.83062,9503
0.251784,10.1909,9504
0.192869,9.81929,9505
0.198661,10.1768,9506
0.181381,9.81183,9507
0.224934,10.1936,9508
0.177509,9.80249,9509
0.180517,10.1967,9510
0.161893,9.81241,9511
0.219718,10.2025,9512
0.181157,9.80223,9513
0.209158,10.1692,9514
0.156485,9.80706,9515
0.233222,10.2017,9516
0.172133,9.81177,9517
0.203493,10.1797,9518
0.171141,9.82703,9519
0.232999,10.1933,9520
0.180773,9.80847,9521
0.225254,10.2243,9522
0.170053,9.75996,9523
0.208166,10.1909,9524
0.182054,9.80674,9525
0.239207,10.2684,9526
0.178021,9.74882,9527
0.226503,10.218,9528
0.172388,9.78556,9529
0.201798,10.1684,9530
0.18087,9.82271,9531
0.224391,10.2195,9532
0.185669,9.77558,9533
0.239143,10.2021,9534
0.186789,9.79647,9535
0.175237,10.1832,9536
0.18311,9.83161,9537
0.240263,10.1884,9538
0.183078,9.80396,9539
0.227622,10.1905,9540
0.15354,9.81279,9541
0.189093,10.1891,9542
0.193702,9.81247,9543
0.208774,10.1812,9544
0.179077,9.80118,9545
0.197286,10.195,9546
0.158789,9.81343,9547
0.212102,10.1873,9548
0.177093,9.81148,9549
0.231559,10.2155,9550
0.177605,9.78115,9551
0.223494,10.2271,9552
0.179941,9.77586,9553
0.216582,10.2022,9554
0.180133,9.79586,9555
0.185573,10.205,9556
0.166021,9.79097,9557
0.217031,10.2286,9558
0.175365,9.77081,9559
0.206117,10.1962,9560
0.173605,9.80969,9561
0.194917,10.1858,9562
0.190565,9.81695,9563
0.245799,10.224,9564
0.175557,9.77935,9565
0.250439,10.2522,9566
0.172325,9.7421,9567
0.219559,10.1887,9568
0.168805,9.80569,9569
0.21207,10.2447,9570
0.173701,9.7517,9571
0.221958,10.201,9572
0.179973,9.80287,9573
0.22967,10.2072,9574
0.183269,9.78924,9575
0.192965,10.204,9576
0.176773,9.81542,9577
0.220966,10.1797,9578
0.175493,9.81366,9579
0.220615,10.2386,9580
0.168389,9.75039,9581
0.217223,10.2064,9582
0.183013,9.81465,9583
0.230822,10.1874,9584
0.164421,9.79542,9585
0.238407,10.2243,9586
0.181349,9.77746,9587
0.207366,10.1845,9588
0.193734,9.8191,9589
0.224423,10.1898,9590
0.178406,9.80319,9591
0.218182,10.2082,9592
0.177509,9.79516,9593
0.232295,10.1949,9594
0.181477,9.79727,9595
0.185061,10.2303,9596
0.151396,9.76882,9597
0.220646,10.2019,9598
0.159717,9.79554,9599
0.23015,10.2088,9600
0.179909,9.79714,9601
0.214342,10.2334,9602
0.176677,9.77839,9603
0.228614,10.263,9604
0.184069,9.73884,9605
0.232807,10.2246,9606
0.165989,9.77845,9607
0.225767,10.2127,9608
0.184933,9.7775,9609
0.200421,10.1885,9610
0.176581,9.81087,9611
0.255176,10.1978,9612
0.185605,9.80524,9613
0.217926,10.2188,9614
0.170853,9.78018,9615
0.213094,10.2432,9616
0.169541,9.74889,9617
0.195749,10.1956,9618
0.183845,9.82345,9619
0.231559,10.1793,9620
0.190214,9.81046,9621
0.22007,10.2247,9622
0.190117,9.77567,9623
0.235879,10.1876,9624
0.180805,9.8087,9625
0.222982,10.2152,9626
0.180037,9.79807,9627
0.19879,10.1653,9628
0.172005,9.82358,9629
0.459917,9.98109,9630
0.185989,10.0232,9631
0.233447,10.1997,9632
0.176325,9.78518,9633
0.196774,10.1897,9634
0.186502,9.81356,9635
0.175462,10.1915,9636
0.170853,9.80844,9637
0.246759,10.2148,9638
0.159653,9.78322,9639
0.233351,10.2165,9640
0.164452,9.78406,9641
0.214246,10.2289,9642
0.176389,9.77481,9643
0.220807,10.1957,9644
0.179269,9.82201,9645
0.215558,10.178,9646
0.183077,9.80447,9647
0.207558,10.1904,9648
0.19111,9.82841,9649
0.249415,10.1696,9650
0.169733,9.8247,9651
0.230502,10.1967,9652
0.189382,9.79145,9653
0.22087,10.2022,9654
0.167557,9.79471,9655
0.19223,10.194,9656
0.171557,9.79906,9657
0.22135,10.2381,9658
0.175397,9.76937,9659
0.222567,10.2062,9660
0.185829,9.81206,9661
0.213158,10.1958,9662
0.160548,9.78143,9663
0.20231,10.2322,9664
0.172645,9.7741,9665
0.187845,10.1829,9666
0.165509,9.80962,9667
0.239879,10.1964,9668
0.183814,9.82684,9669
0.20743,10.1671,9670
0.175237,9.81382,9671
0.223718,10.2083,9672
0.177669,9.79068,9673
0.20487,10.1965,9674
0.175941,9.81321,9675
0.204646,10.1892,9676
0.194917,9.8021,9677
0.21079,10.1962,9678
0.175429,9.7997,9679
0.217318,10.2016,9680
0.163556,9.80284,9681
0.231815,10.2004,9682
0.186406,9.80662,9683
0.245191,10.193,9684
0.156197,9.79695,9685
0.190373,10.2005,9686
0.173509,9.8071,9687
0.19479,10.1873,9688
0.156004,9.81174,9689
0.222886,10.2545,9690
0.18247,9.7461,9691
0.216198,10.1988,9692
0.184646,9.80962,9693
0.223111,10.1775,9694
0.178501,9.81625,9695
0.198342,10.1938,9696
0.185093,9.80639,9697
0.217126,10.186,9698
0.175717,9.81334,9699
0.22967,10.205,9700
0.188645,9.79849,9701
0.221062,10.1806,9702
0.167876,9.81391,9703
0.21991,10.192,9704
0.167268,9.82018,9705
0.185413,10.1665,9706
0.185861,9.82774,9707
0.211398,10.2407,9708
0.170917,9.76421,9709
0.226182,10.2507,9710
0.180485,9.75202,9711
0.215334,10.1955,9712
0.166949,9.8021,9713
0.215014,10.1738,9714
0.183077,9.81202,9715
0.21607,10.1848,9716
0.182629,9.81244,9717
0.220134,10.209,9718
0.160388,9.79157,9719
0.224487,10.2052,9720
0.184613,9.8127,9721
0.217574,10.1804,9722
0.181285,9.807,9723
0.20103,10.2448,9724
0.167525,9.74837,9725
0.186054,10.2049,9726
0.172229,9.80646,9727
0.221862,10.2101,9728
0.175845,9.78437,9729
0.189445,10.2,9730
0.176389,9.80729,9731
0.241286,10.1932,9732
0.176645,9.80143,9733
0.244487,10.2018,9734
0.188166,9.79455,9735
0.20455,10.1843,9736
0.168133,9.81574,9737
0.202022,10.1859,9738
0.162821,9.82764,9739
0.227463,10.1825,9740
0.174853,9.80687,9741
0.24231,10.2203,9742
0.176325,9.77945,9743
0.241286,10.2333,9744
0.183941,9.76681,9745
0.192038,10.1997,9746
0.198278,9.80242,9747
0.200421,10.1903,9748
0.180037,9.81292,9749
0.231686,10.225,9750
0.180645,9.76194,9751
0.230663,10.1993,9752
0.181093,9.81084,9753
0.206278,10.2044,9754
0.159589,9.80079,9755
0.214662,10.1717,9756
0.173989,9.82038,9757
0.206694,10.1787,9758
0.164741,9.81036,9759
0.245415,10.2625,9760
0.181861,9.75081,9761
0.222182,10.2049,9762
0.176101,9.78636,9763
0.239655,10.2376,9764
0.178598,9.76796,9765
0.207558,10.2083,9766
0.170277,9.79151,9767
0.236807,10.2026,9768
0.186981,9.79839,9769
0.209222,10.1932,9770
0.175717,9.80101,9771
0.22407,10.1993,9772
0.171781,9.81029,9773
0.232327,10.2713,9774
0.171333,9.71877,9775
0.230503,10.2276,9776
0.178661,9.78149,9777
0.195109,10.1836,9778
0.159684,9.82454,9779
0.217702,10.1672,9780
0.172933,9.81951,9781
0.250216,10.2033,9782
0.175173,9.81324,9783
0.236422,10.2024,9784
0.185189,9.7933,9785
0.224167,10.2096,9786
0.190437,9.77324,9787
0.217575,10.2,9788
0.16986,9.80041,9789
0.233766,10.2087,9790
0.184357,9.79359,9791
0.249799,10.2341,9792
0.185093,9.78626,9793
0.241895,10.1906,9794
0.154949,9.78921,9795
0.227879,10.205,9796
0.171333,9.7965,9797
0.203942,10.2002,9798
0.174021,9.81055,9799
0.213062,10.1705,9800
0.180837,9.81615,9801
0.220774,10.192,9802
0.170213,9.80812,9803
0.225894,10.2051,9804
0.164581,9.79484,9805
0.198277,10.2028,9806
0.164165,9.8046,9807
0.23383,10.1984,9808
0.185541,9.79612,9809
0.203653,10.2053,9810
0.185221,9.80031,9811
0.239079,10.1942,9812
0.185893,9.8055,9813
0.228263,10.2022,9814
0.182693,9.79142,9815
0.199877,10.187,9816
0.181733,9.81772,9817
0.240935,10.1993,9818
0.183078,9.79996,9819
0.205542,10.1887,9820
0.19031,9.81247,9821
0.225799,10.2087,9822
0.173125,9.7933,9823
0.182246,10.2127,9824
0.166309,9.78047,9825
0.181158,10.1931,9826
0.175973,9.81058,9827
0.22279,10.178,9828
0.181733,9.81833,9829
0.21079,10.195,9830
0.179397,9.80917,9831
0.225095,10.2313,9832
0.183909,9.78204,9833
0.221862,10.1765,9834
0.174981,9.82268,9835
0.196837,10.2028,9836
0.172997,9.79673,9837
0.216935,10.1947,9838
0.181766,9.78892,9839
0.210726,10.1907,9840
0.193637,9.81692,9841
0.480301,10.1429,9842
0.171365,9.84937,9843
0.200326,10.1863,9844
0.16074,9.82754,9845
0.18503,10.1728,9846
0.169253,9.82716,9847
0.208806,10.1705,9848
0.172293,9.81279,9849
0.228966,10.2138,9850
0.181445,9.79653,9851
0.241831,10.2238,9852
0.171269,9.78831,9853
0.226023,10.1802,9854
0.179333,9.80418,9855
0.247879,10.1953,9856
0.185349,9.80975,9857
0.209606,10.1888,9858
0.159492,9.80508,9859
0.217062,10.1974,9860
0.17847,9.80226,9861
0.218438,10.1871,9862
0.180901,9.82041,9863
0.227751,10.2311,9864
0.181669,9.75925,9865
0.198758,10.2019,9866
0.166245,9.7989,9867
0.208646,10.2047,9868
0.169925,9.79861,9869
0.228199,10.2102,9870
0.167365,9.78341,9871
0.218022,10.2415,9872
0.179237,9.76412,9873
0.19943,10.193,9874
0.162148,9.79724,9875
0.222055,10.2404,9876
0.190021,9.77394,9877
0.210118,10.1841,9878
0.165605,9.80578,9879
0.204838,10.1954,9880
0.184293,9.81749,9881
0.227142,10.1871,9882
0.175397,9.80665,9883
0.211142,10.1908,9884
0.157701,9.8005,9885
0.183941,10.1959,9886
0.181093,9.81522,9887
0.210982,10.1966,9888
0.172741,9.79154,9889
0.229511,10.2077,9890
0.189989,9.80082,9891
0.217126,10.1898,9892
0.182981,9.81372,9893
0.222759,10.2281,9894
0.177477,9.77407,9895
0.224455,10.192,9896
0.188389,9.80597,9897
0.210374,10.1854,9898
0.185605,9.80863,9899
0.192069,10.1959,9900
0.176645,9.80847,9901
0.234471,10.2052,9902
0.173893,9.78952,9903
0.225446,10.2313,9904
0.177797,9.77762,9905
0.199334,10.1866,9906
0.181541,9.81113,9907
0.204102,10.1899,9908
0.173477,9.80863,9909
0.214086,10.2072,9910
0.180005,9.78834,9911
0.231558,10.2086,9912
0.172869,9.78991,9913
0.234439,10.206,9914
0.18951,9.79845,9915
0.240007,10.205,9916
0.185093,9.80988,9917
0.175749,10.1962,9918
0.183397,9.78978,9919
0.218374,10.1893,9920
0.179269,9.82133,9921
0.229094,10.2089,9922
0.169925,9.78319,9923
0.203782,10.2072,9924
0.163172,9.7854,9925
0.195877,10.1986,9926
0.187813,9.82021,9927
0.19927,10.1706,9928
0.170341,9.82124,9929
0.22647,10.2289,9930
0.186341,9.77023,9931
0.19047,10.17,9932
0.183782,9.8221,9933
0.20679,10.1899,9934
0.190501,9.80956,9935
0.235047,10.2284,9936
0.171557,9.77253,9937
0.238951,10.1879,9938
0.164644,9.80444,9939
0.239494,10.2087,9940
0.176805,9.80521,9941
0.209414,10.2164,9942
0.182053,9.77481,9943
0.22071,10.211,9944
0.192869,9.80844,9945
0.226886,10.2348,9946
0.177285,9.74635,9947
0.207109,10.2168,9948
0.169957,9.7804,9949
0.230631,10.2068,9950
0.177605,9.80716,9951
0.233383,10.1893,9952
0.169349,9.80684,9953
0.212454,10.1945,9954
0.190789,9.79951,9955
0.191526,10.2224,9956
0.191909,9.79394,9957
0.212262,10.1781,9958
0.166949,9.80386,9959
0.232806,10.2201,9960
0.188997,9.78639,9961
0.204358,10.1894,9962
0.172549,9.80047,9963
0.237063,10.2014,9964
0.176773,9.81935,9965
0.198246,10.1833,9966
0.172677,9.80021,9967
0.21191,10.2155,9968
0.164453,9.78431,9969
0.236806,10.2011,9970
0.180485,9.80297,9971
0.234087,10.2053,9972
0.175717,9.79333,9973
0.22199,10.2004,9974
0.181125,9.8013,9975
0.194694,10.2003,9976
0.179045,9.80591,9977
0.196902,10.1881,9978
0.176869,9.81029,9979
0.22391,10.1673,9980
0.1625,9.82562,9981
0.245255,10.1838,9982
0.179589,9.82466,9983
0.21783,10.192,9984
0.175301,9.79807,9985
0.19511,10.1856,9986
0.186598,9.82114,9987
0.20295,10.1825,9988
0.167237,9.80239,9989
0.242151,10.2069,9990
0.180677,9.8022,9991
0.212134,10.1966,9992
0.177797,9.80136,9993
0.227431,10.2095,9994
0.180389,9.79903,9995
0.206181,10.1921,9996
0.174469,9.80328,9997
0.197157,10.1832,9998
0.165764,9.81685,9999
0.193382,10.1873,10000
0.177317,9.80546,10001
0.234567,10.2139,10002
0.175365,9.80306,10003
0.249895,10.1958,10004
0.190085,9.79954,10005
0.231783,10.2588,10006
0.182085,9.73448,10007
0.21271,10.1912,10008
0.159301,9.8053,10009
0.187909,10.196,10010
0.178213,9.81103,10011
0.176517,10.1875,10012
0.173605,9.80674,10013
0.231942,10.1925,10014
0.182533,9.80962,10015
0.19447,10.2021,10016
0.184261,9.79538,10017
0.212966,10.1925,10018
0.15914,9.82264,10019
0.230023,10.1914,10020
0.162916,9.79381,10021
0.229542,10.2051,10022
0.179173,9.79976,10023
0.258695,10.1977,10024
0.177029,9.80133,10025
0.223271,10.2313,10026
0.187173,9.76492,10027
0.199974,10.1929,10028
0.164133,9.80796,10029
0.223783,10.2064,10030
0.179909,9.80293,10031
0.223047,10.2185,10032
0.185381,9.7708,10033
0.200069,10.1957,10034
0.156933,9.80063,10035
0.214182,10.2408,10036
0.190949,9.77218,10037
0.208518,10.1837,10038
0.167333,9.80261,10039
0.223302,10.2387,10040
0.178309,9.77368,10041
0.213703,10.1998,10042
0.172357,9.79324,10043
0.236647,10.1916,10044
0.183173,9.82773,10045
0.198918,10.1759,10046
0.185477,9.81452,10047
0.204838,10.1805,10048
0.169765,9.81225,10049
0.202246,10.2172,10050
0.176261,9.78908,10051
0.225126,10.1802,10052
0.171013,9.81849,10053
0.228294,10.2258,10054
0.167429,9.76674,10055
0.182949,10.2014,10056
0.183429,9.80495,10057
0.187525,10.1798,10058
0.167173,9.82066,10059
0.230822,10.1947,10060
0.166821,9.79848,10061
0.221286,10.2046,10062
0.183781,9.79215,10063
0.19623,10.1958,10064
0.160261,9.81103,10065
0.179237,10.2201,10066
0.172549,9.77861,10067
0.206118,10.1861,10068
0.166245,9.82693,10069
0.216902,10.2198,10070
0.17959,9.77595,10071
0.227174,10.1886,10072
0.164805,9.79605,10073
0.202054,10.2006,10074
0.169893,9.80556,10075
0.193926,10.182,10076
0.167077,9.81849,10077
0.207013,10.2486,10078
0.191878,9.76866,10079
0.216102,10.1954,10080
0.185446,9.79359,10081
0.206246,10.2036,10082
0.163141,9.78111,10083
0.231143,10.2031,10084
0.1633,9.80472,10085
0.226246,10.2023,10086
0.181765,9.79871,10087
0.188933,10.1857,10088
0.168997,9.81519,10089
0.230214,10.1977,10090
0.184006,9.80168,10091
0.231623,10.2,10092
0.187621,9.81618,10093
0.22535,10.2375,10094
0.180805,9.75698,10095
0.237862,10.1855,10096
0.174917,9.81874,10097
0.233767,10.1885,10098
0.172229,9.79868,10099
0.260551,10.2271,10100
0.173412,9.77016,10101
0.224583,10.2291,10102
0.170021,9.76927,10103
0.216838,10.183,10104
0.181893,9.81788,10105
0.182629,10.1987,10106
0.177893,9.79983,10107
0.241063,10.2055,10108
0.161316,9.7884,10109
0.213926,10.206,10110
0.173765,9.79346,10111
0.173764,10.2061,10112
0.186822,9.80328,10113
0.225575,10.2029,10114
0.172133,9.80952,10115
0.193157,10.1859,10116
0.178853,9.80274,10117
0.219558,10.1889,10118
0.164613,9.8013,10119
0.233223,10.216,10120
0.169764,9.78908,10121
0.213734,10.247,10122
0.182373,9.75368,10123
0.246055,10.2202,10124
0.173253,9.78197,10125
0.213798,10.2704,10126
0.180358,9.72488,10127
0.192741,10.1856,10128
0.166725,9.81285,10129
0.220006,10.2278,10130
0.188197,9.78411,10131
0.251655,10.1931,10132
0.16282,9.80709,10133
0.22343,10.1982,10134
0.164869,9.79695,10135
0.179685,10.188,10136
0.168325,9.81346,10137
0.233575,10.1821,10138
0.176261,9.82885,10139
0.221926,10.1831,10140
0.166501,9.80805,10141
0.228678,10.2573,10142
0.16554,9.73823,10143
0.226119,10.1958,10144
0.184037,9.80165,10145
0.211974,10.2265,10146
0.18743,9.79292,10147
0.242791,10.1933,10148
0.157541,9.78741,10149
0.217671,10.2043,10150
0.171109,9.8006,10151
0.216934,10.2273,10152
0.182469,9.76786,10153
0.219302,10.2389,10154
0.185925,9.75778,10155
0.181605,10.1916,10156
0.176581,9.81205,10157
0.231814,10.1938,10158
0.160485,9.80671,10159
0.228679,10.236,10160
0.181701,9.76767,10161
0.214278,10.214,10162
0.176517,9.78226,10163
0.236646,10.2389,10164
0.178085,9.76043,10165
0.211558,10.2209,10166
0.177797,9.77602,10167
0.246663,10.2362,10168
0.157861,9.76418,10169
0.223206,10.2036,10170
0.172645,9.7981,10171
0.23959,10.2576,10172
0.177637,9.74447,10173
0.242855,10.2135,10174
0.173188,9.78949,10175
0.221606,10.2104,10176
0.159524,9.7828,10177
0.226406,10.2216,10178
0.178885,9.7853,10179
0.198757,10.1929,10180
0.172421,9.80632,10181
0.231623,10.1997,10182
0.181126,9.81544,10183
0.244039,10.1885,10184
0.191653,9.79634,10185
0.214118,10.1933,10186
0.184102,9.81266,10187
0.217894,10.1802,10188
0.173957,9.80645,10189
0.221126,10.1931,10190
0.182917,9.81551,10191
0.232839,10.1994,10192
0.179045,9.795,10193
0.22919,10.2042,10194
0.191525,9.80325,10195
0.212422,10.2021,10196
0.170501,9.79352,10197
0.225511,10.1988,10198
0.18455,9.80383,10199
0.210214,10.188,10200
0.175973,9.81596,10201
0.231591,10.197,10202
0.188325,9.79979,10203
0.234151,10.2015,10204
0.181413,9.7981,10205
0.185958,10.21,10206
0.176357,9.78956,10207
0.212326,10.1904,10208
0.174309,9.81442,10209
0.200581,10.1863,10210
0.194949,9.80911,10211
0.23031,10.1992,10212
0.177221,9.81496,10213
0.225766,10.1885,10214
0.174692,9.80379,10215
0.19191,10.1958,10216
0.19127,9.79717,10217
0.211014,10.2186,10218
0.181445,9.77682,10219
0.211974,10.1994,10220
0.163012,9.80133,10221
0.236679,10.202,10222
0.187973,9.80386,10223
0.230246,10.2008,10224
0.182534,9.79183,10225
0.190438,10.2315,10226
0.171813,9.78956,10227
0.208358,10.2421,10228
0.165445,9.73887,10229
0.199526,10.186,10230
0.155493,9.8172,10231
0.229031,10.1959,10232
0.172037,9.80197,10233
0.222566,10.1989,10234
0.189925,9.80114,10235
0.210822,10.2422,10236
0.176901,9.76453,10237
0.247367,10.1941,10238
0.178917,9.79823,10239
0.219782,10.1956,10240
0.174373,9.82088,10241
0.226694,10.1885,10242
0.175941,9.80911,10243
0.221414,10.2185,10244
0.194054,9.76815,10245
0.204614,10.193,10246
0.170213,9.80895,10247
0.243687,10.1968,10248
0.173285,9.8062,10249
0.220551,10.2099,10250
0.179333,9.80213,10251
0.229094,10.215,10252
0.184453,9.77391,10253
0.234342,10.2276,10254
0.186821,9.77269,10255
0.190789,10.1947,10256
0.182373,9.79624,10257
0.197894,10.1961,10258
0.166981,9.80341,10259
0.204998,10.2032,10260
0.178693,9.80383,10261
0.205957,10.2155,10262
0.167749,9.77672,10263
0.231463,10.2112,10264
0.184485,9.79496,10265
0.21991,10.2593,10266
0.176165,9.75563,10267
0.218918,10.1978,10268
0.187653,9.78482,10269
0.233382,10.2,10270
0.190501,9.80613,10271
0.228838,10.2036,10272
0.186758,9.79567,10273
0.232711,10.2209,10274
0.189765,9.791,10275
0.22903,10.2085,10276
0.176837,9.79378,10277
0.225702,10.1685,10278
0.193734,9.81861,10279
0.218567,10.2102,10280
0.170437,9.79707,10281
0.216358,10.2275,10282
0.189413,9.75695,10283
0.20583,10.189,10284
0.183078,9.81192,10285
0.197062,10.1967,10286
0.19175,9.80383,10287
0.207142,10.1953,10288
0.154404,9.8077,10289
0.246151,10.2079,10290
0.169988,9.79378,10291
0.239974,10.1921,10292
0.181733,9.82133,10293
0.211494,10.1698,10294
0.184581,9.81301,10295
0.199845,10.1975,10296
0.185989,9.80568,10297
0.236039,10.1994,10298
0.179237,9.79784,10299
0.216166,10.2315,10300
0.173509,9.76094,10301
0.201285,10.1882,10302
0.171653,9.81659,10303
0.210214,10.2185,10304
0.175397,9.79775,10305
0.186886,10.1792,10306
0.186085,9.81368,10307
0.240454,10.1977,10308
0.162821,9.79119,10309
0.232807,10.265,10310
0.179461,9.74274,10311
0.22231,10.191,10312
0.197798,9.81272,10313
0.226982,10.1918,10314
0.182597,9.81199,10315
0.19175,10.1934,10316
0.174245,9.8021,10317
0.216294,10.1912,10318
0.163813,9.79967,10319
0.229735,10.2053,10320
0.173733,9.80386,10321
0.211558,10.1865,10322
0.176453,9.80936,10323
0.224422,10.1978,10324
0.183397,9.8157,10325
0.23735,10.2545,10326
0.174596,9.73067,10327
0.248199,10.215,10328
0.16682,9.78027,10329
0.22535,10.2143,10330
0.181957,9.78808,10331
0.23495,10.1979,10332
0.165285,9.81983,10333
0.222054,10.1761,10334
0.186181,9.81368,10335
0.182245,10.1868,10336
0.187909,9.82607,10337
0.221222,10.1911,10338
0.201797,9.79935,10339
0.202885,10.2043,10340
0.163461,9.78527,10341
0.225831,10.1919,10342
0.169605,9.80741,10343
0.217702,10.2091,10344
0.178117,9.79765,10345
0.242599,10.1955,10346
0.179973,9.80223,10347
0.242599,10.1992,10348
0.176197,9.81154,10349
0.22599,10.1907,10350
0.187973,9.79659,10351
0.206182,10.1882,10352
0.167749,9.8237,10353
0.226695,10.1887,10354
0.191686,9.80091,10355
0.24231,10.2076,10356
0.182117,9.80747,10357
0.227878,10.1891,10358
0.172773,9.79819,10359
0.23815,10.1988,10360
0.184998,9.79685,10361
0.223238,10.2097,10362
0.182725,9.79285,10363
0.223334,10.193,10364
0.1713,9.80245,10365
0.209958,10.2374,10366
0.179301,9.78094,10367
0.242279,10.1899,10368
0.184485,9.79656,10369
0.214118,10.2528,10370
0.190438,9.74949,10371
0.211014,10.1879,10372
0.182661,9.8085,10373
0.217126,10.2028,10374
0.180933,9.79938,10375
0.217862,10.1947,10376
0.183878,9.80187,10377
0.21239,10.1986,10378
0.169445,9.79819,10379
0.226054,10.2109,10380
0.176837,9.80296,10381
0.206117,10.1833,10382
0.181477,9.80315,10383
0.219719,10.2228,10384
0.179493,9.79535,10385
0.194405,10.182,10386
0.180261,9.80123,10387
0.218758,10.2019,10388
0.175941,9.79784,10389
0.213862,10.1948,10390
0.166596,9.80895,10391
0.217734,10.1974,10392
0.182853,9.79614,10393
0.202502,10.205,10394
0.174468,9.80767,10395
0.209862,10.2488,10396
0.182309,9.74482,10397
0.250919,10.2298,10398
0.184901,9.77227,10399
0.210694,10.1915,10400
0.163237,9.80018,10401
0.226919,10.2596,10402
0.176101,9.7387,10403
0.22439,10.1966,10404
0.182309,9.80734,10405
0.234247,10.1516,10406
0.184453,9.8644,10407
0.238662,10.1859,10408
0.181157,9.79995,10409
0.21287,10.1912,10410
0.167269,9.80619,10411
0.224294,10.2031,10412
0.176901,9.8084,10413
0.223494,10.2233,10414
0.179301,9.76946,10415
0.209734,10.2003,10416
0.178117,9.79691,10417
0.226695,10.2302,10418
0.185509,9.78773,10419
0.199461,10.1738,10420
0.152996,9.80309,10421
0.184197,10.1887,10422
0.169253,9.81509,10423
0.214566,10.1901,10424
0.170341,9.81458,10425
0.223142,10.1844,10426
0.194885,9.83045,10427
0.247271,10.1667,10428
0.189669,9.81903,10429
0.215014,10.2099,10430
0.177637,9.78523,10431
0.215334,10.2329,10432
0.186758,9.77541,10433
0.214662,10.1773,10434
0.180901,9.81931,10435
0.1713,10.1893,10436
0.167461,9.82155,10437
0.216646,10.155,10438
0.182405,9.8285,10439
0.20519,10.1926,10440
0.188293,9.81695,10441
0.211173,10.1789,10442
0.169765,9.82616,10443
0.231751,10.1873,10444
0.169349,9.79816,10445
0.217478,10.2115,10446
0.174309,9.78834,10447
0.213862,10.1884,10448
0.172005,9.81499,10449
0.21239,10.1891,10450
0.17258,9.81375,10451
0.22263,10.1979,10452
0.177669,9.79253,10453
0.21015,10.2105,10454
0.178501,9.79269,10455
0.177189,10.1858,10456
0.181669,9.82271,10457
0.230726,10.1983,10458
0.184101,9.79848,10459
0.199526,10.1889,10460
0.174981,9.80894,10461
0.197542,10.1854,10462
0.171653,9.81765,10463
0.219078,10.2291,10464
0.166917,9.77109,10465
0.191942,10.1903,10466
0.181253,9.80382,10467
0.207525,10.1979,10468
0.168901,9.82149,10469
0.199717,10.1741,10470
0.185093,9.80782,10471
0.258407,10.1724,10472
0.186533,9.83106,10473
0.237574,10.1996,10474
0.174405,9.79976,10475
0.168037,10.1884,10476
0.176517,9.82671,10477
0.259303,10.1906,10478
0.180005,9.80911,10479
0.208709,10.1726,10480
0.176965,9.81515,10481
0.194853,10.1875,10482
0.183493,9.82479,10483
0.232295,10.2051,10484
0.181029,9.78507,10485
0.21447,10.1949,10486
0.174469,9.79598,10487
0.216806,10.2124,10488
0.188997,9.79147,10489
0.214694,10.1852,10490
0.187589,9.82955,10491
0.226118,10.1849,10492
0.182661,9.79413,10493
0.206886,10.1916,10494
0.161413,9.80693,10495
0.181861,10.1935,10496
0.183269,9.81611,10497
0.228934,10.2026,10498
0.178053,9.80126,10499
0.202117,10.1831,10500
0.177285,9.80795,10501
0.189318,10.1883,10502
0.167045,9.80971,10503
0.211462,10.2291,10504
0.177476,9.77122,10505
0.192581,10.1883,10506
0.166949,9.8085,10507
0.211493,10.2413,10508
0.176581,9.76168,10509
0.212869,10.1807,10510
0.181957,9.82936,10511
0.224743,10.217,10512
0.179429,9.77406,10513
0.233543,10.197,10514
0.182501,9.80027,10515
0.192709,10.1935,10516
0.161893,9.80459,10517
0.234567,10.2611,10518
0.188965,9.74296,10519
0.203046,10.1913,10520
0.180293,9.82869,10521
0.226503,10.1594,10522
0.178661,9.82344,10523
0.230375,10.1949,10524
0.186661,9.80078,10525
0.190405,10.1949,10526
0.184902,9.81358,10527
0.211398,10.1849,10528
0.168548,9.80392,10529
0.222342,10.2033,10530
0.180838,9.79915,10531
0.218118,10.2425,10532
0.180613,9.75928,10533
0.213126,10.2743,10534
0.177125,9.72315,10535
0.224454,10.2032,10536
0.180997,9.79502,10537
0.232358,10.2051,10538
0.184261,9.7996,10539
0.225062,10.2063,10540
0.184037,9.79362,10541
0.216646,10.1903,10542
0.168485,9.80786,10543
0.229254,10.2047,10544
0.184293,9.79893,10545
0.187429,10.1941,10546
0.165605,9.80411,10547
0.221702,10.2091,10548
0.170309,9.79294,10549
0.193701,10.184,10550
0.177285,9.81461,10551
0.21655,10.2058,10552
0.168133,9.79147,10553
0.219078,10.2331,10554
0.176837,9.76674,10555
0.240295,10.2298,10556
0.172228,9.7741,10557
0.204357,10.1852,10558
0.174789,9.81035,10559
0.21463,10.1927,10560
0.200582,9.82958,10561
0.204934,10.1712,10562
0.186341,9.8173,10563
0.192166,10.1744,10564
0.183557,9.82344,10565
0.191014,10.1899,10566
0.181573,9.80427,10567
0.195494,10.2163,10568
0.177893,9.78309,10569
0.197446,10.1866,10570
0.185477,9.81317,10571
0.234599,10.2012,10572
0.176933,9.79915,10573
0.236902,10.2346,10574
0.172997,9.77003,10575
0.217094,10.2019,10576
0.182757,9.79826,10577
0.200389,10.2539,10578
0.184869,9.73973,10579
0.220614,10.189,10580
0.173989,9.81746,10581
0.198502,10.1853,10582
0.175812,9.8084,10583
0.197477,10.1939,10584
0.180805,9.81643,10585
0.178405,10.19,10586
0.160388,9.80126,10587
0.219974,10.2165,10588
0.189445,9.78619,10589
0.216838,10.1871,10590
0.191685,9.82962,10591
0.236519,10.183,10592
0.179652,9.80066,10593
0.245607,10.2323,10594
0.173733,9.76712,10595
0.188325,10.1997,10596
0.197286,9.80494,10597
0.230246,10.1917,10598
0.172773,9.80251,10599
0.229446,10.1986,10600
0.177765,9.8028,10601
0.248295,10.2096,10602
0.161668,9.78478,10603
0.235239,10.2071,10604
0.178885,9.81659,10605
0.244839,10.1896,10606
0.175941,9.79432,10607
0.21495,10.2192,10608
0.178884,9.7795,10609
0.208614,10.2022,10610
0.179525,9.81349,10611
0.206277,10.1735,10612
0.161029,9.81141,10613
0.239975,10.2067,10614
0.171173,9.794,10615
0.241863,10.1932,10616
0.187301,9.8059,10617
0.23895,10.2088,10618
0.174725,9.80821,10619
0.210598,10.1766,10620
0.172069,9.80635,10621
0.222118,10.2378,10622
0.176709,9.77346,10623
0.238791,10.1906,10624
0.173861,9.794,10625
0.235911,10.2747,10626
0.182661,9.73272,10627
0.233734,10.2263,10628
0.173573,9.76475,10629
0.223238,10.2249,10630
0.189093,9.78216,10631
0.202566,10.1883,10632
0.161156,9.80706,10633
0.234791,10.2347,10634
0.171941,9.77627,10635
0.171013,10.1791,10636
0.191749,9.81253,10637
0.225895,10.205,10638
0.182053,9.78978,10639
0.257159,10.2005,10640
0.183813,9.81058,10641
0.202661,10.1852,10642
0.190629,9.81374,10643
0.216326,10.2086,10644
0.19335,9.79128,10645
0.188005,10.1939,10646
0.173861,9.80011,10647
0.239558,10.2011,10648
0.183557,9.80274,10649
0.20599,10.2115,10650
0.186981,9.79483,10651
0.20567,10.1847,10652
0.16458,9.81157,10653
0.233062,10.1867,10654
0.185285,9.82507,10655
0.22343,10.2437,10656
0.187525,9.75726,10657
0.220582,10.1871,10658
0.195238,9.79477,10659
0.211493,10.1907,10660
0.181797,9.81122,10661
0.217574,10.1817,10662
0.165445,9.81422,10663
0.212614,10.2258,10664
0.179909,9.77288,10665
0.173061,10.1918,10666
0.172901,9.81544,10667
0.237479,10.1958,10668
0.185381,9.80254,10669
0.180421,10.1883,10670
0.188485,9.8131,10671
0.227942,10.1988,10672
0.172516,9.80107,10673
0.244103,10.1952,10674
0.185189,9.79992,10675
0.204517,10.1943,10676
0.162405,9.80097,10677
0.226887,10.2307,10678
0.181061,9.77864,10679
0.206629,10.1953,10680
0.177285,9.80046,10681
0.230246,10.207,10682
0.169989,9.79662,10683
0.215366,10.1979,10684
0.185381,9.79669,10685
0.181349,10.2266,10686
0.188037,9.78158,10687
0.205894,10.1896,10688
0.179557,9.80405,10689
0.207558,10.2046,10690
0.174501,9.80478,10691
0.213574,10.2027,10692
0.172933,9.79323,10693
0.226374,10.2031,10694
0.174597,9.79185,10695
0.171845,10.1905,10696
0.15418,9.80667,10697
0.234214,10.2011,10698
0.184965,9.81307,10699
0.211206,10.1884,10700
0.187077,9.80904,10701
0.209094,10.2219,10702
0.176484,9.76677,10703
0.214342,10.1964,10704
0.184837,9.82421,10705
0.228807,10.2839,10706
0.161765,9.71403,10707
0.240326,10.1915,10708
0.189861,9.81102,10709
0.202085,10.1783,10710
0.175429,9.82088,10711
0.23463,10.1787,10712
0.169508,9.81886,10713
0.234119,10.2008,10714
0.176005,9.80369,10715
0.182469,10.1863,10716
0.177893,9.80622,10717
0.241895,10.2187,10718
0.188294,9.78865,10719
0.195558,10.1721,10720
0.190949,9.81073,10721
0.186885,10.1752,10722
0.176933,9.81794,10723
0.223366,10.2394,10724
0.187718,9.77579,10725
0.196133,10.1885,10726
0.188677,9.81099,10727
0.235143,10.1993,10728
0.171173,9.79134,10729
0.218982,10.1886,10730
0.177733,9.81368,10731
0.221062,10.2112,10732
0.187301,9.79566,10733
0.224742,10.2062,10734
0.178181,9.79419,10735
0.187685,10.1827,10736
0.171365,9.81336,10737
0.251079,10.2175,10738
0.183941,9.79515,10739
0.207045,10.1803,10740
0.194117,9.82161,10741
0.201349,10.205,10742
0.180165,9.78481,10743
0.203046,10.1868,10744
0.157668,9.81662,10745
0.191334,10.1896,10746
0.1713,9.79637,10747
0.219878,10.1876,10748
0.177989,9.81541,10749
0.209094,10.184,10750
0.187269,9.8244,10751
0.192486,10.1775,10752
0.158181,9.81925,10753
0.217222,10.1821,10754
0.170789,9.81025,10755
0.188165,10.2004,10756
0.178309,9.81624,10757
0.238919,10.1906,10758
0.192453,9.79224,10759
0.202886,10.1979,10760
0.175909,9.81202,10761
0.237222,10.2005,10762
0.155236,9.78229,10763
0.208294,10.2099,10764
0.194117,9.7931,10765
0.20551,10.2031,10766
0.186501,9.79915,10767
0.240102,10.199,10768
0.168453,9.80696,10769
0.211878,10.212,10770
0.167429,9.78459,10771
0.220422,10.2098,10772
0.169029,9.78568,10773
0.408555,9.98972,10774
0.178213,10.0219,10775
0.211782,10.2107,10776
0.177957,9.78491,10777
0.235431,10.2389,10778
0.176325,9.75806,10779
0.213254,10.2179,10780
0.173253,9.78821,10781
0.211237,10.1922,10782
0.173893,9.80661,10783
0.213894,10.2291,10784
0.182949,9.76651,10785
0.195078,10.2147,10786
0.182725,9.78862,10787
0.230631,10.1974,10788
0.184901,9.81806,10789
0.217446,10.1713,10790
0.161349,9.81339,10791
0.24135,10.1821,10792
0.189189,9.81387,10793
0.226951,10.2398,10794
0.174469,9.77288,10795
0.210566,10.2465,10796
0.182373,9.7523,10797
0.233511,10.2293,10798
0.19175,9.77739,10799
0.211846,10.1926,10800
0.179141,9.80145,10801
0.22551,10.193,10802
0.178181,9.79905,10803
0.224967,10.1989,10804
0.165957,9.80984,10805
0.192837,10.187,10806
0.174373,9.81691,10807
0.240519,10.1798,10808
0.183813,9.82139,10809
0.211557,10.1825,10810
0.168964,9.81256,10811
0.222566,10.2079,10812
0.161892,9.79342,10813
0.216902,10.21,10814
0.182789,9.79441,10815
0.183589,10.1766,10816
0.158245,9.80353,10817
0.237542,10.2164,10818
0.173125,9.8019,10819
0.222534,10.1651,10820
0.158084,9.83144,10821
0.214438,10.1929,10822
0.179973,9.79717,10823
0.252103,10.2264,10824
0.179748,9.78744,10825
0.227942,10.2149,10826
0.183525,9.78536,10827
0.227111,10.1865,10828
0.170021,9.80142,10829
0.232198,10.2031,10830
0.162597,9.79172,10831
0.242279,10.1956,10832
0.175173,9.82149,10833
0.223846,10.1915,10834
0.186501,9.80081,10835
0.193349,10.1903,10836
0.161125,9.79925,10837
0.219174,10.2101,10838
0.174885,9.79857,10839
0.211878,10.2439,10840
0.160837,9.75217,10841
0.233318,10.1971,10842
0.184325,9.80056,10843
0.220006,10.1895,10844
0.168229,9.82296,10845
0.179525,10.1781,10846
0.179781,9.82091,10847
0.218758,10.22,10848
0.170596,9.76363,10849
0.222214,10.2034,10850
0.166213,9.79713,10851
0.221382,10.1978,10852
0.188261,9.82197,10853
0.21735,10.21,10854
0.178853,9.77448,10855
0.236166,10.2319,10856
0.1569,9.76808,10857
0.215174,10.2011,10858
0.178405,9.80603,10859
0.251495,10.1607,10860
0.156261,9.83432,10861
0.241639,10.2039,10862
0.187973,9.80974,10863
0.20327,10.1705,10864
0.166789,9.82664,10865
0.206054,10.1903,10866
0.182949,9.80392,10867
0.227495,10.1666,10868
0.188037,9.83182,10869
0.247943,10.2016,10870
0.156709,9.79092,10871
0.20775,10.1945,10872
0.178085,9.80629,10873
0.20951,10.2221,10874
0.187333,9.79429,10875
0.218854,10.2105,10876
0.178885,9.77089,10877
0.202118,10.1945,10878
0.171205,9.80737,10879
0.227623,10.2304,10880
0.16682,9.78241,10881
0.214726,10.1855,10882
0.185477,9.81832,10883
0.255847,10.191,10884
0.181317,9.80219,10885
0.20791,10.2068,10886
0.179589,9.8011,10887
0.219302,10.1855,10888
0.186021,9.7948,10889
0.226726,10.2088,10890
0.170245,9.79921,10891
0.223206,10.1995,10892
0.179845,9.80548,10893
0.239271,10.1881,10894
0.187878,9.80789,10895
0.21735,10.2364,10896
0.170277,9.76216,10897
0.201414,10.1877,10898
0.192582,9.80574,10899
0.226886,10.2252,10900
0.168069,9.77924,10901
0.221766,10.1924,10902
0.16106,9.80593,10903
0.212998,10.206,10904
0.156612,9.79736,10905
0.205862,10.1875,10906
0.160548,9.82078,10907
0.246855,10.2626,10908
0.183749,9.7282,10909
0.241735,10.2033,10910
0.1577,9.7923,10911
0.252263,10.2014,10912
0.189125,9.81569,10913
0.206149,10.1762,10914
0.155044,9.80782,10915
0.205925,10.1957,10916
0.193573,9.81969,10917
0.247655,10.1993,10918
0.168772,9.79707,10919
0.219206,10.2058,10920
0.173829,9.79876,10921
0.201381,10.1762,10922
0.166885,9.79697,10923
0.234343,10.2099,10924
0.172644,9.81509,10925
0.198661,10.1801,10926
0.172581,9.8059,10927
0.240423,10.2113,10928
0.168644,9.7964,10929
0.236806,10.2416,10930
0.164804,9.76388,10931
0.218246,10.1842,10932
0.164709,9.80849,10933
0.218662,10.2014,10934
0.17706,9.79364,10935
0.22503,10.2039,10936
0.157188,9.80763,10937
0.226726,10.1865,10938
0.166596,9.7924,10939
0.232454,10.2121,10940
0.17962,9.79579,10941
0.213542,10.2148,10942
0.176965,9.80049,10943
0.225382,10.186,10944
0.176229,9.80705,10945
0.21623,10.2054,10946
0.178501,9.7987,10947
0.198373,10.1727,10948
0.176229,9.81141,10949
0.209702,10.1933,10950
0.159876,9.80859,10951
0.212485,10.1983,10952
0.190245,9.81777,10953
0.244614,10.1973,10954
0.191077,9.80472,10955
0.188933,10.1787,10956
0.177541,9.81016,10957
0.258823,10.21,10958
0.185253,9.79086,10959
0.213574,10.1942,10960
0.171045,9.79624,10961
0.206854,10.2537,10962
0.162565,9.76241,10963
0.231239,10.2143,10964
0.185573,9.7892,10965
0.190949,10.1895,10966
0.187558,9.8019,10967
0.263495,10.1981,10968
0.179845,9.80942,10969
0.204742,10.2392,10970
0.17818,9.74276,10971
0.211686,10.2515,10972
0.180676,9.75963,10973
0.226086,10.1719,10974
0.178501,9.82542,10975
0.236711,10.2164,10976
0.167684,9.77585,10977
0.242887,10.2693,10978
0.185413,9.75,10979
0.214374,10.1959,10980
0.165541,9.79966,10981
0.220646,10.1905,10982
0.184165,9.79429,10983
0.241062,10.2059,10984
0.175333,9.81221,10985
0.220038,10.2173,10986
0.172933,9.78203,10987
0.228966,10.2485,10988
0.174565,9.75211,10989
0.232871,10.1979,10990
0.179141,9.79502,10991
0.20423,10.179,10992
0.172036,9.80827,10993
0.20855,10.2298,10994
0.174148,9.77348,10995
0.209926,10.2287,10996
0.193477,9.78932,10997
0.221158,10.2095,10998
0.179493,9.7891,10999
0.254598,10.1834,11000
0.16538,9.80052,11001
0.243175,10.2218,11002
0.177541,9.79044,11003
0.21255,10.2059,11004
0.175748,9.78452,11005
0.18599,10.201,11006
0.161156,9.80814,11007
0.225702,10.1825,11008
0.187333,9.82248,11009
0.229287,10.1888,11010
0.170405,9.79403,11011
0.224166,10.2062,11012
0.171557,9.80251,11013
0.215718,10.2049,11014
0.180773,9.79547,11015
0.214854,10.1864,11016
0.177317,9.8082,11017
0.250919,10.1971,11018
0.185478,9.81675,11019
0.250055,10.1928,11020
0.163877,9.80084,11021
0.223366,10.19,11022
0.16298,9.80292,11023
0.218758,10.188,11024
0.186821,9.82523,11025
0.239142,10.1882,11026
0.187909,9.80238,11027
0.238438,10.2317,11028
0.181541,9.769,11029
0.201382,10.2104,11030
0.162757,9.77342,11031
0.223622,10.2,11032
0.182533,9.81518,11033
0.222631,10.1897,11034
0.181861,9.81822,11035
0.175493,10.1781,11036
0.154341,9.80228,11037
0.240327,10.1962,11038
0.176101,9.81121,11039
0.187237,10.1779,11040
0.173125,9.82408,11041
0.21879,10.1969,11042
0.165796,9.81,11043
0.224518,10.2006,11044
0.182277,9.79038,11045
0.190373,10.2098,11046
0.183461,9.79502,11047
0.226694,10.1905,11048
0.173765,9.80225,11049
0.262536,10.2103,11050
0.183109,9.79627,11051
0.244487,10.1964,11052
0.177541,9.80456,11053
0.225383,10.2091,11054
0.173381,9.78091,11055
0.257767,10.2116,11056
0.180485,9.79691,11057
0.239622,10.2233,11058
0.183685,9.77723,11059
0.260999,10.2021,11060
0.177605,9.80302,11061
0.210405,10.2244,11062
0.168484,9.76884,11063
0.219302,10.1942,11064
0.178853,9.81662,11065
0.189733,10.1927,11066
0.196677,9.80785,11067
0.229927,10.1817,11068
0.176453,9.81758,11069
0.235622,10.1937,11070
0.16362,9.80232,11071
0.218022,10.194,11072
0.173124,9.80241,11073
0.22103,10.1867,11074
0.171268,9.82184,11075
0.191302,10.186,11076
0.176421,9.80065,11077
0.237543,10.199,11078
0.179749,9.814,11079
0.206725,10.1994,11080
0.173988,9.79665,11081
0.242567,10.1895,11082
0.157028,9.79928,11083
0.195205,10.1809,11084
0.176869,9.82616,11085
0.237959,10.2364,11086
0.176645,9.76129,11087
0.248423,10.2003,11088
0.176069,9.80276,11089
0.218406,10.1873,11090
0.171268,9.81691,11091
0.210054,10.1997,11092
0.157124,9.79771,11093
0.23351,10.1905,11094
0.185093,9.79912,11095
0.188357,10.1991,11096
0.179301,9.80564,11097
0.223014,10.1963,11098
0.171428,9.8131,11099
0.235943,10.1877,11100
0.167172,9.8028,11101
0.24551,10.2354,11102
0.181221,9.76535,11103
0.209094,10.2504,11104
0.197638,9.75265,11105
0.233127,10.2015,11106
0.181285,9.78676,11107
0.205733,10.2182,11108
0.163077,9.78145,11109
0.231815,10.2042,11110
0.183173,9.7971,11111
0.205894,10.1916,11112
0.164484,9.81313,11113
0.228486,10.1985,11114
0.188934,9.81412,11115
0.203878,10.1861,11116
0.179813,9.80235,11117
0.242951,10.1949,11118
0.170565,9.80043,11119
0.233607,10.196,11120
0.175845,9.82081,11121
0.205477,10.1842,11122
0.176101,9.80942,11123
0.191077,10.1656,11124
0.175524,9.84084,11125
0.203877,10.2021,11126
0.176997,9.78903,11127
0.222118,10.2018,11128
0.176677,9.80696,11129
0.204518,10.1668,11130
0.171077,9.82939,11131
0.234534,10.2163,11132
0.181061,9.7787,11133
0.22839,10.1887,11134
0.175749,9.80715,11135
0.194182,10.1972,11136
0.1521,9.79415,11137
0.233638,10.2088,11138
0.172645,9.80542,11139
0.203013,10.1877,11140
0.159332,9.81617,11141
0.230022,10.1898,11142
0.183493,9.80439,11143
0.241063,10.1933,11144
0.167717,9.8002,11145
0.243463,10.2332,11146
0.187237,9.78257,11147
0.227366,10.1894,11148
0.191461,9.81054,11149
0.254311,10.186,11150
0.182821,9.81492,11151
0.216806,10.1851,11152
0.169541,9.79883,11153
0.221863,10.2113,11154
0.171269,9.78769,11155
0.21399,10.2184,11156
0.183013,9.79828,11157
0.228422,10.2057,11158
0.169669,9.79288,11159
0.230822,10.1978,11160
0.174597,9.80446,11161
0.20839,10.1976,11162
0.178021,9.78609,11163
0.212902,10.2058,11164
0.172549,9.78923,11165
0.167781,10.1992,11166
0.181989,9.80417,11167
0.248839,10.2154,11168
0.176005,9.80264,11169
0.236422,10.243,11170
0.182277,9.75649,11171
0.206278,10.2345,11172
0.173509,9.75614,11173
0.229191,10.1945,11174
0.193573,9.80545,11175
0.228294,10.2007,11176
0.163108,9.79592,11177
0.211014,10.2451,11178
0.167781,9.76311,11179
0.218534,10.193,11180
0.181637,9.79191,11181
0.21591,10.1894,11182
0.185029,9.82952,11183
0.244583,10.1814,11184
0.171652,9.80977,11185
0.213766,10.18,11186
0.191685,9.81707,11187
0.244583,10.2089,11188
0.173733,9.79089,11189
0.230886,10.2192,11190
0.180357,9.77191,11191
0.21287,10.2196,11192
0.177701,9.79012,11193
0.224038,10.1763,11194
0.171877,9.83403,11195
0.188677,10.1833,11196
0.184261,9.80251,11197
0.238695,10.2001,11198
0.171044,9.80059,11199
0.23847,10.2282,11200
0.172549,9.76801,11201
0.221318,10.1921,11202
0.181509,9.82708,11203
0.21495,10.1938,11204
0.167653,9.79889,11205
0.234375,10.1928,11206
0.176325,9.81249,11207
0.210021,10.1711,11208
0.169604,9.82756,11209
0.24631,10.1957,11210
0.185157,9.79166,11211
0.206853,10.1855,11212
0.180453,9.82907,11213
0.226662,10.1969,11214
0.184421,9.79463,11215
0.183461,10.1951,11216
0.171237,9.79623,11217
0.225318,10.2012,11218
0.192389,9.80891,11219
0.233254,10.1945,11220
0.168421,9.79719,11221
0.23143,10.215,11222
0.198853,9.79243,11223
0.242119,10.1961,11224
0.168133,9.79486,11225
0.188677,10.1933,11226
0.170628,9.80897,11227
0.22087,10.2185,11228
0.179301,9.77937,11229
0.254438,10.2094,11230
0.185637,9.79425,11231
0.205126,10.2095,11232
0.177477,9.78487,11233
0.227046,10.214,11234
0.174788,9.79201,11235
0.182565,10.1762,11236
0.165348,9.81111,11237
0.204166,10.2046,11238
0.155812,9.80145,11239
0.225062,10.1953,11240
0.18583,9.82263,11241
0.22551,10.1819,11242
0.188261,9.81111,11243
0.233926,10.1913,11244
0.180389,9.80343,11245
0.187813,10.1982,11246
0.190469,9.80039,11247
0.219046,10.1972,11248
0.175557,9.79988,11249
0.244263,10.2387,11250
0.203366,9.78065,11251
0.21623,10.169,11252
0.180932,9.8307,11253
0.257671,10.2015,11254
0.164132,9.78459,11255
0.200133,10.1988,11256
0.171589,9.79857,11257
0.21607,10.1997,11258
0.172325,9.81252,11259
0.240166,10.1916,11260
0.192549,9.80417,11261
0.209605,10.2033,11262
0.173252,9.79345,11263
0.229094,10.2012,11264
0.175653,9.79803,11265
0.248071,10.1956,11266
0.183749,9.81188,11267
0.222726,10.2134,11268
0.184613,9.78014,11269
0.256903,10.2198,11270
0.189829,9.79214,11271
0.209222,10.1633,11272
0.180005,9.81534,11273
0.239654,10.1882,11274
0.187973,9.82001,11275
0.244807,10.2494,11276
0.187237,9.75003,11277
0.231718,10.1959,11278
0.179269,9.79857,11279
0.237542,10.2076,11280
0.161764,9.79051,11281
0.214374,10.2133,11282
0.170373,9.78513,11283
0.256455,10.2144,11284
0.172325,9.8035,11285
0.192293,10.1727,11286
0.181573,9.81611,11287
0.246599,10.2118,11288
0.181349,9.79492,11289
0.222374,10.1979,11290
0.178405,9.79294,11291
0.193157,10.1875,11292
0.177253,9.81137,11293
0.249671,10.1734,11294
0.171556,9.83326,11295
0.184901,10.2008,11296
0.183909,9.81143,11297
0.249767,10.1888,11298
0.186181,9.79339,11299
0.209286,10.2171,11300
0.189797,9.7818,11301
0.204773,10.2538,11302
0.166469,9.76193,11303
0.244262,10.211,11304
0.183909,9.79313,11305
0.21239,10.1928,11306
0.176869,9.79934,11307
0.209766,10.1866,11308
0.176997,9.81729,11309
0.209734,10.1894,11310
0.182661,9.80238,11311
0.212102,10.1848,11312
0.172325,9.82158,11313
0.222662,10.1831,11314
0.182341,9.81067,11315
0.181797,10.1863,11316
0.165317,9.81041,11317
0.223974,10.1948,11318
0.179461,9.81969,11319
0.238759,10.2177,11320
0.171429,9.77847,11321
0.22231,10.1897,11322
0.168133,9.79739,11323
0.220838,10.2454,11324
0.181189,9.75457,11325
0.197446,10.2008,11326
0.185605,9.80801,11327
0.23015,10.202,11328
0.192549,9.80593,11329
0.234759,10.1962,11330
0.192005,9.80283,11331
0.212774,10.1986,11332
0.192517,9.79489,11333
0.240326,10.2023,11334
0.189638,9.80433,11335
0.204965,10.2014,11336
0.180613,9.79969,11337
0.222118,10.1934,11338
0.180485,9.79527,11339
0.235206,10.2023,11340
0.168996,9.80382,11341
0.207398,10.2004,11342
0.167173,9.78881,11343
0.215046,10.1942,11344
0.163397,9.81748,11345
0.216518,10.2132,11346
0.192965,9.79073,11347
0.23831,10.2172,11348
0.177317,9.77521,11349
0.225638,10.1975,11350
0.174053,9.8019,11351
0.19703,10.1784,11352
0.159556,9.81227,11353
0.246279,10.2039,11354
0.186405,9.79905,11355
0.190021,10.1866,11356
0.170117,9.80769,11357
0.233766,10.2081,11358
0.180357,9.8122,11359
0.238758,10.1905,11360
0.180548,9.80932,11361
0.239207,10.1836,11362
0.177829,9.79867,11363
0.207398,10.1988,11364
0.17242,9.80558,11365
0.221798,10.191,11366
0.190053,9.82247,11367
0.230214,10.2162,11368
0.175844,9.78273,11369
0.22391,10.1956,11370
0.180389,9.78468,11371
0.22423,10.191,11372
0.171301,9.82596,11373
0.212038,10.1826,11374
0.187653,9.81249,11375
0.190213,10.1908,11376
0.190661,9.81726,11377
0.242567,10.1967,11378
0.174661,9.78698,11379
0.207046,10.2706,11380
0.166116,9.73105,11381
0.220357,10.2107,11382
0.163653,9.77994,11383
0.226854,10.233,11384
0.175428,9.78603,11385
0.192421,10.2111,11386
0.178341,9.7769,11387
0.196709,10.2163,11388
0.166596,9.78148,11389
0.237191,10.272,11390
0.177189,9.74778,11391
0.199493,10.202,11392
0.1681,9.77748,11393
0.221062,10.2108,11394
0.168101,9.79226,11395
0.180517,10.1969,11396
0.171973,9.81211,11397
0.248934,10.2633,11398
0.173317,9.72794,11399
0.219974,10.2743,11400
0.178341,9.7425,11401
0.214661,10.1801,11402
0.171076,9.81211,11403
0.224966,10.2004,11404
0.180357,9.80138,11405
0.182021,10.1824,11406
0.187813,9.81131,11407
0.212454,10.1982,11408
0.184741,9.81486,11409
0.232646,10.1808,11410
0.16986,9.80001,11411
0.192741,10.1834,11412
0.172292,9.82164,11413
0.256359,10.2119,11414
0.190981,9.80206,11415
0.172133,10.1835,11416
0.182693,9.80817,11417
0.22343,10.1927,11418
0.171077,9.80599,11419
0.227015,10.1973,11420
0.186341,9.80478,11421
0.211109,10.2068,11422
0.159044,9.78823,11423
0.223238,10.2012,11424
0.182213,9.79476,11425
0.208102,10.2019,11426
0.170309,9.80321,11427
0.204486,10.2147,11428
0.168229,9.78148,11429
0.231622,10.2177,11430
0.185733,9.78823,11431
0.213286,10.2115,11432
0.172997,9.77735,11433
0.222438,10.1974,11434
0.183268,9.81514,11435
0.243911,10.2035,11436
0.181093,9.78865,11437
0.215782,10.1997,11438
0.162756,9.81188,11439
0.225062,10.1985,11440
0.175492,9.78987,11441
0.194949,10.1887,11442
0.191302,9.805,11443
0.232166,10.2137,11444
0.175588,9.79479,11445
0.216198,10.2261,11446
0.183077,9.78756,11447
0.233383,10.1941,11448
0.197158,9.80618,11449
0.242887,10.1831,11450
0.179941,9.8034,11451
0.214086,10.1955,11452
0.16218,9.80065,11453
0.234311,10.1995,11454
0.184005,9.81713,11455
0.211622,10.207,11456
0.184069,9.79342,11457
0.195845,10.2028,11458
0.168933,9.77854,11459
0.208678,10.2185,11460
0.188997,9.78916,11461
0.210118,10.1854,11462
0.186085,9.81524,11463
0.209958,10.18,11464
0.173669,9.80884,11465
0.222726,10.1929,11466
0.166821,9.81678,11467
0.23623,10.193,11468
0.187877,9.80055,11469
0.228518,10.2078,11470
0.182021,9.79345,11471
0.20807,10.2125,11472
0.16746,9.79185,11473
0.207686,10.2361,11474
0.163076,9.7681,11475
0.20423,10.2065,11476
0.173604,9.7883,11477
0.230246,10.2251,11478
0.176709,9.78039,11479
0.23223,10.2299,11480
0.189285,9.7706,11481
0.213541,10.2087,11482
0.175301,9.79473,11483
0.220326,10.2359,11484
0.196453,9.76062,11485
0.177093,10.176,11486
0.186053,9.82391,11487
0.247175,10.1988,11488
0.174436,9.78535,11489
0.226054,10.2299,11490
0.175365,9.78385,11491
0.212837,10.183,11492
0.176997,9.82318,11493
0.233351,10.1961,11494
0.179365,9.80801,11495
0.211301,10.1942,11496
0.177444,9.80452,11497
0.233702,10.1825,11498
0.180932,9.80065,11499
0.20887,10.1936,11500
0.179269,9.81578,11501
0.211142,10.1845,11502
0.190853,9.82161,11503
0.224294,10.1822,11504
0.188485,9.80097,11505
0.207653,10.2208,11506
0.164933,9.78625,11507
0.22631,10.2416,11508
0.173413,9.75604,11509
0.232422,10.1938,11510
0.185957,9.79911,11511
0.205509,10.2258,11512
0.174053,9.79076,11513
0.208101,10.1904,11514
0.178373,9.79838,11515
0.184517,10.1876,11516
0.187941,9.81834,11517
0.208614,10.1949,11518
0.155013,9.81038,11519
0.222342,10.1929,11520
0.186693,9.81038,11521
0.217926,10.18,11522
0.172581,9.81713,11523
0.237319,10.1889,11524
0.161636,9.79601,11525
0.236038,10.1983,11526
0.187429,9.80154,11527
0.230086,10.2057,11528
0.190789,9.81329,11529
0.237574,10.1914,11530
0.182341,9.80919,11531
0.208229,10.185,11532
0.181477,9.81454,11533
0.209542,10.1819,11534
0.163876,9.80638,11535
0.199973,10.2041,11536
0.15354,9.78753,11537
0.231846,10.2028,11538
0.176132,9.80286,11539
0.208837,10.1854,11540
0.166341,9.8259,11541
0.215173,10.1876,11542
0.154308,9.81012,11543
0.234534,10.2211,11544
0.195173,9.76737,11545
0.221382,10.2741,11546
0.179365,9.74161,11547
0.22087,10.1863,11548
0.179012,9.8058,11549
0.23655,10.261,11550
0.180165,9.73761,11551
0.240199,10.1994,11552
0.188421,9.79092,11553
0.209542,10.1811,11554
0.176101,9.82404,11555
0.181156,10.2225,11556
0.169189,9.79111,11557
0.220902,10.1879,11558
0.172996,9.8147,11559
0.21847,10.1864,11560
0.184037,9.80676,11561
0.224358,10.1946,11562
0.183429,9.8001,11563
0.226342,10.2019,11564
0.169125,9.79665,11565
0.230918,10.2018,11566
0.159908,9.80881,11567
0.463981,10.0796,11568
0.188165,9.91588,11569
0.21831,10.2029,11570
0.183077,9.80273,11571
0.207941,10.1784,11572
0.174533,9.82068,11573
0.239238,10.2131,11574
0.166437,9.78417,11575
0.225958,10.2016,11576
0.17994,9.80234,11577
0.221894,10.1921,11578
0.185701,9.80922,11579
0.213126,10.1796,11580
0.172773,9.81057,11581
0.222374,10.1894,11582
0.178852,9.8187,11583
0.20119,10.1978,11584
0.183429,9.78753,11585
0.226534,10.2421,11586
0.189061,9.76769,11587
0.231846,10.2002,11588
0.183364,9.79847,11589
0.222118,10.1976,11590
0.176645,9.80801,11591
0.239366,10.1853,11592
0.186661,9.80292,11593
0.233446,10.1939,11594
0.17546,9.81626,11595
0.206565,10.1811,11596
0.187941,9.81543,11597
0.228678,10.1955,11598
0.161796,9.79985,11599
0.220998,10.2163,11600
0.167685,9.78135,11601
0.194534,10.1807,11602
0.17546,9.81399,11603
0.220262,10.1985,11604
0.185861,9.81297,11605
0.177573,10.1856,11606
0.183653,9.80861,11607
0.243463,10.2119,11608
0.169796,9.79313,11609
0.226342,10.1911,11610
0.173381,9.79978,11611
0.216518,10.2443,11612
0.178725,9.76209,11613
0.21431,10.1871,11614
0.153157,9.80343,11615
0.178437,10.1979,11616
0.175301,9.80692,11617
0.224006,10.2251,11618
0.177701,9.78103,11619
0.208101,10.2028,11620
0.166724,9.79021,11621
0.226982,10.2008,11622
0.191301,9.7985,11623
0.22775,10.2133,11624
0.186597,9.79207,11625
0.19991,10.1881,11626
0.185989,9.80945,11627
0.210822,10.1949,11628
0.174725,9.80263,11629
0.228134,10.1968,11630
0.167236,9.80714,11631
0.22487,10.2094,11632
0.165156,9.80205,11633
0.195269,10.1912,11634
0.166501,9.80695,11635
0.178981,10.1768,11636
0.176356,9.80529,11637
0.232582,10.1935,11638
0.165701,9.80916,11639
0.22167,10.1992,11640
0.172581,9.80801,11641
0.207974,10.1834,11642
0.167461,9.80785,11643
0.209925,10.2201,11644
0.188806,9.79316,11645
0.183941,10.2,11646
0.172772,9.78462,11647
0.20487,10.2013,11648
0.1777,9.80983,11649
0.204773,10.1744,11650
0.172133,9.81233,11651
0.207781,10.2008,11652
0.172324,9.80257,11653
0.202277,10.1758,11654
0.164293,9.82276,11655
0.209989,10.1873,11656
0.178981,9.81521,11657
0.206789,10.1999,11658
0.170212,9.79982,11659
0.211142,10.1858,11660
0.158308,9.81316,11661
0.173477,10.181,11662
0.182405,9.82846,11663
0.221894,10.2153,11664
0.159972,9.78436,11665
0.182501,10.178,11666
0.161284,9.81293,11667
0.207365,10.2007,11668
0.160196,9.81498,11669
0.216838,10.1775,11670
0.181317,9.8178,11671
0.214982,10.1793,11672
0.182469,9.82215,11673
0.226726,10.1943,11674
0.184805,9.80586,11675
0.196614,10.1903,11676
0.190021,9.8113,11677
0.255271,10.1888,11678
0.191653,9.81818,11679
0.213478,10.192,11680
0.165764,9.79636,11681
0.233894,10.1877,11682
0.173604,9.82148,11683
0.242407,10.227,11684
0.184805,9.7665,11685
0.227654,10.2569,11686
0.181572,9.74506,11687
0.228806,10.1944,11688
0.176965,9.80506,11689
0.171141,10.2052,11690
0.165188,9.79978,11691
0.219814,10.1868,11692
0.190917,9.80033,11693
0.220198,10.2003,11694
0.185444,9.8155,11695
0.153828,9.96958,11696
0.170916,10.0068,11697
0.224838,10.191,11698
0.17114,9.81438,11699
0.199942,10.188,11700
0.178533,9.8313,11701
0.191205,10.1671,11702
0.179877,9.82474,11703
0.222694,10.1893,11704
0.171332,9.79831,11705
0.199782,10.2371,11706
0.161732,9.76081,11707
0.211462,10.2026,11708
0.164772,9.80481,11709
0.246151,10.1952,11710
0.181925,9.81204,11711
0.236934,10.199,11712
0.173604,9.79402,11713
0.220198,10.2277,11714
0.173829,9.76356,11715
0.229062,10.2095,11716
0.180229,9.79693,11717
0.21815,10.2096,11718
0.174373,9.79626,11719
0.202341,10.2164,11720
0.159141,9.77889,11721
0.22599,10.2109,11722
0.176965,9.78967,11723
0.240039,10.2046,11724
0.188197,9.81204,11725
0.181669,10.1658,11726
0.180965,9.83313,11727
0.230886,10.1799,11728
0.180293,9.80391,11729
0.211525,10.1921,11730
0.166052,9.80458,11731
0.235782,10.2516,11732
0.175077,9.75412,11733
0.237222,10.2326,11734
0.168036,9.76512,11735
0.179589,10.186,11736
0.176676,9.81364,11737
0.222598,10.1817,11738
0.162916,9.81815,11739
0.216006,10.1934,11740
0.157669,9.80285,11741
0.217542,10.1913,11742
0.175076,9.82113,11743
0.199717,10.198,11744
0.171684,9.7962,11745
0.251879,10.19,11746
0.176741,9.80676,11747
0.219494,10.1924,11748
0.183492,9.81524,11749
0.22887,10.1941,11750
0.166053,9.7961,11751
0.187269,10.1916,11752
0.172997,9.81879,11753
0.197989,10.1777,11754
0.182884,9.83105,11755
0.209925,10.1393,11756
0.176005,9.84769,11757
0.218502,10.1949,11758
0.178149,9.80007,11759
0.238438,10.1952,11760
0.178789,9.80362,11761
0.223206,10.2011,11762
0.183365,9.81409,11763
0.229542,10.1808,11764
0.160196,9.81572,11765
0.19943,10.1801,11766
0.160452,9.80378,11767
0.215974,10.2024,11768
0.173796,9.81063,11769
0.228262,10.2597,11770
0.175236,9.73565,11771
0.228391,10.238,11772
0.175684,9.76369,11773
0.216838,10.1933,11774
0.176645,9.80314,11775
0.182117,10.2135,11776
0.177157,9.7898,11777
0.250566,10.2099,11778
0.184485,9.78801,11779
0.220422,10.2099,11780
0.178021,9.79521,11781
0.22183,10.2213,11782
0.176932,9.78849,11783
0.224038,10.1906,11784
0.178213,9.78925,11785
0.191621,10.2076,11786
0.190437,9.81287,11787
0.208774,10.2008,11788
0.180869,9.78161,11789
0.223142,10.21,11790
0.176293,9.79751,11791
0.188069,10.1821,11792
0.15594,9.8057,11793
0.217158,10.1962,11794
0.16138,9.80538,11795
0.210341,10.1995,11796
0.192293,9.81351,11797
0.235974,10.1883,11798
0.175397,9.8082,11799
0.228806,10.2045,11800
0.185317,9.79047,11801
0.22407,10.2271,11802
0.173444,9.77668,11803
0.230598,10.1989,11804
0.191877,9.79927,11805
0.23031,10.2115,11806
0.178341,9.7897,11807
0.212134,10.2033,11808
0.177605,9.79146,11809
0.21495,10.1981,11810
0.185572,9.80308,11811
0.213094,10.1876,11812
0.168644,9.81649,11813
0.231078,10.1989,11814
0.190501,9.80119,11815
0.202054,10.2103,11816
0.172965,9.7881,11817
0.229318,10.2214,11818
0.177764,9.78362,11819
0.220357,10.1961,11820
0.180868,9.79425,11821
0.192485,10.1987,11822
0.168325,9.81639,11823
0.221606,10.2138,11824
0.189701,9.78906,11825
0.19799,10.1886,11826
0.181733,9.80788,11827
0.221126,10.2112,11828
0.180805,9.78413,11829
0.228326,10.1943,11830
0.180229,9.79284,11831
0.22999,10.2323,11832
0.182341,9.77264,11833
0.219782,10.1987,11834
0.178341,9.80036,11835
0.417291,10.1344,11836
0.176932,9.86557,11837
0.210886,10.193,11838
0.174245,9.82132,11839
0.22807,10.1787,11840
0.179941,9.80362,11841
0.22455,10.264,11842
0.179333,9.74052,11843
0.196485,10.1813,11844
0.178212,9.81831,11845
0.21751,10.2688,11846
0.150404,9.72986,11847
0.240326,10.2025,11848
0.177701,9.81633,11849
0.225927,10.2044,11850
0.189829,9.79469,11851
0.22039,10.181,11852
0.179365,9.81687,11853
0.203685,10.1713,11854
0.189957,9.81953,11855
0.198341,10.165,11856
0.161412,9.82282,11857
0.207749,10.2084,11858
0.183909,9.79706,11859
0.212549,10.2264,11860
0.163333,9.77271,11861
0.229062,10.1946,11862
0.1841,9.80746,11863
0.21719,10.2545,11864
0.162564,9.7465,11865
0.219718,10.2165,11866
0.178533,9.79306,11867
0.225606,10.2028,11868
0.174117,9.79229,11869
0.220198,10.2012,11870
0.180453,9.79044,11871
0.206885,10.212,11872
0.164612,9.79101,11873
0.209221,10.198,11874
0.188421,9.80007,11875
0.190341,10.1902,11876
0.176965,9.81117,11877
0.195877,10.1919,11878
0.161509,9.80423,11879
0.217126,10.2305,11880
0.185253,9.77073,11881
0.223558,10.2328,11882
0.174821,9.77514,11883
0.190437,10.2155,11884
0.184581,9.78762,11885
0.198949,10.2107,11886
0.184773,9.79472,11887
0.228167,10.1987,11888
0.192389,9.79649,11889
0.231046,10.2407,11890
0.170053,9.74739,11891
0.248775,10.1925,11892
0.167716,9.81354,11893
0.214565,10.1888,11894
0.173701,9.80839,11895
0.187781,10.1998,11896
0.163204,9.79943,11897
0.211749,10.1925,11898
0.174277,9.81508,11899
0.21735,10.1941,11900
0.187141,9.79978,11901
0.218726,10.2684,11902
0.180484,9.73952,11903
0.216742,10.1815,11904
0.165029,9.82388,11905
0.191365,10.1819,11906
0.16458,9.809,11907
0.208038,10.1865,11908
0.163332,9.80724,11909
0.202181,10.1892,11910
0.1649,9.82612,11911
0.22535,10.1806,11912
0.177477,9.80538,11913
0.191717,10.1866,11914
0.182885,9.80762,11915
0.185477,10.1944,11916
0.182757,9.80893,11917
0.236519,10.2067,11918
0.193061,9.81258,11919
0.231847,10.2118,11920
0.165189,9.77236,11921
0.235014,10.2251,11922
0.178724,9.77396,11923
0.207526,10.2568,11924
0.168837,9.74122,11925
0.182341,10.241,11926
0.172484,9.76359,11927
0.214917,10.1858,11928
0.170244,9.82842,11929
0.249478,10.1936,11930
0.165508,9.79085,11931
0.236198,10.2248,11932
0.181253,9.79037,11933
0.221414,10.1847,11934
0.175077,9.79824,11935
0.228934,10.2253,11936
0.160868,9.7778,11937
0.22327,10.1866,11938
0.160997,9.82522,11939
0.213894,10.2166,11940
0.197061,9.7768,11941
0.193381,10.1786,11942
0.177221,9.82116,11943
0.210821,10.2552,11944
0.170468,9.73588,11945
0.189029,10.2157,11946
0.187781,9.79437,11947
0.23719,10.2217,11948
0.173892,9.76976,11949
0.238886,10.233,11950
0.176869,9.76893,11951
0.241575,10.1988,11952
0.183397,9.81674,11953
0.208869,10.1812,11954
0.166149,9.79824,11955
0.204485,10.1901,11956
0.174821,9.8209,11957
0.233766,10.1959,11958
0.177061,9.7929,11959
0.21207,10.1883,11960
0.172548,9.81521,11961
0.234278,10.1909,11962
0.185061,9.80906,11963
0.214534,10.1951,11964
0.182693,9.82324,11965
0.230374,10.2118,11966
0.179045,9.78724,11967
0.249031,10.215,11968
0.189989,9.77373,11969
0.471629,10.3209,11970
0.170501,9.66989,11971
0.236967,10.2351,11972
0.193701,9.76973,11973
0.231878,10.203,11974
0.176228,9.79584,11975
0.197189,10.2046,11976
0.170661,9.79703,11977
0.234215,10.2048,11978
0.176613,9.81111,11979
0.196997,10.1944,11980
0.162404,9.80106,11981
0.204454,10.1841,11982
0.184549,9.81124,11983
0.214021,10.1848,11984
0.161957,9.80714,11985
0.210693,10.2335,11986
0.185221,9.78468,11987
0.231687,10.2064,11988
0.164005,9.77418,11989
0.224998,10.1978,11990
0.184389,9.81248,11991
0.229927,10.1927,11992
0.185381,9.80244,11993
0.207494,10.1892,11994
0.182949,9.82356,11995
0.24231,10.1616,11996
0.185605,9.8201,11997
0.223398,10.2088,11998
0.183493,9.80916,11999
0.230502,10.1836,12000
0.159461,9.79661,12001
0.221797,10.2009,12002
0.184581,9.79927,12003
0.214374,10.1999,12004
0.164069,9.81616,12005
0.198277,10.204,12006
0.182629,9.79351,12007
0.246439,10.1985,12008
0.189221,9.79876,12009
0.255815,10.207,12010
0.187237,9.79972,12011
0.210949,10.1809,12012
0.180965,9.79927,12013
0.242726,10.2065,12014
0.180901,9.80653,12015
0.19543,10.1911,12016
0.182917,9.81024,12017
0.216453,10.2023,12018
0.179685,9.78544,12019
0.236966,10.2191,12020
0.170085,9.79296,12021
0.24519,10.2103,12022
0.186757,9.7913,12023
0.21255,10.1914,12024
0.157989,9.7994,12025
0.194437,10.206,12026
0.179109,9.79568,12027
0.257319,10.2245,12028
0.181797,9.78394,12029
0.221701,10.1965,12030
0.163524,9.79741,12031
0.22055,10.2002,12032
0.172004,9.79348,12033
0.237063,10.2094,12034
0.178565,9.7961,12035
0.216486,10.2094,12036
0.180837,9.7833,12037
0.211174,10.1914,12038
0.169253,9.81306,12039
0.221286,10.2077,12040
0.179876,9.80624,12041
0.212389,10.1964,12042
0.186021,9.78999,12043
0.201798,10.1985,12044
0.157028,9.80084,12045
0.199941,10.1607,12046
0.189125,9.84721,12047
0.234726,10.1982,12048
0.172773,9.80832,12049
0.249575,10.2448,12050
0.174628,9.7561,12051
0.234343,10.251,12052
0.169957,9.72835,12053
0.229414,10.2067,12054
0.177477,9.80564,12055
0.198693,10.1782,12056
0.189541,9.8202,12057
0.229382,10.201,12058
0.186661,9.80951,12059
0.243367,10.1962,12060
0.175652,9.79239,12061
0.231174,10.2502,12062
0.171556,9.74845,12063
0.213254,10.1864,12064
0.186404,9.81962,12065
0.195589,10.1764,12066
0.169989,9.8104,12067
0.230022,10.1979,12068
0.174181,9.82029,12069
0.254119,10.256,12070
0.175973,9.73808,12071
0.227622,10.2293,12072
0.187365,9.76909,12073
0.215558,10.1933,12074
0.180485,9.81197,12075
0.217382,10.2085,12076
0.180293,9.79482,12077
0.236646,10.2003,12078
0.178436,9.79959,12079
0.258118,10.1906,12080
0.172549,9.79204,12081
0.215526,10.1994,12082
0.173509,9.81437,12083
0.204101,10.1746,12084
0.1689,9.82656,12085
0.21959,10.2116,12086
0.179524,9.79277,12087
0.230502,10.1815,12088
0.17626,9.81392,12089
0.214534,10.2076,12090
0.169508,9.79424,12091
0.240646,10.2193,12092
0.182469,9.77536,12093
0.242278,10.2239,12094
0.183269,9.76845,12095
0.200997,10.2527,12096
0.175172,9.74205,12097
0.233318,10.2375,12098
0.183877,9.76691,12099
0.241959,10.2368,12100
0.183813,9.76832,12101
0.246374,10.1983,12102
0.177957,9.7953,12103
0.210022,10.1881,12104
0.185573,9.81968,12105
0.181764,10.182,12106
0.166884,9.82404,12107
0.228166,10.1883,12108
0.190757,9.80083,12109
0.252807,10.1986,12110
0.189829,9.79978,12111
0.238022,10.2068,12112
0.186245,9.79555,12113
0.207429,10.208,12114
0.189957,9.79267,12115
0.194597,10.1973,12116
0.184228,9.80212,12117
0.234822,10.2102,12118
0.190757,9.78813,12119
0.232966,10.2217,12120
0.183108,9.76992,12121
0.242406,10.2417,12122
0.179781,9.7697,12123
0.190725,10.1752,12124
0.182149,9.81671,12125
0.215302,10.1965,12126
0.166885,9.80592,12127
0.220326,10.2002,12128
0.16122,9.79671,12129
0.218822,10.1917,12130
0.1825,9.81677,12131
0.207045,10.1932,12132
0.175877,9.79879,12133
0.218405,10.2278,12134
0.186053,9.78304,12135
0.192325,10.1938,12136
0.186053,9.79815,12137
0.215014,10.1879,12138
0.187813,9.8168,12139
0.231334,10.1924,12140
0.194117,9.81591,12141
0.232454,10.2178,12142
0.168324,9.7817,12143
0.218757,10.257,12144
0.179621,9.7281,12145
0.228806,10.2126,12146
0.176164,9.78612,12147
0.233606,10.2043,12148
0.183525,9.80452,12149
0.235654,10.2001,12150
0.174277,9.7984,12151
0.248838,10.2165,12152
0.178885,9.79549,12153
0.198757,10.2321,12154
0.176165,9.74426,12155
0.223077,10.2078,12156
0.1881,9.80656,12157
0.224806,10.1932,12158
0.179589,9.81156,12159
0.22295,10.2224,12160
0.17274,9.76445,12161
0.222182,10.2041,12162
0.177348,9.79856,12163
0.226694,10.2673,12164
0.174853,9.73402,12165
0.209062,10.2037,12166
0.16458,9.79437,12167
0.238695,10.2308,12168
0.169637,9.77587,12169
0.225734,10.2262,12170
0.182661,9.78365,12171
0.226118,10.1858,12172
0.170532,9.80967,12173
0.208102,10.1719,12174
0.17482,9.81677,12175
0.210341,10.1845,12176
0.162596,9.82739,12177
0.220454,10.1858,12178
0.177125,9.79712,12179
0.24231,10.2181,12180
0.173861,9.784,12181
0.224198,10.1981,12182
0.175141,9.80304,12183
0.208677,10.1985,12184
0.186693,9.80576,12185
0.235366,10.1684,12186
0.176612,9.84426,12187
0.22407,10.1822,12188
0.179141,9.8104,12189
0.247238,10.2111,12190
0.185349,9.78675,12191
0.225862,10.1913,12192
0.170052,9.80189,12193
0.197509,10.1875,12194
0.159013,9.82653,12195
0.192133,10.1855,12196
0.182085,9.81242,12197
0.22871,10.1758,12198
0.183941,9.81799,12199
0.227302,10.2094,12200
0.185413,9.79664,12201
0.212357,10.2121,12202
0.190693,9.79383,12203
0.218374,10.1951,12204
0.181764,9.79293,12205
0.228262,10.2811,12206
0.166244,9.70886,12207
0.242855,10.2075,12208
0.184549,9.80256,12209
0.221317,10.2219,12210
0.187493,9.77351,12211
0.218086,10.1996,12212
0.189605,9.81815,12213
0.215813,10.1789,12214
0.174405,9.81594,12215
0.213221,10.2385,12216
0.179557,9.7584,12217
0.220133,10.1899,12218
0.187173,9.81683,12219
0.202501,10.2043,12220
0.169445,9.7841,12221
0.226726,10.1933,12222
0.188549,9.81923,12223
0.196197,10.2068,12224
0.180069,9.77562,12225
0.244295,10.1951,12226
0.182469,9.80634,12227
0.207173,10.1936,12228
0.193445,9.82227,12229
0.225574,10.2233,12230
0.176645,9.76106,12231
0.222245,10.2652,12232
0.173444,9.72864,12233
0.204102,10.2368,12234
0.184549,9.77194,12235
0.230438,10.2187,12236
0.182437,9.78247,12237
0.216933,10.1721,12238
0.173028,9.83412,12239
0.220742,10.1978,12240
0.184901,9.79655,12241
0.229606,10.2004,12242
0.179236,9.81076,12243
0.210118,10.1724,12244
0.159556,9.82339,12245
0.214533,10.1758,12246
0.171749,9.81959,12247
0.239526,10.2064,12248
0.157125,9.78256,12249
0.240935,10.2203,12250
0.179429,9.79037,12251
0.241446,10.1969,12252
0.181125,9.7961,12253
0.201125,10.1943,12254
0.202694,9.81514,12255
0.217733,10.2028,12256
0.178565,9.80576,12257
0.239014,10.1935,12258
0.16234,9.80074,12259
0.248006,10.2008,12260
0.183845,9.78586,12261
0.223782,10.2722,12262
0.187237,9.7463,12263
0.243975,10.1863,12264
0.189061,9.81316,12265
0.216069,10.1821,12266
0.190309,9.80698,12267
0.236998,10.1967,12268
0.168645,9.80871,12269
0.229702,10.1911,12270
0.1817,9.79981,12271
0.22855,10.1911,12272
0.178565,9.80528,12273
0.212262,10.2212,12274
0.168836,9.78295,12275
0.190885,10.1918,12276
0.178117,9.81373,12277
0.203462,10.1851,12278
0.179045,9.80509,12279
0.193061,10.1892,12280
0.161572,9.80611,12281
0.23175,10.2329,12282
0.177637,9.77335,12283
0.206021,10.1889,12284
0.181253,9.82352,12285
0.17546,10.1774,12286
0.157572,9.81142,12287
0.231174,10.1953,12288
0.172036,9.79952,12289
0.201701,10.1858,12290
0.182597,9.81258,12291
0.214534,10.2099,12292
0.182373,9.7896,12293
0.203813,10.2346,12294
0.161124,9.76544,12295
0.213221,10.2382,12296
0.188101,9.76778,12297
0.21927,10.1984,12298
0.186629,9.80349,12299
0.235814,10.2713,12300
0.181477,9.72653,12301
0.232998,10.1991,12302
0.184901,9.80048,12303
0.258279,10.2118,12304
0.178277,9.7905,12305
0.221766,10.2275,12306
0.171364,9.76752,12307
0.219654,10.1999,12308
0.179365,9.80099,12309
0.199365,10.1893,12310
0.177221,9.81034,12311
0.216645,10.2327,12312
0.179973,9.76586,12313
0.206822,10.1959,12314
0.173892,9.80912,12315
0.176581,10.1906,12316
0.165348,9.81722,12317
0.24039,10.2233,12318
0.170181,9.76678,12319
0.236358,10.1985,12320
0.178085,9.80234,12321
0.235206,10.2312,12322
0.173093,9.77267,12323
0.231558,10.2562,12324
0.187141,9.7527,12325
0.224742,10.2092,12326
0.165125,9.77626,12327
0.233542,10.2087,12328
0.179461,9.78835,12329
0.256263,10.221,12330
0.177637,9.78253,12331
0.22743,10.204,12332
0.187301,9.81399,12333
0.218662,10.2231,12334
0.198789,9.75965,12335
0.22167,10.1971,12336
0.176101,9.80086,12337
0.233766,10.218,12338
0.18826,9.80259,12339
0.199269,10.1609,12340
0.181893,9.81994,12341
0.206533,10.1844,12342
0.172612,9.82407,12343
0.22615,10.2334,12344
0.193221,9.76467,12345
0.199717,10.1793,12346
0.164676,9.82867,12347
0.22439,10.1851,12348
0.183365,9.80669,12349
0.229606,10.1919,12350
0.174149,9.81706,12351
0.22215,10.1747,12352
0.177093,9.81072,12353
0.226054,10.1975,12354
0.168101,9.79626,12355
0.227654,10.2355,12356
0.176101,9.77222,12357
0.225606,10.2281,12358
0.179012,9.76886,12359
0.234118,10.2045,12360
0.182757,9.79341,12361
0.222662,10.212,12362
0.173412,9.8008,12363
0.208069,10.186,12364
0.15978,9.80749,12365
0.221733,10.1899,12366
0.181061,9.81459,12367
0.235303,10.191,12368
0.183365,9.81341,12369
0.248327,10.2613,12370
0.173029,9.72512,12371
0.207653,10.187,12372
0.183396,9.83043,12373
0.22167,10.1839,12374
0.1713,9.79709,12375
0.18858,10.1996,12376
0.179269,9.80659,12377
0.237318,10.2049,12378
0.18186,9.79338,12379
0.191461,10.1944,12380
0.166341,9.79974,12381
0.230566,10.2105,12382
0.185317,9.79734,12383
0.206085,10.1918,12384
0.163076,9.80378,12385
0.189573,10.2006,12386
0.182949,9.8152,12387
0.22151,10.2094,12388
0.186917,9.79117,12389
0.213382,10.1771,12390
0.169988,9.80794,12391
0.221158,10.2006,12392
0.170693,9.7896,12393
0.22263,10.2029,12394
0.177893,9.81216,12395
0.190021,10.1945,12396
0.18122,9.79776,12397
0.23991,10.212,12398
0.186437,9.79658,12399
0.24583,10.1971,12400
0.179589,9.80237,12401
0.239911,10.22,12402
0.178533,9.77229,12403
0.220294,10.2043,12404
0.175236,9.81591,12405
0.193285,10.1803,12406
0.186405,9.80381,12407
0.232294,10.1981,12408
0.18154,9.80608,12409
0.222054,10.1971,12410
0.178213,9.79338,12411
0.20487,10.2048,12412
0.1793,9.80509,12413
0.200549,10.1823,12414
0.173828,9.81255,12415
0.193893,10.194,12416
0.164996,9.80675,12417
0.236743,10.1966,12418
0.190245,9.80339,12419
0.220901,10.1967,12420
0.179493,9.80259,12421
0.229254,10.1961,12422
0.178981,9.8033,12423
0.206726,10.1856,12424
0.176036,9.82855,12425
0.170116,10.1717,12426
0.173381,9.80842,12427
0.235078,10.2085,12428
0.181221,9.79504,12429
0.218726,10.2132,12430
0.169925,9.79056,12431
0.229318,10.1949,12432
0.168421,9.79936,12433
0.219237,10.2199,12434
0.174852,9.78288,12435
0.215558,10.1536,12436
0.187877,9.84563,12437
0.234054,10.2073,12438
0.172516,9.79894,12439
0.217766,10.2531,12440
0.158052,9.74509,12441
0.23223,10.198,12442
0.174277,9.80797,12443
0.387146,9.97671,12444
0.172932,10.0092,12445
0.22295,10.2046,12446
0.181093,9.79699,12447
0.237542,10.2166,12448
0.181637,9.7864,12449
0.244102,10.2007,12450
0.171973,9.79939,12451
0.242855,10.2066,12452
0.189285,9.8105,12453
0.234951,10.1925,12454
0.160389,9.78762,12455
0.22151,10.1964,12456
0.180868,9.80643,12457
0.221574,10.2666,12458
0.183173,9.7496,12459
0.241862,10.1933,12460
0.198629,9.796,12461
0.220549,10.1988,12462
0.16714,9.79619,12463
0.222981,10.1993,12464
0.182789,9.79779,12465
0.197285,10.186,12466
0.171045,9.83053,12467
0.224582,10.2008,12468
0.193381,9.7953,12469
0.220678,10.1842,12470
0.168901,9.80448,12471
0.212453,10.2219,12472
0.157956,9.78054,12473
0.217126,10.1969,12474
0.172004,9.80781,12475
0.248967,10.1955,12476
0.182404,9.80474,12477
0.23847,10.2127,12478
0.191333,9.78704,12479
0.21559,10.227,12480
0.162308,9.76195,12481
0.182693,10.1918,12482
0.178532,9.81402,12483
0.219398,10.1862,12484
0.164804,9.81882,12485
0.17146,10.188,12486
0.175396,9.80502,12487
0.211878,10.2182,12488
0.178757,9.78416,12489
0.214085,10.2584,12490
0.187844,9.74288,12491
0.224197,10.2057,12492
0.184677,9.80774,12493
0.213926,10.2006,12494
0.168965,9.7857,12495
0.187749,10.2053,12496
0.182469,9.8112,12497
0.207654,10.166,12498
0.18618,9.83431,12499
0.224998,10.2479,12500
0.182085,9.7303,12501
0.236807,10.1994,12502
0.168516,9.80243,12503
0.213637,10.1965,12504
0.163524,9.81882,12505
0.187141,10.1649,12506
0.172708,9.81984,12507
0.226758,10.2045,12508
0.171525,9.79706,12509
0.228998,10.1982,12510
0.176324,9.8024,12511
0.220582,10.2318,12512
0.182053,9.77002,12513
0.22039,10.1948,12514
0.177124,9.80605,12515
0.21063,10.2249,12516
0.16394,9.76624,12517
0.242566,10.2039,12518
0.176965,9.80182,12519
0.219078,10.186,12520
0.188261,9.82448,12521
0.184132,10.1909,12522
0.184549,9.79597,12523
0.252007,10.2032,12524
0.165636,9.79773,12525
0.195013,10.2053,12526
0.180933,9.79261,12527
0.190021,10.2516,12528
0.172868,9.76544,12529
0.233542,10.2482,12530
0.193573,9.75129,12531
0.22823,10.1953,12532
0.182788,9.80925,12533
0.220422,10.1862,12534
0.186501,9.80179,12535
0.211333,10.1329,12536
0.181989,9.86221,12537
0.224038,10.2375,12538
0.181764,9.76573,12539
0.222566,10.2161,12540
0.193093,9.78477,12541
0.216966,10.2095,12542
0.174725,9.78509,12543
0.227206,10.1954,12544
0.178596,9.80579,12545
0.182917,10.1895,12546
0.168197,9.81357,12547
0.207685,10.1854,12548
0.18618,9.81357,12549
0.208902,10.1879,12550
0.182341,9.81574,12551
0.265255,10.1982,12552
0.196966,9.79811,12553
0.21479,10.1993,12554
0.174596,9.79354,12555
0.223557,10.2042,12556
0.180997,9.80416,12557
0.223878,10.1932,12558
0.174309,9.81971,12559
0.212454,10.1708,12560
0.183301,9.83053,12561
0.234438,10.25,12562
0.175685,9.73401,12563
0.220838,10.2192,12564
0.158084,9.77117,12565
0.219685,10.2381,12566
0.179268,9.78048,12567
0.221958,10.1871,12568
0.179717,9.81206,12569
0.21047,10.1767,12570
0.16042,9.81712,12571
0.223046,10.1725,12572
0.178116,9.83286,12573
0.235494,10.219,12574
0.173028,9.76691,12575
0.226086,10.2267,12576
0.175365,9.77616,12577
0.200485,10.2588,12578
0.17338,9.74189,12579
0.198533,10.2195,12580
0.158149,9.79574,12581
0.21703,10.1831,12582
0.191781,9.80109,12583
0.248294,10.2071,12584
0.180453,9.79904,12585
0.168196,10.181,12586
0.187621,9.82147,12587
0.220934,10.2269,12588
0.181828,9.76336,12589
0.194565,10.1925,12590
0.180068,9.80918,12591
0.216869,10.2021,12592
0.177637,9.79917,12593
0.229222,10.2033,12594
0.176421,9.80102,12595
0.180548,10.181,12596
0.171748,9.80893,12597
0.213573,10.206,12598
0.20343,9.79347,12599
0.191525,10.1921,12600
0.181733,9.81494,12601
0.195397,10.1997,12602
0.176229,9.79805,12603
0.210693,10.199,12604
0.181348,9.80237,12605
0.170181,10.1885,12606
0.173828,9.81568,12607
0.229702,10.1956,12608
0.166468,9.79923,12609
0.232582,10.1944,12610
0.172324,9.80794,12611
0.244454,10.2645,12612
0.176805,9.75091,12613
0.214981,10.1844,12614
0.167812,9.81155,12615
0.188965,10.2004,12616
0.188741,9.78864,12617
0.242535,10.2039,12618
0.179557,9.80125,12619
0.204998,10.2452,12620
0.175109,9.76176,12621
0.171109,10.1741,12622
0.184101,9.81773,12623
0.220997,10.2048,12624
0.181925,9.78717,12625
0.197093,10.1843,12626
0.190309,9.82377,12627
0.227013,10.2197,12628
0.187589,9.79174,12629
0.218438,10.249,12630
0.188101,9.75193,12631
0.220582,10.2462,12632
0.186693,9.75142,12633
0.225094,10.1849,12634
0.182116,9.79581,12635
0.204357,10.1928,12636
0.188644,9.81338,12637
0.222438,10.2301,12638
0.163076,9.7807,12639
0.205029,10.2022,12640
0.17018,9.77968,12641
0.227366,10.1958,12642
0.177828,9.80995,12643
0.233862,10.1971,12644
0.186949,9.8015,12645
0.196133,10.2199,12646
0.183876,9.79881,12647
0.262951,10.1878,12648
0.188901,9.7993,12649
0.244422,10.1995,12650
0.154852,9.79037,12651
0.251495,10.2129,12652
0.188676,9.79481,12653
0.235015,10.1938,12654
0.169157,9.80176,12655
0.207877,10.1946,12656
0.15866,9.81021,12657
0.227046,10.2065,12658
0.174404,9.78899,12659
0.187845,10.1797,12660
0.179301,9.8399,12661
0.206918,10.1709,12662
0.180133,9.80874,12663
0.216966,10.2016,12664
0.159524,9.79641,12665
0.217509,10.238,12666
0.177668,9.76493,12667
0.193125,10.2149,12668
0.168037,9.78547,12669
0.23367,10.264,12670
0.182309,9.73814,12671
0.193029,10.185,12672
0.170916,9.81149,12673
0.185381,10.1751,12674
0.182276,9.82576,12675
0.207909,10.2108,12676
0.163588,9.78656,12677
0.223782,10.2235,12678
0.169444,9.77814,12679
0.219461,10.2209,12680
0.179204,9.78093,12681
0.20855,10.1868,12682
0.175589,9.81209,12683
0.210053,10.1808,12684
0.194693,9.8185,12685
0.182821,10.1856,12686
0.194533,9.82025,12687
0.238822,10.2002,12688
0.182853,9.80224,12689
0.212453,10.1772,12690
0.177764,9.81625,12691
0.232326,10.2679,12692
0.181221,9.73875,12693
0.248743,10.1971,12694
0.181989,9.81133,12695
0.181637,10.1774,12696
0.176549,9.80838,12697
0.230822,10.197,12698
0.175876,9.81952,12699
0.245734,10.1933,12700
0.186532,9.80822,12701
0.203077,10.195,12702
0.178853,9.78806,12703
0.238182,10.2113,12704
0.190789,9.79331,12705
0.218917,10.2436,12706
0.182244,9.75596,12707
0.220485,10.202,12708
0.180069,9.79213,12709
0.226245,10.1975,12710
0.179364,9.80541,12711
0.23015,10.227,12712
0.165989,9.76761,12713
0.214117,10.235,12714
0.174468,9.76291,12715
0.21847,10.1918,12716
0.181508,9.81632,12717
0.218501,10.1921,12718
0.1681,9.80854,12719
0.241254,10.2009,12720
0.192101,9.80157,12721
0.24103,10.224,12722
0.197573,9.77398,12723
0.243046,10.2237,12724
0.182757,9.77577,12725
0.195685,10.2174,12726
0.172933,9.78912,12727
0.21063,10.1835,12728
0.181893,9.80105,12729
0.228998,10.225,12730
0.185157,9.78764,12731
0.215622,10.1944,12732
0.181636,9.80874,12733
0.208709,10.1966,12734
0.167173,9.79315,12735
0.178341,10.1801,12736
0.186885,9.83696,12737
0.215653,10.1817,12738
0.186405,9.81747,12739
0.23319,10.1898,12740
0.172421,9.79036,12741
0.24807,10.243,12742
0.161796,9.76281,12743
0.21143,10.1801,12744
0.179332,9.81491,12745
0.222086,10.2127,12746
0.171556,9.78851,12747
0.219878,10.2072,12748
0.172516,9.78742,12749
0.211622,10.2112,12750
0.163684,9.80934,12751
0.245382,10.1852,12752
0.182213,9.80502,12753
0.212486,10.2102,12754
0.192933,9.79334,12755
0.206277,10.1775,12756
0.162884,9.8152,12757
0.224646,10.1827,12758
0.179237,9.81478,12759
0.227078,10.195,12760
0.175941,9.80761,12761
0.243206,10.2666,12762
0.176869,9.73555,12763
0.225318,10.1943,12764
0.170629,9.81097,12765
0.224838,10.1854,12766
0.186821,9.81139,12767
0.222694,10.2253,12768
0.201478,9.77203,12769
0.232358,10.2322,12770
0.192549,9.78272,12771
0.237798,10.2139,12772
0.173284,9.76697,12773
0.20695,10.1911,12774
0.191621,9.81459,12775
0.208006,10.1831,12776
0.153284,9.80768,12777
0.223462,10.2375,12778
0.185284,9.76566,12779
0.200869,10.2141,12780
0.169061,9.80182,12781
0.232326,10.1807,12782
0.190277,9.80406,12783
0.231558,10.202,12784
0.162244,9.79773,12785
0.189253,10.2023,12786
0.197317,9.80224,12787
0.227846,10.2038,12788
0.183781,9.79027,12789
0.196997,10.2119,12790
0.16138,9.78243,12791
0.195077,10.1948,12792
0.169764,9.81197,12793
0.215654,10.1977,12794
0.15418,9.79696,12795
0.215878,10.233,12796
0.1801,9.77254,12797
0.203045,10.1878,12798
0.158468,9.80748,12799
0.181381,10.1974,12800
0.177893,9.82694,12801
0.226406,10.1842,12802
0.181477,9.79478,12803
0.232742,10.2025,12804
0.155012,9.79504,12805
0.225958,10.2694,12806
0.169284,9.73568,12807
0.194309,10.1851,12808
0.171461,9.81558,12809
0.237351,10.1977,12810
0.170148,9.80704,12811
0.232038,10.1952,12812
0.168708,9.80089,12813
0.23159,10.2062,12814
0.176133,9.79382,12815
0.182885,10.1922,12816
0.159396,9.79993,12817
0.205125,10.2025,12818
0.177957,9.80291,12819
0.247367,10.1926,12820
0.173764,9.80915,12821
0.189189,10.1933,12822
0.181989,9.80739,12823
0.191493,10.1776,12824
0.164068,9.81584,12825
0.202597,10.1636,12826
0.181349,9.86003,12827
0.22551,10.1859,12828
0.177733,9.80221,12829
0.220422,10.1909,12830
0.15834,9.79897,12831
0.22839,10.2116,12832
0.183429,9.80985,12833
0.234374,10.1811,12834
0.172069,9.79964,12835
0.1649,10.1815,12836
0.190917,9.81747,12837
0.233926,10.2121,12838
0.161156,9.79542,12839
0.218405,10.2014,12840
0.171429,9.78764,12841
0.228102,10.2095,12842
0.172164,9.79715,12843
0.218118,10.228,12844
0.15242,9.76556,12845
0.18778,10.2023,12846
0.161797,9.79632,12847
0.218309,10.1876,12848
0.165892,9.81504,12849
0.200197,10.2488,12850
0.186789,9.75142,12851
0.213318,10.2243,12852
0.182437,9.77843,12853
0.211526,10.2001,12854
0.182533,9.80531,12855
0.207206,10.1808,12856
0.186692,9.81081,12857
0.227622,10.1993,12858
0.182341,9.81158,12859
0.223334,10.1906,12860
0.166309,9.80384,12861
0.216933,10.2262,12862
0.181349,9.77865,12863
0.234502,10.2002,12864
0.180325,9.79126,12865
0.166629,10.1942,12866
0.165316,9.80438,12867
0.206309,10.2318,12868
0.176485,9.77116,12869
0.206438,10.1948,12870
0.176581,9.8056,12871
0.227398,10.1986,12872
0.184964,9.79744,12873
0.215621,10.2222,12874
0.182789,9.77849,12875
0.194949,10.2206,12876
0.17338,9.77929,12877
0.188804,10.1888,12878
0.1697,9.81677,12879
0.189669,10.1828,12880
0.180389,9.81776,12881
0.188101,10.1813,12882
0.17402,9.81411,12883
0.220293,10.1871,12884
0.189157,9.83344,12885
0.176804,10.1748,12886
0.158692,9.81641,12887
0.227429,10.2219,12888
0.176997,9.76726,12889
0.217734,10.1942,12890
0.165412,9.80976,12891
0.23463,10.196,12892
0.184581,9.8,12893
0.217445,10.1926,12894
0.157284,9.80806,12895
0.189637,10.2445,12896
0.157956,9.75372,12897
0.231078,10.1964,12898
0.178852,9.80704,12899
0.195365,10.1855,12900
0.188901,9.83117,12901
0.244167,10.1949,12902
0.182565,9.78761,12903
0.219174,10.2663,12904
0.179524,9.73231,12905
0.209062,10.1976,12906
0.162084,9.80041,12907
0.209061,10.1893,12908
0.186405,9.81196,12909
0.209286,10.2571,12910
0.179141,9.74505,12911
0.238502,10.2115,12912
0.166628,9.78956,12913
0.22999,10.1915,12914
0.17946,9.81145,12915
0.174468,10.1858,12916
0.155012,9.80976,12917
0.205893,10.207,12918
0.158276,9.79212,12919
0.226534,10.2347,12920
0.174404,9.76467,12921
0.209349,10.2289,12922
0.176676,9.78358,12923
0.227334,10.2226,12924
0.175237,9.76387,12925
0.197381,10.1424,12926
0.166404,9.85395,12927
0.23607,10.2111,12928
0.174021,9.81449,12929
0.214406,10.1785,12930
0.187781,9.8199,12931
0.22519,10.1842,12932
0.181541,9.79216,12933
0.222342,10.2383,12934
0.187621,9.77737,12935
0.201317,10.1795,12936
0.170277,9.80505,12937
0.226534,10.2363,12938
0.168228,9.77596,12939
0.238918,10.2032,12940
0.175077,9.78844,12941
0.230374,10.1976,12942
0.173508,9.80649,12943
0.253831,10.2305,12944
0.170628,9.77625,12945
0.169636,10.1749,12946
0.158404,9.81299,12947
0.227846,10.2064,12948
0.186501,9.80022,12949
0.207461,10.199,12950
0.187109,9.81609,12951
0.471948,9.97296,12952
0.180421,10.0028,12953
0.204293,10.2057,12954
0.174245,9.79612,12955
0.207621,10.2044,12956
0.181445,9.80409,12957
0.234662,10.1907,12958
0.171076,9.80141,12959
0.228582,10.2044,12960
0.159076,9.79696,12961
0.210277,10.2027,12962
0.172517,9.79878,12963
0.229702,10.2031,12964
0.171268,9.79792,12965
0.17034,10.2121,12966
0.18618,9.78992,12967
0.234822,10.2061,12968
0.173861,9.79273,12969
0.224454,10.1997,12970
0.181413,9.79721,12971
0.197957,10.1879,12972
0.171268,9.81168,12973
0.183716,10.1804,12974
0.1769,9.82141,12975
0.193189,10.1852,12976
0.174917,9.8143,12977
0.202278,10.186,12978
0.199973,9.80979,12979
0.229446,10.2281,12980
0.162724,9.78201,12981
0.21623,10.1919,12982
0.178533,9.80041,12983
0.220133,10.2298,12984
0.176421,9.77206,12985
0.191589,10.216,12986
0.159556,9.79971,12987
0.202149,10.2334,12988
0.172612,9.75036,12989
0.235462,10.2175,12990
0.179492,9.78227,12991
0.216741,10.2137,12992
0.171268,9.78291,12993
0.221381,10.2157,12994
0.178501,9.80076,12995
0.177188,10.1968,12996
0.186533,9.79756,12997
0.244774,10.1701,12998
0.208838,9.83523,12999
0.23415,10.2157,13000
0.158692,9.76918,13001
0.230342,10.2037,13002
0.181477,9.80025,13003
0.235142,10.1992,13004
0.184773,9.79907,13005
0.200965,10.2161,13006
0.156004,9.78371,13007
0.217957,10.1934,13008
0.187749,9.8055,13009
0.238854,10.2003,13010
0.169348,9.81708,13011
0.210053,10.2122,13012
0.181829,9.79167,13013
0.22359,10.2094,13014
0.172676,9.77081,13015
0.17034,10.187,13016
0.184452,9.81574,13017
0.205381,10.1803,13018
0.186053,9.82204,13019
0.239399,10.1967,13020
0.17754,9.79721,13021
0.216325,10.2048,13022
0.170084,9.79433,13023
0.173157,10.201,13024
0.176837,9.80352,13025
0.199046,10.1936,13026
0.162053,9.82057,13027
0.224037,10.1866,13028
0.195077,9.79616,13029
0.205638,10.1877,13030
0.181957,9.81779,13031
0.236646,10.2108,13032
0.159684,9.78284,13033
0.236966,10.2068,13034
0.164101,9.80076,13035
0.235526,10.246,13036
0.173924,9.75715,13037
0.22759,10.1966,13038
0.171749,9.79187,13039
0.250822,10.2293,13040
0.166117,9.77132,13041
0.208645,10.1868,13042
0.182756,9.81427,13043
0.229798,10.1989,13044
0.167748,9.80428,13045
0.216742,10.223,13046
0.169092,9.77244,13047
0.23287,10.2064,13048
0.172548,9.80188,13049
0.227621,10.1998,13050
0.166404,9.79558,13051
0.182693,10.1875,13052
0.183077,9.81395,13053
0.219174,10.193,13054
0.167749,9.81913,13055
0.214054,10.2073,13056
0.159556,9.77065,13057
0.235367,10.2361,13058
0.161188,9.77321,13059
0.205861,10.1935,13060
0.169733,9.80899,13061
0.235974,10.1937,13062
0.182757,9.80105,13063
0.189957,10.216,13064
0.188133,9.78009,13065
0.215941,10.1982,13066
0.189605,9.80844,13067
0.212869,10.1954,13068
0.168709,9.79977,13069
0.233766,10.2039,13070
0.175812,9.7998,13071
0.194757,10.204,13072
0.166244,9.79411,13073
0.23527,10.2036,13074
0.175876,9.80192,13075
0.192516,10.2031,13076
0.173604,9.79308,13077
0.228614,10.2092,13078
0.172773,9.80847,13079
0.228262,10.1894,13080
0.16298,9.80803,13081
0.22407,10.1916,13082
0.182949,9.79385,13083
0.199238,10.1917,13084
0.157796,9.80435,13085
0.188037,10.1929,13086
0.15322,9.80428,13087
0.218725,10.2038,13088
0.174884,9.82134,13089
0.208517,10.1752,13090
0.184421,9.81209,13091
0.217029,10.2049,13092
0.192612,9.8063,13093
0.192901,10.1763,13094
0.1801,9.80828,13095
0.186756,10.2067,13096
0.17338,9.7934,13097
0.236134,10.2121,13098
0.174564,9.80495,13099
0.206661,10.1679,13100
0.161988,9.80988,13101
0.210853,10.2024,13102
0.182149,9.80947,13103
0.197701,10.1748,13104
0.176837,9.81455,13105
0.187845,10.1897,13106
0.17066,9.81852,13107
0.255526,10.1936,13108
0.173861,9.79529,13109
0.236166,10.207,13110
0.168868,9.80099,13111
0.216005,10.1975,13112
0.179109,9.79903,13113
0.227174,10.2284,13114
0.176004,9.7734,13115
0.209925,10.2184,13116
0.176933,9.78492,13117
0.198022,10.1815,13118
0.179076,9.81721,13119
0.211749,10.2512,13120
0.173925,9.76444,13121
0.241318,10.1884,13122
0.177572,9.81043,13123
0.241958,10.1901,13124
0.181572,9.7967,13125
0.230694,10.2311,13126
0.175557,9.77884,13127
0.223398,10.2066,13128
0.184645,9.77753,13129
0.238247,10.2057,13130
0.185605,9.79577,13131
0.234918,10.2448,13132
0.162116,9.75193,13133
0.239078,10.2416,13134
0.163332,9.77644,13135
0.23847,10.1899,13136
0.164708,9.79455,13137
0.212517,10.1903,13138
0.152291,9.81036,13139
0.217765,10.212,13140
0.183269,9.79916,13141
0.217765,10.2304,13142
0.154148,9.75414,13143
0.229414,10.2096,13144
0.16778,9.8094,13145
0.187141,10.1789,13146
0.16106,9.80358,13147
0.213925,10.1932,13148
0.183396,9.81321,13149
0.225606,10.2264,13150
0.18266,9.78985,13151
0.210629,10.1747,13152
0.190885,9.80751,13153
0.260806,10.2131,13154
0.177413,9.79487,13155
0.214181,10.2009,13156
0.176452,9.80476,13157
0.216293,10.2142,13158
0.169444,9.7687,13159
0.222886,10.1973,13160
0.195013,9.80707,13161
0.225734,10.2045,13162
0.179237,9.81136,13163
0.254503,10.181,13164
0.164644,9.79871,13165
0.195525,10.2483,13166
0.178085,9.76041,13167
0.216006,10.1986,13168
0.173508,9.79699,13169
0.214757,10.203,13170
0.164772,9.79343,13171
0.223685,10.2235,13172
0.184037,9.79491,13173
0.219878,10.1847,13174
0.182437,9.79766,13175
0.16586,10.1927,13176
0.184581,9.80748,13177
0.228006,10.2037,13178
0.172772,9.79603,13179
0.189669,10.2074,13180
0.160068,9.78918,13181
0.220998,10.1984,13182
0.184357,9.82313,13183
0.235718,10.198,13184
0.171076,9.78847,13185
0.21895,10.2215,13186
0.16042,9.7711,13187
0.219046,10.2047,13188
0.177125,9.81625,13189
0.22375,10.2022,13190
0.162276,9.78214,13191
0.225158,10.2056,13192
0.175589,9.78956,13193
0.197797,10.2287,13194
0.179333,9.77855,13195
0.191845,10.1912,13196
0.163652,9.80825,13197
0.216229,10.1935,13198
0.185893,9.82316,13199
0.209925,10.1906,13200
0.169701,9.78687,13201
0.254631,10.1989,13202
0.183173,9.8103,13203
0.247462,10.2078,13204
0.177701,9.79596,13205
0.226598,10.1845,13206
0.168676,9.80691,13207
0.203205,10.1812,13208
0.187173,9.82851,13209
0.21895,10.1819,13210
0.18394,9.82422,13211
0.212965,10.2485,13212
0.173028,9.73382,13213
0.218022,10.2041,13214
0.181988,9.79996,13215
0.209285,10.1716,13216
0.176741,9.823,13217
0.225702,10.201,13218
0.182181,9.81039,13219
0.23719,10.1982,13220
0.175652,9.78847,13221
0.22503,10.2196,13222
0.175492,9.78438,13223
0.23879,10.213,13224
0.188069,9.80435,13225
0.217574,10.1784,13226
0.163332,9.81769,13227
0.225222,10.2195,13228
0.17546,9.76489,13229
0.194469,10.1887,13230
0.171973,9.83033,13231
0.203909,10.1757,13232
0.159716,9.80082,13233
0.218214,10.2023,13234
0.19018,9.81318,13235
0.192805,10.1784,13236
0.172036,9.80374,13237
0.22679,10.2066,13238
0.1553,9.7958,13239
0.208966,10.2349,13240
0.162629,9.76636,13241
0.215525,10.2212,13242
0.173413,9.78345,13243
0.209574,10.203,13244
0.173508,9.79276,13245
0.239846,10.202,13246
0.183717,9.80524,13247
0.22775,10.2046,13248
0.166948,9.80643,13249
0.200517,10.169,13250
0.180581,9.81689,13251
0.219654,10.1978,13252
0.186213,9.80207,13253
0.222502,10.2018,13254
0.177637,9.81583,13255
0.236198,10.1898,13256
0.191461,9.81023,13257
0.228101,10.1825,13258
0.178692,9.81766,13259
0.228806,10.1797,13260
0.177317,9.80054,13261
0.25271,10.2346,13262
0.16586,9.78115,13263
0.221701,10.1862,13264
0.161893,9.79676,13265
0.212774,10.1958,13266
0.178469,9.80719,13267
0.196581,10.1886,13268
0.1649,9.81382,13269
0.233606,10.2262,13270
0.187653,9.77401,13271
0.248262,10.1987,13272
0.176293,9.81654,13273
0.187268,10.1832,13274
0.189189,9.80412,13275
0.20871,10.1984,13276
0.174725,9.80044,13277
0.228102,10.1992,13278
0.159876,9.79228,13279
0.191236,10.1928,13280
0.169572,9.80774,13281
0.225286,10.1965,13282
0.173444,9.81376,13283
0.233669,10.1995,13284
0.184804,9.81449,13285
0.195269,10.1779,13286
0.164676,9.80124,13287
0.184868,10.2342,13288
0.178404,9.76972,13289
0.200613,10.1947,13290
0.158084,9.80111,13291
0.233862,10.2459,13292
0.182789,9.75673,13293
0.21239,10.2036,13294
0.179877,9.79574,13295
0.192581,10.2079,13296
0.187749,9.79919,13297
0.202277,10.182,13298
0.173989,9.81011,13299
0.212805,10.1887,13300
0.176965,9.81455,13301
0.224614,10.1907,13302
0.1641,9.8007,13303
0.221477,10.2106,13304
0.16922,9.79593,13305
0.208582,10.2645,13306
0.16138,9.73318,13307
0.237862,10.1924,13308
0.183588,9.80646,13309
0.200037,10.1879,13310
0.153572,9.81254,13311
0.232166,10.2528,13312
0.179141,9.75353,13313
0.22727,10.1929,13314
0.177893,9.80294,13315
0.202117,10.1478,13316
0.182917,9.85071,13317
0.238726,10.2746,13318
0.178949,9.73401,13319
0.209253,10.1836,13320
0.178277,9.81062,13321
0.220933,10.2438,13322
0.187876,9.75583,13323
0.220709,10.2032,13324
0.179364,9.79318,13325
0.178341,10.1831,13326
0.174564,9.81884,13327
0.193924,10.1906,13328
0.162724,9.80812,13329
0.212198,10.254,13330
0.170148,9.74751,13331
0.225126,10.1954,13332
0.17866,9.80079,13333
0.223462,10.1995,13334
0.180549,9.80396,13335
0.22519,10.231,13336
0.18122,9.7887,13337
0.209861,10.1734,13338
0.167492,9.80291,13339
0.232006,10.2073,13340
0.178501,9.79756,13341
0.211974,10.1973,13342
0.159172,9.79667,13343
0.23015,10.2104,13344
0.171812,9.79164,13345
0.232006,10.2211,13346
0.190405,9.79257,13347
0.205126,10.2122,13348
0.177797,9.78729,13349
0.233734,10.1934,13350
0.182597,9.79769,13351
0.228678,10.1941,13352
0.174789,9.81084,13353
0.217958,10.2326,13354
0.169252,9.7597,13355
0.223717,10.2615,13356
0.177093,9.74502,13357
0.213766,10.1849,13358
0.166245,9.81455,13359
0.222406,10.2566,13360
0.171044,9.74393,13361
0.24311,10.214,13362
0.166629,9.77497,13363
0.227302,10.2295,13364
0.180004,9.77951,13365
0.234054,10.2545,13366
0.17962,9.74351,13367
0.228614,10.1957,13368
0.160836,9.80028,13369
0.227078,10.2023,13370
0.165956,9.80649,13371
0.227845,10.2182,13372
0.177317,9.77865,13373
0.241479,10.2089,13374
0.165636,9.78991,13375
0.193413,10.195,13376
0.194852,9.81446,13377
0.204229,10.1787,13378
0.174724,9.82422,13379
0.232102,10.1925,13380
0.191333,9.81158,13381
0.197733,10.1749,13382
0.167076,9.80918,13383
0.219334,10.191,13384
0.182148,9.8079,13385
0.212997,10.1878,13386
0.178405,9.80793,13387
0.196133,10.1834,13388
0.186693,9.82022,13389
0.213733,10.2141,13390
0.16538,9.78204,13391
0.218726,10.2276,13392
0.152868,9.78265,13393
0.218149,10.2166,13394
0.168965,9.77433,13395
0.23607,10.2095,13396
0.184645,9.79846,13397
0.214405,10.187,13398
0.166116,9.82323,13399
0.230502,10.1788,13400
0.190789,9.82306,13401
0.231686,10.1791,13402
0.174149,9.80716,13403
0.230086,10.2382,13404
0.169348,9.75858,13405
0.228614,10.2433,13406
0.16842,9.75378,13407
0.200613,10.2204,13408
0.172452,9.80044,13409
0.23463,10.2316,13410
0.182533,9.76111,13411
0.221926,10.1843,13412
0.178852,9.81218,13413
0.20167,10.1836,13414
0.189413,9.82508,13415
0.200549,10.1744,13416
0.1593,9.80518,13417
0.217222,10.198,13418
0.183684,9.80659,13419
0.219718,10.1995,13420
0.186053,9.81046,13421
0.199365,10.1809,13422
0.181028,9.81433,13423
0.194117,10.2134,13424
0.164773,9.79551,13425
0.195621,10.1814,13426
0.17706,9.81273,13427
0.192132,10.1792,13428
0.175877,9.81682,13429
0.23991,10.2109,13430
0.187973,9.78655,13431
0.216709,10.2286,13432
0.172581,9.78821,13433
0.223622,10.1853,13434
0.192005,9.79548,13435
0.215781,10.1954,13436
0.178597,9.82297,13437
0.213221,10.1716,13438
0.16026,9.82473,13439
0.241798,10.1896,13440
0.16026,9.81071,13441
0.222534,10.1815,13442
0.18778,9.82153,13443
0.204805,10.1676,13444
0.169636,9.82146,13445
0.232646,10.1951,13446
0.178372,9.81606,13447
0.206661,10.1709,13448
0.16538,9.81078,13449
0.235526,10.1934,13450
0.172612,9.8109,13451
0.230758,10.2246,13452
0.175908,9.7895,13453
0.209509,10.1792,13454
0.16138,9.79964,13455
0.21799,10.2006,13456
0.172613,9.8029,13457
0.212838,10.182,13458
0.163908,9.81545,13459
0.206949,10.2202,13460
0.170021,9.78623,13461
0.203365,10.1813,13462
0.159172,9.80655,13463
0.221797,10.2401,13464
0.172804,9.7863,13465
0.178757,10.1777,13466
0.157252,9.80044,13467
0.230982,10.204,13468
0.172708,9.79612,13469
0.187589,10.1918,13470
0.174437,9.8101,13471
0.239078,10.2382,13472
0.179045,9.78258,13473
0.226982,10.212,13474
0.164741,9.76505,13475
0.18266,10.2054,13476
0.190693,9.79967,13477
0.212485,10.1876,13478
0.16298,9.8053,13479
0.22599,10.2368,13480
0.173828,9.77474,13481
0.208389,10.228,13482
0.191269,9.76348,13483
0.193125,10.1957,13484
0.179044,9.80361,13485
0.189509,10.2307,13486
0.180965,9.78057,13487
0.200965,10.2123,13488
0.167652,9.77906,13489
0.236006,10.1817,13490
0.184612,9.82866,13491
0.194693,10.179,13492
0.178149,9.80668,13493
0.219622,10.2301,13494
0.175973,9.77874,13495
0.216902,10.2288,13496
0.179749,9.7727,13497
0.210085,10.1835,13498
0.16282,9.82575,13499
0.23639,10.1746,13500
0.188645,9.8198,13501
0.24199,10.2628,13502
0.176581,9.73125,13503
0.217158,10.2101,13504
0.179461,9.78447,13505
0.220709,10.2094,13506
0.165444,9.7989,13507
0.226022,10.2234,13508
0.188228,9.76853,13509
0.220646,10.2124,13510
0.164644,9.80351,13511
0.205413,10.1776,13512
0.166533,9.81237,13513
0.225862,10.2027,13514
0.17546,9.811,13515
0.170501,10.1759,13516
0.192197,9.82585,13517
0.224357,10.1915,13518
0.184645,9.8071,13519
0.240454,10.1816,13520
0.180228,9.80022,13521
0.227174,10.2112,13522
0.188581,9.78943,13523
0.220262,10.2047,13524
0.180581,9.79593,13525
0.186117,10.2081,13526
0.169285,9.80434,13527
0.235365,10.1889,13528
0.184132,9.79801,13529
0.209509,10.1909,13530
0.17066,9.80665,13531
0.221637,10.2286,13532
0.189572,9.77817,13533
0.213606,10.206,13534
0.186628,9.80767,13535
0.208485,10.1963,13536
0.171429,9.79071,13537
0.22711,10.1853,13538
0.190917,9.81471,13539
0.217702,10.1996,13540
0.163876,9.80953,13541
0.218854,10.1831,13542
0.170373,9.80268,13543
0.222053,10.1971,13544
0.177861,9.8022,13545
0.223078,10.2079,13546
0.167012,9.80857,13547
0.206661,10.1979,13548
0.16538,9.78921,13549
0.218213,10.1816,13550
0.156644,9.82063,13551
0.192293,10.1836,13552
0.185668,9.81919,13553
0.213893,10.1886,13554
0.176901,9.80252,13555
0.177284,10.1932,13556
0.171461,9.81151,13557
0.207077,10.2503,13558
0.184101,9.75157,13559
0.222534,10.1776,13560
0.171557,9.83388,13561
0.22727,10.1818,13562
0.176772,9.80233,13563
0.25207,10.2355,13564
0.189701,9.76585,13565
0.196421,10.2052,13566
0.163332,9.7974,13567
0.223462,10.2192,13568
0.170276,9.77241,13569
0.21655,10.2047,13570
0.194789,9.79846,13571
0.230214,10.2087,13572
0.180773,9.80863,13573
0.210949,10.17,13574
0.179876,9.8303,13575
0.201285,10.1803,13576
0.191045,9.80613,13577
0.203941,10.1942,13578
0.169924,9.79468,13579
0.211461,10.2494,13580
0.193765,9.75532,13581
0.234246,10.1991,13582
0.180324,9.81084,13583
0.179685,10.1903,13584
0.173252,9.82012,13585
0.189925,10.2046,13586
0.177412,9.77756,13587
0.207077,10.2122,13588
0.18266,9.8046,13589
0.215398,10.2398,13590
0.185285,9.74034,13591
0.225478,10.2022,13592
0.169988,9.80246,13593
0.207781,10.1852,13594
0.182724,9.81145,13595
0.188133,10.225,13596
0.180645,9.79365,13597
0.206245,10.1744,13598
0.165477,9.82338,13599
0.235782,10.1863,13600
0.182821,9.80137,13601
0.216901,10.2308,13602
0.186117,9.76834,13603
0.219717,10.2249,13604
0.171685,9.77276,13605
0.226501,10.144,13606
0.188421,9.86326,13607
0.214085,10.1824,13608
0.174116,9.81014,13609
0.223206,10.2327,13610
0.16842,9.76194,13611
0.214886,10.2276,13612
0.200037,9.77689,13613
0.216742,10.2295,13614
0.170405,9.77433,13615
0.194181,10.1875,13616
0.166437,9.80665,13617
0.225573,10.1909,13618
0.158211,9.80911,13619
0.182469,10.1944,13620
0.183877,9.81874,13621
0.211685,10.1767,13622
0.183045,9.81516,13623
0.229958,10.2712,13624
0.191845,9.72741,13625
0.250855,10.2213,13626
0.192933,9.77964,13627
0.216005,10.1953,13628
0.17946,9.81065,13629
0.228709,10.2518,13630
0.170404,9.74242,13631
0.248455,10.2077,13632
0.17722,9.80127,13633
0.205477,10.1789,13634
0.170756,9.81986,13635
0.226598,10.1631,13636
0.154532,9.82927,13637
0.213637,10.1938,13638
0.168388,9.81954,13639
0.218053,10.1883,13640
0.176069,9.79433,13641
0.209829,10.1982,13642
0.175748,9.80149,13643
0.240934,10.201,13644
0.172452,9.81606,13645
0.227654,10.2036,13646
0.191013,9.78473,13647
0.23607,10.2075,13648
0.179044,9.78613,13649
0.222598,10.2193,13650
0.17818,9.80402,13651
0.209989,10.1684,13652
0.181252,9.81766,13653
0.198341,10.1978,13654
0.18074,9.79775,13655
0.210214,10.2031,13656
0.177284,9.7966,13657
0.204709,10.1851,13658
0.158756,9.8101,13659
0.233574,10.2092,13660
0.173925,9.80204,13661
0.208901,10.1752,13662
0.181797,9.81618,13663
0.209925,10.1929,13664
0.178949,9.8101,13665
0.191749,10.1955,13666
0.171781,9.79957,13667
0.232998,10.2102,13668
0.1849,9.79334,13669
0.212262,10.195,13670
0.176389,9.82482,13671
0.199717,10.1758,13672
0.179492,9.80002,13673
0.202341,10.1869,13674
0.176229,9.81263,13675
0.23159,10.2828,13676
0.175269,9.71842,13677
0.216902,10.2061,13678
0.184292,9.80396,13679
0.245639,10.2024,13680
0.181956,9.79468,13681
0.193541,10.2092,13682
0.168932,9.80178,13683
0.22775,10.2119,13684
0.184421,9.7749,13685
0.17674,10.2163,13686
0.172036,9.78156,13687
0.194789,10.2133,13688
0.176805,9.78613,13689
0.225254,10.1958,13690
0.177508,9.80783,13691
0.211046,10.1814,13692
0.166341,9.81026,13693
0.233542,10.211,13694
0.154212,9.79506,13695
0.231686,10.1806,13696
0.184036,9.82265,13697
0.203045,10.2113,13698
0.164613,9.80072,13699
0.235526,10.2036,13700
0.190981,9.78562,13701
0.223302,10.2668,13702
0.186469,9.7388,13703
0.245126,10.237,13704
0.177605,9.76991,13705
0.214789,10.1185,13706
0.186821,9.86473,13707
0.20871,10.2174,13708
0.158724,9.77909,13709
0.228454,10.2181,13710
0.177925,9.78345,13711
0.214117,10.1955,13712
0.194053,9.82341,13713
0.23415,10.1603,13714
0.190373,9.81881,13715
0.237542,10.2136,13716
0.16346,9.78588,13717
0.242598,10.2188,13718
0.158116,9.78105,13719
0.222278,10.1979,13720
0.183653,9.81503,13721
0.24055,10.1939,13722
0.18282,9.80313,13723
0.233062,10.2014,13724
0.17114,9.79119,13725
0.220037,10.2061,13726
0.188709,9.7942,13727
0.219717,10.2183,13728
0.163684,9.78725,13729
0.233126,10.2142,13730
0.170309,9.77682,13731
0.22711,10.2061,13732
0.174564,9.79455,13733
0.240902,10.2101,13734
0.176836,9.80066,13735
0.225542,10.1994,13736
0.185061,9.79356,13737
0.199749,10.2177,13738
0.166277,9.77861,13739
0.229478,10.1991,13740
0.192933,9.80194,13741
0.215269,10.2018,13742
0.178532,9.79845,13743
0.220645,10.215,13744
0.186181,9.79064,13745
0.227782,10.2011,13746
0.17834,9.80402,13747
0.220549,10.1972,13748
0.157412,9.79314,13749
0.222086,10.2511,13750
0.202245,9.75647,13751
0.246726,10.198,13752
0.196549,9.7974,13753
0.215942,10.2091,13754
0.17626,9.79535,13755
0.209221,10.165,13756
0.185605,9.82735,13757
0.234278,10.1998,13758
0.168932,9.79852,13759
0.228965,10.2098,13760
0.179268,9.81186,13761
0.240422,10.1826,13762
0.157796,9.79817,13763
0.210917,10.2517,13764
0.161604,9.76408,13765
0.189125,10.1931,13766
0.169188,9.79186,13767
0.224517,10.2437,13768
0.167781,9.7565,13769
0.25175,10.2289,13770
0.183813,9.77801,13771
0.219653,10.2421,13772
0.187556,9.75276,13773
0.214566,10.193,13774
0.170052,9.80146,13775
0.196613,10.215,13776
0.177509,9.78309,13777
0.228902,10.2042,13778
0.198853,9.81385,13779
0.212902,10.1728,13780
0.165252,9.82831,13781
0.235558,10.1861,13782
0.185829,9.81154,13783
0.222598,10.1729,13784
0.192005,9.81913,13785
0.198053,10.1944,13786
0.188933,9.81241,13787
0.225765,10.2212,13788
0.152675,9.76405,13789
0.234598,10.2433,13790
0.186756,9.76421,13791
0.23719,10.1887,13792
0.173892,9.82313,13793
0.239974,10.1869,13794
0.174533,9.79589,13795
0.203301,10.2177,13796
0.167908,9.79989,13797
0.232038,10.2101,13798
0.175589,9.7724,13799
0.245638,10.1964,13800
0.180933,9.81413,13801
0.232518,10.1915,13802
0.181093,9.80223,13803
0.25207,10.2009,13804
0.16938,9.80175,13805
0.197125,10.1916,13806
0.188645,9.82332,13807
0.217669,10.2245,13808
0.190725,9.76562,13809
0.212614,10.1787,13810
0.190661,9.83071,13811
0.231078,10.1984,13812
0.175205,9.78184,13813
0.222438,10.2003,13814
0.184805,9.7958,13815
0.223782,10.2042,13816
0.169892,9.80169,13817
0.238726,10.204,13818
0.182789,9.79688,13819
0.206533,10.2014,13820
0.179876,9.79557,13821
0.246119,10.222,13822
0.185861,9.78271,13823
0.205925,10.206,13824
0.165252,9.7902,13825
0.228646,10.2064,13826
0.177444,9.79481,13827
0.211301,10.253,13828
0.174437,9.74063,13829
0.208453,10.1961,13830
0.174852,9.82431,13831
0.216678,10.1867,13832
0.185668,9.81612,13833
0.23271,10.186,13834
0.192421,9.8062,13835
0.210181,10.1811,13836
0.186309,9.80959,13837
0.234886,10.1958,13838
0.178949,9.81813,13839
0.230566,10.1971,13840
0.191909,9.795,13841
0.207333,10.1835,13842
0.170788,9.80639,13843
0.214597,10.2518,13844
0.176292,9.75189,13845
0.208838,10.1895,13846
0.181349,9.82767,13847
0.242662,10.2163,13848
0.179653,9.76364,13849
0.225062,10.2021,13850
0.182309,9.79887,13851
0.247622,10.2004,13852
0.191717,9.81132,13853
0.223782,10.2032,13854
0.177733,9.79023,13855
0.197669,10.185,13856
0.170277,9.82217,13857
0.239622,10.1945,13858
0.15482,9.79064,13859
0.207621,10.2059,13860
0.175748,9.79797,13861
0.21895,10.2145,13862
0.165892,9.78309,13863
0.215078,10.1966,13864
0.159716,9.80309,13865
0.18986,10.2055,13866
0.184165,9.79589,13867
0.211749,10.1911,13868
0.177253,9.81692,13869
0.241958,10.2,13870
0.172389,9.79625,13871
0.231014,10.1977,13872
0.192037,9.80204,13873
0.217541,10.197,13874
0.181957,9.80191,13875
0.193797,10.2283,13876
0.160804,9.76671,13877
0.233542,10.2084,13878
0.181092,9.80312,13879
0.201253,10.1915,13880
0.180324,9.80265,13881
0.208325,10.2167,13882
0.185764,9.78492,13883
0.228933,10.2057,13884
0.185925,9.79151,13885
0.222565,10.2248,13886
0.178565,9.78373,13887
0.202885,10.2461,13888
0.167108,9.75951,13889
0.246182,10.2508,13890
0.158756,9.73698,13891
0.226566,10.2284,13892
0.175301,9.7838,13893
0.208389,10.2496,13894
0.174565,9.74626,13895
0.186405,10.1962,13896
0.180197,9.79794,13897
0.26103,10.2007,13898
0.154947,9.79186,13899
0.219237,10.2091,13900
0.173892,9.79519,13901
0.228998,10.1999,13902
0.180293,9.8061,13903
0.21943,10.1936,13904
0.181125,9.80063,13905
0.245991,10.237,13906
0.18138,9.7685,13907
0.206533,10.1995,13908
0.17514,9.80223,13909
0.205477,10.1956,13910
0.170821,9.80981,13911
0.229702,10.1922,13912
0.18186,9.8028,13913
0.233541,10.1922,13914
0.17594,9.8052,13915
0.169509,10.1834,13916
0.164324,9.80956,13917
0.230918,10.2012,13918
0.184197,9.81042,13919
0.213605,10.1786,13920
0.186308,9.82793,13921
0.229829,10.1924,13922
0.187941,9.80863,13923
0.232806,10.1705,13924
0.183205,9.82098,13925
0.230438,10.1996,13926
0.186501,9.7966,13927
0.232198,10.1931,13928
0.178629,9.80338,13929
0.209509,10.2082,13930
0.161252,9.79519,13931
0.221766,10.1825,13932
0.171556,9.81298,13933
0.24407,10.1971,13934
0.190564,9.8205,13935
0.228838,10.1813,13936
0.188996,9.81327,13937
0.223814,10.1841,13938
0.169284,9.8181,13939
0.216229,10.2195,13940
0.178341,9.78325,13941
0.22567,10.1972,13942
0.171236,9.78024,13943
0.210629,10.268,13944
0.185189,9.75531,13945
0.21431,10.1743,13946
0.18058,9.80712,13947
0.227621,10.1988,13948
0.166244,9.80796,13949
0.229862,10.2268,13950
0.178021,9.77685,13951
0.243782,10.2027,13952
0.178148,9.80364,13953
0.199717,10.1636,13954
0.1833,9.82447,13955
0.223494,10.2564,13956
0.182949,9.7437,13957
0.227494,10.2263,13958
0.175301,9.76597,13959
0.231269,10.2143,13960
0.172293,9.78005,13961
0.21879,10.2018,13962
0.180772,9.80489,13963
0.217958,10.2154,13964
0.170373,9.80268,13965
0.193125,10.181,13966
0.185157,9.80248,13967
0.203973,10.1798,13968
0.174724,9.83365,13969
0.222469,10.1902,13970
0.167172,9.79055,13971
0.23559,10.2055,13972
0.169124,9.80396,13973
0.24439,10.1716,13974
0.182277,9.8294,13975
0.226598,10.196,13976
0.187524,9.79977,13977
0.23047,10.2272,13978
0.166212,9.76559,13979
0.216133,10.1989,13980
0.173924,9.80229,13981
0.226022,10.2169,13982
0.171397,9.78796,13983
0.247942,10.1862,13984
0.176708,9.82021,13985
0.189349,10.1888,13986
0.158884,9.81954,13987
0.211941,10.214,13988
0.181349,9.76952,13989
0.216645,10.2256,13990
0.192901,9.78338,13991
0.214309,10.1822,13992
0.198533,9.8286,13993
0.228709,10.1785,13994
0.169188,9.80184,13995
0.212742,10.2476,13996
0.1729,9.75704,13997
0.219205,10.1986,13998
0.1697,9.8126,13999
0.233413,10.1864,14000
0.193925,9.80248,14001
0.222022,10.1659,14002
0.179044,9.83375,14003
0.237062,10.2363,14004
0.18474,9.77992,14005
0.231622,10.2081,14006
0.181924,9.77932,14007
0.260103,10.1968,14008
0.183429,9.79746,14009
0.214022,10.2265,14010
0.166596,9.77874,14011
0.206053,10.1781,14012
0.164132,9.82268,14013
0.236742,10.2448,14014
0.179364,9.76716,14015
0.215589,10.1795,14016
0.183749,9.80348,14017
0.204645,10.2145,14018
0.170628,9.78591,14019
0.216229,10.1918,14020
0.16954,9.82079,14021
0.231653,10.1903,14022
0.180709,9.80476,14023
0.208965,10.1872,14024
0.1873,9.81132,14025
0.215813,10.1609,14026
0.183749,9.83346,14027
0.226822,10.2012,14028
0.179749,9.81471,14029
0.213797,10.1726,14030
0.169156,9.80738,14031
0.218021,10.2049,14032
0.179557,9.80783,14033
0.237446,10.1933,14034
0.168356,9.79685,14035
0.231494,10.2006,14036
0.179941,9.80895,14037
0.243462,10.2256,14038
0.17162,9.7614,14039
0.224774,10.2009,14040
0.172164,9.81186,14041
0.222726,10.2087,14042
0.178725,9.78242,14043
0.225574,10.1914,14044
0.180484,9.8133,14045
0.188453,10.2416,14046
0.185188,9.77138,14047
0.215589,10.1835,14048
0.181476,9.80021,14049
0.212549,10.1928,14050
0.17978,9.81173,14051
0.234246,10.1681,14052
0.1817,9.84204,14053
0.189829,10.1712,14054
0.17898,9.81356,14055
0.207653,10.1755,14056
0.185028,9.84056,14057
0.255174,10.1882,14058
0.181445,9.81125,14059
0.206693,10.1773,14060
0.189701,9.81391,14061
0.201989,10.1657,14062
0.190212,9.83554,14063
0.22919,10.1996,14064
0.185573,9.79989,14065
0.199941,10.1954,14066
0.187652,9.79516,14067
0.217893,10.2014,14068
0.202981,9.80815,14069
0.210822,10.1882,14070
0.1689,9.8166,14071
0.22487,10.1978,14072
0.167012,9.79122,14073
0.225253,10.158,14074
0.185189,9.85327,14075
0.26359,10.1988,14076
0.17578,9.79615,14077
0.24071,10.1983,14078
0.166596,9.80626,14079
0.196741,10.2021,14080
0.1641,9.79122,14081
0.219813,10.1815,14082
0.165892,9.82552,14083
0.226885,10.1742,14084
0.187621,9.82274,14085
0.246918,10.2189,14086
0.184868,9.77992,14087
0.209925,10.184,14088
0.176485,9.80267,14089
0.22967,10.2067,14090
0.17338,9.81067,14091
0.227525,10.2484,14092
0.175332,9.7517,14093
0.223174,10.1962,14094
0.190245,9.80767,14095
0.233606,10.1535,14096
0.176612,9.84607,14097
0.225125,10.1771,14098
0.184453,9.82389,14099
0.193285,10.2357,14100
0.163012,9.74018,14101
0.219365,10.2277,14102
0.180228,9.77938,14103
0.567278,9.99612,14104
0.183493,10.0212,14105
0.23175,10.1749,14106
0.172613,9.80431,14107
0.211301,10.206,14108
0.155204,9.80133,14109
0.230374,10.1968,14110
0.188389,9.81532,14111
0.24455,10.1925,14112
0.181668,9.79899,14113
0.219621,10.1824,14114
0.19066,9.81535,14115
0.238054,10.2078,14116
0.183748,9.78828,14117
0.203782,10.1779,14118
0.155972,9.81583,14119
0.222053,10.1934,14120
0.180005,9.80783,14121
0.199877,10.1889,14122
0.16266,9.81327,14123
0.230309,10.2224,14124
0.182276,9.78101,14125
0.22071,10.2064,14126
0.175908,9.79836,14127
0.163652,10.1788,14128
0.17514,9.81992,14129
0.209701,10.1936,14130
0.154596,9.79851,14131
0.192165,10.1994,14132
0.178436,9.81327,14133
0.228902,10.192,14134
0.167844,9.80124,14135
0.210469,10.1946,14136
0.168068,9.80757,14137
0.230086,10.1891,14138
0.169349,9.80184,14139
0.195109,10.2003,14140
0.170117,9.79813,14141
0.215365,10.2104,14142
0.173477,9.79192,14143
0.186372,10.186,14144
0.16474,9.82021,14145
0.218309,10.181,14146
0.177732,9.82264,14147
0.225638,10.191,14148
0.168708,9.8068,14149
0.196484,10.1787,14150
0.176933,9.81522,14151
0.232166,10.2019,14152
0.189797,9.81359,14153
0.217446,10.1948,14154
0.185829,9.80655,14155
0.174149,10.2046,14156
0.16906,9.78165,14157
0.216485,10.225,14158
0.17818,9.77951,14159
0.216421,10.1845,14160
0.187013,9.8244,14161
0.211685,10.1736,14162
0.185636,9.81775,14163
0.24327,10.1986,14164
0.186884,9.80283,14165
0.208293,10.2003,14166
0.185252,9.79493,14167
0.206373,10.2116,14168
0.187556,9.79467,14169
0.218405,10.195,14170
0.173092,9.79557,14171
0.25847,10.2036,14172
0.181732,9.7965,14173
0.232102,10.2081,14174
0.176708,9.79739,14175
0.209253,10.1879,14176
0.179205,9.80491,14177
0.218693,10.2305,14178
0.185701,9.76725,14179
0.204837,10.1949,14180
0.182533,9.80626,14181
0.23511,10.1932,14182
0.178661,9.80475,14183
0.230181,10.232,14184
0.187717,9.78735,14185
0.182532,10.1992,14186
0.178468,9.77778,14187
0.211525,10.1971,14188
0.172644,9.82421,14189
0.22183,10.1908,14190
0.172644,9.79957,14191
0.229285,10.2009,14192
0.189605,9.7949,14193
0.215173,10.1936,14194
0.180613,9.81986,14195
0.208805,10.1261,14196
0.170628,9.86178,14197
0.212229,10.2014,14198
0.190916,9.806,14199
0.196389,10.18,14200
0.175172,9.80802,14201
0.232933,10.2056,14202
0.17434,9.79506,14203
0.229829,10.194,14204
0.179972,9.80482,14205
0.187685,10.1966,14206
0.158148,9.80351,14207
0.232134,10.2214,14208
0.161764,9.78283,14209
0.228966,10.1966,14210
0.167556,9.80479,14211
0.234726,10.2675,14212
0.178372,9.72862,14213
0.229157,10.2028,14214
0.180324,9.80731,14215
0.234086,10.1886,14216
0.171556,9.80203,14217
0.197413,10.2109,14218
0.154788,9.78536,14219
0.22711,10.2146,14220
0.181381,9.78619,14221
0.24183,10.2139,14222
0.190469,9.79557,14223
0.227493,10.1931,14224
0.157188,9.79602,14225
0.227942,10.1683,14226
0.15978,9.83839,14227
0.202021,10.2145,14228
0.180388,9.7804,14229
0.220421,10.1977,14230
0.169892,9.80808,14231
0.195653,10.1837,14232
0.175844,9.8133,14233
0.216709,10.2505,14234
0.167588,9.74904,14235
0.205029,10.205,14236
0.186372,9.79919,14237
0.199429,10.1985,14238
0.184133,9.81541,14239
0.223877,10.1824,14240
0.172549,9.79861,14241
0.224614,10.2059,14242
0.177188,9.80927,14243
0.233093,10.1947,14244
0.198468,9.81,14245
0.250982,10.199,14246
0.188581,9.78315,14247
0.213733,10.1891,14248
0.182852,9.81522,14249
0.207301,10.1906,14250
0.163428,9.80936,14251
0.19562,10.1864,14252
0.169028,9.8165,14253
0.257383,10.1963,14254
0.181189,9.80552,14255
0.198949,10.2011,14256
0.17754,9.79983,14257
0.223686,10.1937,14258
0.171748,9.79541,14259
0.234822,10.1983,14260
0.183685,9.80949,14261
0.223717,10.2035,14262
0.171013,9.7875,14263
0.222502,10.2038,14264
0.195557,9.80123,14265
0.186404,10.2042,14266
0.168101,9.79973,14267
0.198533,10.2056,14268
0.182245,9.78219,14269
0.212901,10.1879,14270
0.174277,9.83077,14271
0.198821,10.1892,14272
0.176261,9.79851,14273
0.230054,10.1989,14274
0.195461,9.8173,14275
0.237926,10.1637,14276
0.179269,9.83666,14277
0.223621,10.1846,14278
0.176644,9.81135,14279
0.242854,10.2158,14280
0.182725,9.78859,14281
0.220485,10.1852,14282
0.181317,9.79486,14283
0.19178,10.1915,14284
0.184133,9.80773,14285
0.214246,10.2313,14286
0.171556,9.77675,14287
0.230853,10.2013,14288
0.172996,9.79787,14289
0.202949,10.1933,14290
0.152996,9.80043,14291
0.226438,10.2035,14292
0.177637,9.81096,14293
0.245702,10.2266,14294
0.190469,9.77032,14295
0.215526,10.1867,14296
0.17994,9.82127,14297
0.224518,10.214,14298
0.186661,9.778,14299
0.226246,10.2008,14300
0.185669,9.78984,14301
0.233702,10.2051,14302
0.186244,9.79279,14303
0.228421,10.2036,14304
0.181572,9.81438,14305
0.202341,10.1886,14306
0.19098,9.81151,14307
0.223974,10.1855,14308
0.184197,9.81045,14309
0.237382,10.1883,14310
0.15962,9.81285,14311
0.228325,10.1882,14312
0.1841,9.81563,14313
0.228742,10.1864,14314
0.193573,9.80533,14315
0.189669,10.1871,14316
0.181253,9.82245,14317
0.190373,10.2022,14318
0.160932,9.78197,14319
0.214085,10.182,14320
0.180516,9.82927,14321
0.24647,10.2565,14322
0.181733,9.73627,14323
0.234342,10.2062,14324
0.173573,9.80405,14325
0.195301,10.194,14326
0.166692,9.78293,14327
0.22215,10.2371,14328
0.15546,9.76555,14329
0.236262,10.2019,14330
0.181253,9.80277,14331
0.217925,10.2169,14332
0.189189,9.79854,14333
0.235814,10.2271,14334
0.168004,9.75435,14335
0.207845,10.1855,14336
0.186149,9.83327,14337
0.233381,10.1914,14338
0.183876,9.80879,14339
0.212261,10.1782,14340
0.172772,9.80546,14341
0.229157,10.1988,14342
0.182821,9.81064,14343
0.220773,10.2012,14344
0.176068,9.78968,14345
0.199749,10.1957,14346
0.186341,9.80955,14347
0.23975,10.2221,14348
0.183972,9.79061,14349
0.212421,10.177,14350
0.159556,9.81826,14351
0.247558,10.1829,14352
0.197733,9.82072,14353
0.233574,10.1738,14354
0.182629,9.81051,14355
0.183941,10.2003,14356
0.186789,9.81134,14357
0.222853,10.1874,14358
0.188709,9.81592,14359
0.211077,10.1786,14360
0.170788,9.80219,14361
0.223814,10.2004,14362
0.195141,9.80162,14363
0.198885,10.1922,14364
0.188645,9.80994,14365
0.199365,10.1998,14366
0.177636,9.79125,14367
0.209094,10.2005,14368
0.167077,9.80114,14369
0.228166,10.2043,14370
0.171973,9.79848,14371
0.211782,10.216,14372
0.171364,9.80376,14373
0.22983,10.1982,14374
0.176356,9.78782,14375
0.237125,10.198,14376
0.173252,9.80149,14377
0.231462,10.1963,14378
0.170021,9.80082,14379
0.206725,10.2473,14380
0.16314,9.75243,14381
0.208389,10.1845,14382
0.16762,9.81074,14383
0.231174,10.2173,14384
0.168868,9.78799,14385
0.207429,10.1867,14386
0.181253,9.81512,14387
0.220486,10.2111,14388
0.175876,9.78322,14389
0.21703,10.2128,14390
0.175973,9.78766,14391
0.220806,10.2001,14392
0.192997,9.82043,14393
0.249447,10.1809,14394
0.1577,9.81573,14395
0.19114,10.1827,14396
0.174436,9.79906,14397
0.207205,10.2665,14398
0.166468,9.73435,14399
0.221605,10.1999,14400
0.185349,9.81192,14401
0.221317,10.1891,14402
0.166468,9.7979,14403
0.226886,10.1996,14404
0.174181,9.80789,14405
0.182693,10.1921,14406
0.183972,9.81,14407
0.232038,10.2186,14408
0.159748,9.77131,14409
0.195141,10.1952,14410
0.172612,9.80821,14411
0.235046,10.2073,14412
0.175876,9.79365,14413
0.241254,10.2066,14414
0.197221,9.80594,14415
0.201797,10.1856,14416
0.187365,9.81378,14417
0.213285,10.1773,14418
0.17322,9.8037,14419
0.235334,10.2463,14420
0.21047,9.75985,14421
0.23655,10.202,14422
0.185124,9.80421,14423
0.202565,10.1862,14424
0.17818,9.82322,14425
0.226885,10.19,14426
0.1697,9.79742,14427
0.199493,10.2097,14428
0.162788,9.78974,14429
0.23047,10.1971,14430
0.170404,9.79422,14431
0.204613,10.2089,14432
0.186373,9.80158,14433
0.230118,10.2034,14434
0.16698,9.80782,14435
0.228805,10.2054,14436
0.181572,9.78648,14437
0.206309,10.1804,14438
0.164645,9.80757,14439
0.225925,10.2093,14440
0.18714,9.79861,14441
0.197348,10.1915,14442
0.162564,9.8019,14443
0.231205,10.1967,14444
0.179557,9.8211,14445
0.186692,10.1818,14446
0.185093,9.81058,14447
0.224966,10.202,14448
0.180677,9.7949,14449
0.208069,10.1878,14450
0.168325,9.80798,14451
0.213861,10.191,14452
0.18074,9.82808,14453
0.218917,10.1869,14454
0.159652,9.79154,14455
0.205701,10.2016,14456
0.177444,9.80773,14457
0.221829,10.1904,14458
0.17386,9.80674,14459
0.19418,10.1867,14460
0.160036,9.80651,14461
0.225606,10.2066,14462
0.190117,9.79438,14463
0.206181,10.1967,14464
0.182404,9.81592,14465
0.227302,10.1832,14466
0.187108,9.80629,14467
0.232678,10.2152,14468
0.161412,9.78949,14469
0.245606,10.2636,14470
0.174116,9.74737,14471
0.197093,10.1912,14472
0.172036,9.80334,14473
0.221605,10.1935,14474
0.172869,9.80738,14475
0.226149,10.174,14476
0.186149,9.81515,14477
0.215622,10.2117,14478
0.183845,9.79186,14479
0.197989,10.189,14480
0.157764,9.80427,14481
0.222214,10.1932,14482
0.174052,9.81663,14483
0.25047,10.2001,14484
0.177444,9.79509,14485
0.201573,10.1546,14486
0.180613,9.8635,14487
0.223333,10.1706,14488
0.182436,9.82792,14489
0.198853,10.1863,14490
0.161572,9.79445,14491
0.230854,10.2034,14492
0.180324,9.81525,14493
0.217702,10.1878,14494
0.183972,9.802,14495
0.220933,10.194,14496
0.1793,9.81726,14497
0.229318,10.1805,14498
0.184708,9.8091,14499
0.203813,10.2087,14500
0.177093,9.78795,14501
0.242022,10.2202,14502
0.180165,9.79342,14503
0.246502,10.1837,14504
0.187876,9.80453,14505
0.234149,10.1951,14506
0.182404,9.80229,14507
0.229574,10.2141,14508
0.180485,9.78289,14509
0.211621,10.1972,14510
0.177348,9.80209,14511
0.224198,10.2131,14512
0.176069,9.78693,14513
0.222213,10.2009,14514
0.180261,9.80926,14515
0.402186,9.97986,14516
0.171877,10.0092,14517
0.219365,10.1965,14518
0.187077,9.80552,14519
0.25671,10.2016,14520
0.179876,9.8125,14521
0.245862,10.197,14522
0.185445,9.7907,14523
0.227622,10.1971,14524
0.185412,9.8004,14525
0.213829,10.1994,14526
0.190373,9.79685,14527
0.207237,10.1888,14528
0.157636,9.80846,14529
0.226277,10.2361,14530
0.188133,9.7739,14531
0.208229,10.1962,14532
0.187045,9.81966,14533
0.188965,10.157,14534
0.191845,9.8261,14535
0.236806,10.1949,14536
0.178724,9.80139,14537
0.196804,10.1904,14538
0.171332,9.81253,14539
0.23431,10.1995,14540
0.190885,9.8155,14541
0.208933,10.1676,14542
0.186181,9.82043,14543
0.203717,10.1835,14544
0.1809,9.8149,14545
0.204741,10.1796,14546
0.170085,9.81976,14547
0.204901,10.1835,14548
0.162948,9.80923,14549
0.219141,10.2278,14550
0.161412,9.77233,14551
0.230149,10.204,14552
0.184453,9.81202,14553
0.255846,10.2213,14554
0.176165,9.76766,14555
0.199365,10.2044,14556
0.188229,9.81208,14557
0.203365,10.1678,14558
0.175524,9.82974,14559
0.233221,10.1867,14560
0.181604,9.79099,14561
0.246374,10.2074,14562
0.185892,9.806,14563
0.221221,10.1946,14564
0.180324,9.80194,14565
0.230374,10.2023,14566
0.17434,9.79595,14567
0.25367,10.2744,14568
0.168261,9.73992,14569
0.23975,10.1882,14570
0.183076,9.80094,14571
0.210854,10.1827,14572
0.162692,9.81214,14573
0.230534,10.1909,14574
0.155843,9.80693,14575
0.244134,10.2218,14576
0.194213,9.78801,14577
0.214501,10.1739,14578
0.196965,9.82437,14579
0.189348,10.1894,14580
0.1673,9.80706,14581
0.221286,10.2295,14582
0.177252,9.77435,14583
0.245254,10.2036,14584
0.187172,9.80165,14585
0.238917,10.1334,14586
0.184644,9.85714,14587
0.196901,10.1955,14588
0.18698,9.81381,14589
0.231846,10.1983,14590
0.189828,9.80917,14591
0.230885,10.1756,14592
0.195621,9.80507,14593
0.21895,10.1909,14594
0.181253,9.81038,14595
0.210309,10.2008,14596
0.17002,9.79976,14597
0.216166,10.2031,14598
0.189541,9.80645,14599
0.218181,10.181,14600
0.169732,9.80635,14601
0.216069,10.2027,14602
0.183141,9.81182,14603
0.23591,10.1931,14604
0.169444,9.79931,14605
0.218181,10.1976,14606
0.192261,9.81608,14607
0.23895,10.1844,14608
0.178692,9.81217,14609
0.244998,10.1996,14610
0.182436,9.79717,14611
0.224389,10.1772,14612
0.192901,9.81243,14613
0.213894,10.1875,14614
0.176389,9.81163,14615
0.241894,10.2292,14616
0.176805,9.77374,14617
0.24055,10.1949,14618
0.165508,9.8076,14619
0.237605,10.2028,14620
0.153092,9.78753,14621
0.237926,10.2307,14622
0.180132,9.77989,14623
0.23255,10.1945,14624
0.174212,9.8003,14625
0.211397,10.1869,14626
0.190949,9.82974,14627
0.192613,10.1941,14628
0.184164,9.78862,14629
0.232774,10.2056,14630
0.180324,9.79659,14631
0.222885,10.1902,14632
0.170181,9.80657,14633
0.223685,10.2314,14634
0.170468,9.76568,14635
0.188197,10.2122,14636
0.186437,9.79457,14637
0.231526,10.1888,14638
0.170533,9.81602,14639
0.196965,10.177,14640
0.178981,9.82094,14641
0.23527,10.1934,14642
0.158564,9.79473,14643
0.254214,10.216,14644
0.156772,9.79899,14645
0.198373,10.2198,14646
0.1569,9.78587,14647
0.231077,10.1984,14648
0.17386,9.79189,14649
0.450923,9.99375,14650
0.155683,9.99964,14651
0.242278,10.2005,14652
0.183588,9.80462,14653
0.227781,10.2218,14654
0.169765,9.77339,14655
0.199653,10.1997,14656
0.190341,9.80389,14657
0.217125,10.1975,14658
0.180837,9.79973,14659
0.228485,10.1994,14660
0.177092,9.7971,14661
0.218373,10.207,14662
0.172612,9.81448,14663
0.203429,10.1879,14664
0.158884,9.79342,14665
0.250694,10.1951,14666
0.182181,9.81505,14667
0.247622,10.197,14668
0.177125,9.80926,14669
0.227173,10.2119,14670
0.175332,9.77109,14671
0.208325,10.183,14672
0.171044,9.82737,14673
0.215269,10.1967,14674
0.173188,9.80126,14675
0.227654,10.2031,14676
0.174212,9.78993,14677
0.225893,10.2024,14678
0.186308,9.80709,14679
0.195941,10.2071,14680
0.180645,9.77947,14681
0.222438,10.2251,14682
0.177636,9.79816,14683
0.214117,10.1807,14684
0.174341,9.80437,14685
0.211781,10.1552,14686
0.177316,9.85243,14687
0.236677,10.203,14688
0.187333,9.7866,14689
0.221286,10.1914,14690
0.160772,9.8035,14691
0.203941,10.1907,14692
0.184676,9.81246,14693
0.202116,10.2143,14694
0.175908,9.79326,14695
0.242885,10.1921,14696
0.180772,9.80801,14697
0.242086,10.1945,14698
0.19386,9.80193,14699
0.220165,10.2124,14700
0.15818,9.78184,14701
0.222246,10.197,14702
0.168677,9.81307,14703
0.253415,10.1808,14704
0.183748,9.81746,14705
0.199205,10.1961,14706
0.191173,9.80513,14707
0.22439,10.1938,14708
0.18698,9.81809,14709
0.208133,10.1763,14710
0.174981,9.80017,14711
0.231782,10.2003,14712
0.173668,9.79886,14713
0.234566,10.1928,14714
0.15898,9.81701,14715
0.216325,10.2519,14716
0.181668,9.75377,14717
0.242566,10.2341,14718
0.154371,9.75588,14719
0.223494,10.1991,14720
0.176516,9.80165,14721
0.214021,10.1903,14722
0.166052,9.82414,14723
0.216421,10.1734,14724
0.19002,9.81102,14725
0.192645,10.1886,14726
0.177508,9.81317,14727
0.190469,10.1842,14728
0.167396,9.81045,14729
0.203013,10.1795,14730
0.170532,9.82501,14731
0.220325,10.2301,14732
0.185156,9.76843,14733
0.221573,10.2682,14734
0.174116,9.73393,14735
0.224965,10.1968,14736
0.163972,9.8084,14737
0.228581,10.1867,14738
0.193508,9.80654,14739
0.198725,10.1866,14740
0.175588,9.81211,14741
0.196037,10.1873,14742
0.16106,9.80917,14743
0.204453,10.2319,14744
0.184516,9.77355,14745
0.193125,10.2003,14746
0.182596,9.79838,14747
0.218982,10.1927,14748
0.171461,9.81432,14749
0.231621,10.2278,14750
0.160963,9.76644,14751
0.224805,10.1956,14752
0.177188,9.80501,14753
0.230406,10.2026,14754
0.178628,9.79358,14755
0.189797,10.2323,14756
0.177764,9.78017,14757
0.216773,10.2232,14758
0.186724,9.77294,14759
0.229349,10.2215,14760
0.173028,9.79198,14761
0.220837,10.1784,14762
0.177477,9.80011,14763
0.194565,10.1866,14764
0.161156,9.83035,14765
0.229318,10.1759,14766
0.185861,9.8188,14767
0.241509,10.1913,14768
0.169316,9.81381,14769
0.224453,10.1803,14770
0.178532,9.80853,14771
0.191781,10.205,14772
0.183876,9.79691,14773
0.204997,10.1874,14774
0.174277,9.81435,14775
0.239142,10.2026,14776
0.170532,9.79637,14777
0.212901,10.1873,14778
0.184484,9.81019,14779
0.223781,10.265,14780
0.1761,9.72865,14781
0.224454,10.1938,14782
0.174565,9.80581,14783
0.236453,10.2351,14784
0.152739,9.76414,14785
0.21943,10.2251,14786
0.178916,9.78142,14787
0.224486,10.2272,14788
0.173733,9.76801,14789
0.249702,10.2717,14790
0.174276,9.74532,14791
0.224325,10.1882,14792
0.175908,9.79579,14793
0.21303,10.1953,14794
0.190788,9.80904,14795
0.202885,10.1877,14796
0.160164,9.80737,14797
0.226853,10.2275,14798
0.180068,9.78036,14799
0.234086,10.2032,14800
0.169092,9.79441,14801
0.216485,10.2086,14802
0.170404,9.78596,14803
0.218726,10.2178,14804
0.18346,9.80181,14805
0.196389,10.1695,14806
0.16234,9.82734,14807
0.239238,10.1788,14808
0.192229,9.82437,14809
0.204933,10.1719,14810
0.186884,9.8284,14811
0.221573,10.1892,14812
0.159972,9.79179,14813
0.226086,10.1986,14814
0.173701,9.79364,14815
0.223078,10.2079,14816
0.17882,9.7972,14817
0.244326,10.2736,14818
0.17098,9.73102,14819
0.238469,10.2378,14820
0.158819,9.75886,14821
0.211653,10.1967,14822
0.189861,9.80011,14823
0.24503,10.2281,14824
0.172421,9.79492,14825
0.213734,10.167,14826
0.186949,9.83291,14827
0.234725,10.1947,14828
0.169093,9.78692,14829
0.228549,10.2312,14830
0.172997,9.77665,14831
0.1993,10.1805,14832
0.182116,9.81547,14833
0.220549,10.2593,14834
0.168132,9.75569,14835
0.180453,10.187,14836
0.166724,9.79169,14837
0.230565,10.2027,14838
0.17898,9.80705,14839
0.219013,10.1954,14840
0.175652,9.79963,14841
0.221989,10.2103,14842
0.177221,9.79224,14843
0.211621,10.2161,14844
0.167684,9.78776,14845
0.185604,10.1852,14846
0.17898,9.81246,14847
0.224838,10.1923,14848
0.170885,9.80203,14849
0.226149,10.1955,14850
0.179108,9.82629,14851
0.211941,10.1784,14852
0.158532,9.81496,14853
0.233638,10.1769,14854
0.176548,9.81723,14855
0.233126,10.1603,14856
0.192773,9.83288,14857
0.214757,10.1974,14858
0.178405,9.81934,14859
0.235654,10.2157,14860
0.182436,9.78321,14861
0.207845,10.1657,14862
0.181892,9.82686,14863
0.222694,10.1959,14864
0.177508,9.7956,14865
0.214054,10.1887,14866
0.167876,9.81064,14867
0.209605,10.1833,14868
0.152452,9.81662,14869
0.223493,10.1944,14870
0.183588,9.82184,14871
0.208517,10.1969,14872
0.167908,9.8004,14873
0.233125,10.1864,14874
0.165028,9.80385,14875
0.231206,10.1948,14876
0.160996,9.80539,14877
0.230822,10.2005,14878
0.15594,9.8092,14879
0.218374,10.1767,14880
0.162819,9.80629,14881
0.201541,10.1893,14882
0.165348,9.81163,14883
0.23895,10.22,14884
0.1801,9.78101,14885
0.16938,10.1866,14886
0.163044,9.82126,14887
0.23095,10.1944,14888
0.181284,9.80517,14889
0.24839,10.2052,14890
0.181476,9.7907,14891
0.213414,10.1916,14892
0.169892,9.7987,14893
0.197541,10.1918,14894
0.161156,9.81121,14895
0.253894,10.2471,14896
0.17162,9.75787,14897
0.197412,10.1909,14898
0.1833,9.80763,14899
0.217061,10.1625,14900
0.176708,9.83793,14901
0.203877,10.1869,14902
0.182341,9.81976,14903
0.205957,10.264,14904
0.170469,9.73543,14905
0.220389,10.2623,14906
0.180613,9.73313,14907
0.220581,10.1849,14908
0.174276,9.8178,14909
0.406858,9.98251,14910
0.188676,10.0207,14911
0.200997,10.2086,14912
0.1705,9.798,14913
0.217061,10.1869,14914
0.179044,9.80808,14915
0.216453,10.2148,14916
0.174564,9.77531,14917
0.254982,10.2242,14918
0.168036,9.77915,14919
0.232069,10.1928,14920
0.191173,9.80705,14921
0.229862,10.2064,14922
0.178533,9.79387,14923
0.230342,10.2022,14924
0.185765,9.79323,14925
0.204453,10.1952,14926
0.184197,9.80936,14927
0.234406,10.1999,14928
0.15642,9.79102,14929
0.210918,10.2104,14930
0.179268,9.7995,14931
0.192516,10.2094,14932
0.162372,9.79035,14933
0.192612,10.165,14934
0.179076,9.82993,14935
0.193285,10.1876,14936
0.168964,9.81009,14937
0.228358,10.2341,14938
0.188581,9.7708,14939
0.208165,10.1878,14940
0.179076,9.82923,14941
0.232293,10.2199,14942
0.188389,9.7675,14943
0.207621,10.1878,14944
0.16698,9.82219,14945
0.182404,10.2004,14946
0.182085,9.785,14947
0.228742,10.1943,14948
0.181285,9.80216,14949
0.217221,10.2381,14950
0.178693,9.76168,14951
0.205989,10.1923,14952
0.169988,9.81265,14953
0.220422,10.2335,14954
0.187172,9.77358,14955
0.240581,10.1877,14956
0.183108,9.80312,14957
0.231365,10.2036,14958
0.188197,9.81416,14959
0.203333,10.1786,14960
0.169636,9.80267,14961
0.227461,10.2296,14962
0.189733,9.77252,14963
0.239878,10.1968,14964
0.187621,9.80424,14965
0.229829,10.2164,14966
0.176453,9.78779,14967
0.227206,10.204,14968
0.186437,9.78744,14969
0.213573,10.2332,14970
0.187652,9.77227,14971
0.203877,10.1846,14972
0.16346,9.81476,14973
0.225445,10.205,14974
0.1833,9.79892,14975
0.221382,10.1871,14976
0.176932,9.80856,14977
0.223461,10.2019,14978
0.184196,9.79505,14979
0.203141,10.2034,14980
0.176004,9.78932,14981
0.233478,10.2103,14982
0.16122,9.79416,14983
0.211621,10.2332,14984
0.178341,9.77099,14985
0.22407,10.2316,14986
0.169508,9.76916,14987
0.231781,10.2317,14988
0.200869,9.77665,14989
0.224421,10.1871,14990
0.180997,9.80862,14991
0.220293,10.1973,14992
0.184484,9.79755,14993
0.201573,10.2036,14994
0.171268,9.80443,14995
0.194757,10.1811,14996
0.178532,9.82475,14997
0.210405,10.1745,14998
0.1697,9.81492,14999
0.227814,10.198,15000
0.169221,9.79419,15001
0.226117,10.2476,15002
0.181956,9.75908,15003
0.25223,10.1944,15004
0.174724,9.80897,15005
0.222726,10.2205,15006
0.171076,9.77806,15007
0.208517,10.187,15008
0.167492,9.80888,15009
0.235046,10.2305,15010
0.18634,9.76619,15011
0.214373,10.1898,15012
0.17082,9.80635,15013
0.235558,10.2017,15014
0.1777,9.81147,15015
0.223846,10.1979,15016
0.166436,9.79409,15017
0.229157,10.2028,15018
0.175844,9.80747,15019
0.226437,10.1871,15020
0.178948,9.81822,15021
0.235398,10.1994,15022
0.174884,9.78667,15023
0.255526,10.2273,15024
0.17866,9.77399,15025
0.209733,10.2623,15026
0.189349,9.74299,15027
0.240646,10.2247,15028
0.178212,9.78574,15029
0.219142,10.2173,15030
0.189605,9.78075,15031
0.208805,10.2018,15032
0.167172,9.79655,15033
0.230821,10.195,15034
0.179076,9.78913,15035
0.184261,10.2073,15036
0.18266,9.80059,15037
0.224358,10.2323,15038
0.179748,9.76712,15039
0.203397,10.1929,15040
0.172228,9.8051,15041
0.230533,10.2073,15042
0.181316,9.79089,15043
0.199749,10.1985,15044
0.170884,9.81678,15045
0.1969,10.1873,15046
0.17866,9.79803,15047
0.224934,10.2003,15048
0.18234,9.79745,15049
0.216901,10.2127,15050
0.168068,9.78807,15051
0.206789,10.227,15052
0.17546,9.77739,15053
0.190244,10.2083,15054
0.190469,9.78497,15055
0.237894,10.2074,15056
0.174468,9.81339,15057
0.218245,10.1825,15058
0.190213,9.798,15059
0.213285,10.1951,15060
0.176228,9.80536,15061
0.202213,10.2088,15062
0.174021,9.81019,15063
0.215877,10.1683,15064
0.185956,9.81268,15065
0.217029,10.229,15066
0.177572,9.77009,15067
0.224901,10.1919,15068
0.171909,9.80833,15069
0.209381,10.2183,15070
0.183556,9.78059,15071
0.198085,10.2171,15072
0.153859,9.7868,15073
0.234598,10.1901,15074
0.184964,9.81057,15075
0.225189,10.2171,15076
0.189636,9.79016,15077
0.211717,10.207,15078
0.182628,9.78475,15079
0.232229,10.2336,15080
0.168196,9.7836,15081
0.205861,10.1686,15082
0.183908,9.81108,15083
0.22999,10.2047,15084
0.177509,9.7954,15085
0.18474,10.1923,15086
0.168548,9.82801,15087
0.216613,10.171,15088
0.18458,9.80945,15089
0.236965,10.1915,15090
0.178564,9.82302,15091
0.207301,10.207,15092
0.170596,9.7947,15093
0.241158,10.1932,15094
0.180389,9.78919,15095
0.197477,10.1945,15096
0.189828,9.82539,15097
0.212486,10.1801,15098
0.200261,9.80475,15099
0.207941,10.1957,15100
0.176772,9.80859,15101
0.199524,10.2062,15102
0.167972,9.79163,15103
0.178981,10.1599,15104
0.174276,9.83243,15105
0.229253,10.2196,15106
0.173252,9.78369,15107
0.234533,10.2693,15108
0.181252,9.73284,15109
0.224357,10.205,15110
0.179172,9.8106,15111
0.210629,10.1768,15112
0.169412,9.7986,15113
0.212741,10.1921,15114
0.186149,9.81761,15115
0.218213,10.1965,15116
0.18586,9.8202,15117
0.237765,10.1896,15118
0.183525,9.80289,15119
0.201989,10.1994,15120
0.172612,9.79732,15121
0.209573,10.1838,15122
0.157156,9.80327,15123
0.246758,10.2093,15124
0.186948,9.79585,15125
0.205477,10.2203,15126
0.159908,9.7755,15127
0.209477,10.2161,15128
0.161956,9.80087,15129
0.209157,10.1742,15130
0.180708,9.82574,15131
0.172388,10.164,15132
0.175909,9.81912,15133
0.214277,10.1972,15134
0.16666,9.81963,15135
0.179492,10.1434,15136
0.161508,9.83972,15137
0.183972,10.1661,15138
0.163684,9.83681,15139
0.217286,10.1942,15140
0.173957,9.82136,15141
0.255206,10.1903,15142
0.181189,9.80395,15143
0.220261,10.179,15144
0.173732,9.80977,15145
0.179844,10.1981,15146
0.170756,9.80264,15147
0.234438,10.2,15148
0.175908,9.81979,15149
0.206949,10.1754,15150
0.174468,9.82279,15151
0.219237,10.1862,15152
0.163108,9.80113,15153
0.237029,10.19,15154
0.189828,9.80849,15155
0.221349,10.1912,15156
0.172196,9.80609,15157
0.219845,10.1753,15158
0.175365,9.829,15159
0.250502,10.2025,15160
0.177476,9.8114,15161
0.213253,10.1712,15162
0.169252,9.80987,15163
0.220005,10.2246,15164
0.180836,9.78388,15165
0.226437,10.2146,15166
0.176581,9.79723,15167
0.247846,10.18,15168
0.183044,9.80779,15169
0.204965,10.1828,15170
0.164932,9.81246,15171
0.201252,10.185,15172
0.168869,9.8083,15173
0.215781,10.2083,15174
0.173989,9.79294,15175
0.176676,10.219,15176
0.194852,9.79409,15177
0.228133,10.1949,15178
0.177348,9.81185,15179
0.201029,10.1712,15180
0.160387,9.82526,15181
0.225189,10.1907,15182
0.182757,9.79943,15183
0.220133,10.2064,15184
0.170788,9.79239,15185
0.169445,10.1851,15186
0.183492,9.81131,15187
0.24951,10.2064,15188
0.17786,9.80113,15189
0.206149,10.2291,15190
0.172836,9.76084,15191
0.213574,10.1929,15192
0.16666,9.80555,15193
0.209573,10.1975,15194
0.188389,9.82631,15195
0.224678,10.1878,15196
0.171236,9.79201,15197
0.227461,10.2007,15198
0.176004,9.80715,15199
0.225285,10.1925,15200
0.186692,9.80686,15201
0.194884,10.2115,15202
0.174212,9.78167,15203
0.225222,10.2309,15204
0.186277,9.7691,15205
0.245893,10.2306,15206
0.175044,9.77118,15207
0.21879,10.2022,15208
0.179012,9.79431,15209
0.225477,10.2106,15210
0.189829,9.78945,15211
0.243333,10.2373,15212
0.178244,9.76372,15213
0.231653,10.2213,15214
0.168452,9.79591,15215
0.213445,10.1644,15216
0.188005,9.8243,15217
0.224389,10.1914,15218
0.179428,9.80315,15219
0.198053,10.1938,15220
0.1633,9.79931,15221
0.244357,10.2177,15222
0.154531,9.80417,15223
0.235398,10.1779,15224
0.180324,9.80907,15225
0.174692,10.185,15226
0.181412,9.8114,15227
0.213061,10.1934,15228
0.158468,9.8082,15229
0.22855,10.1825,15230
0.182724,9.82228,15231
0.203493,10.2169,15232
0.163076,9.77428,15233
0.191205,10.2378,15234
0.15498,9.76567,15235
0.195653,10.1929,15236
0.179877,9.81073,15237
0.230405,10.2032,15238
0.191908,9.79342,15239
0.25351,10.2017,15240
0.173508,9.79611,15241
0.227461,10.2052,15242
0.192613,9.80177,15243
0.225189,10.1937,15244
0.175716,9.79902,15245
0.241286,10.2123,15246
0.187844,9.78878,15247
0.200997,10.1838,15248
0.159076,9.81236,15249
0.222181,10.2201,15250
0.177956,9.78321,15251
0.227685,10.1942,15252
0.160292,9.81099,15253
0.232262,10.2006,15254
0.189797,9.79969,15255
0.253542,10.1919,15256
0.186436,9.82443,15257
0.227141,10.1831,15258
0.180804,9.79748,15259
0.215334,10.2058,15260
0.17754,9.79303,15261
0.210181,10.2034,15262
0.164804,9.79895,15263
0.226789,10.2072,15264
0.180964,9.79255,15265
0.221637,10.2667,15266
0.1785,9.73278,15267
0.238341,10.2043,15268
0.1649,9.79067,15269
0.230053,10.2052,15270
0.169988,9.79598,15271
0.195493,10.2046,15272
0.174244,9.79931,15273
0.22567,10.1968,15274
0.171044,9.8027,15275
0.263974,10.1993,15276
0.178852,9.80324,15277
0.24039,10.1959,15278
0.168772,9.8162,15279
0.199301,10.1743,15280
0.176292,9.80795,15281
0.198117,10.1934,15282
0.155524,9.80391,15283
0.201125,10.1939,15284
0.159012,9.81364,15285
0.169668,10.181,15286
0.164644,9.81687,15287
0.219621,10.2222,15288
0.190852,9.77754,15289
0.212325,10.1923,15290
0.158468,9.80795,15291
0.231526,10.206,15292
0.182501,9.79969,15293
0.244198,10.2545,15294
0.158052,9.7419,15295
0.225285,10.209,15296
0.19018,9.78727,15297
0.240006,10.2112,15298
0.185605,9.78916,15299
0.222598,10.2148,15300
0.18266,9.78532,15301
0.25671,10.216,15302
0.180772,9.78654,15303
0.241478,10.1994,15304
0.185796,9.8082,15305
0.221381,10.2175,15306
0.187525,9.77553,15307
0.240422,10.2275,15308
0.171588,9.77457,15309
0.216197,10.251,15310
0.161411,9.74183,15311
0.213381,10.2037,15312
0.181925,9.79722,15313
0.249414,10.1782,15314
0.156324,9.82244,15315
0.216741,10.1952,15316
0.190884,9.80939,15317
0.220101,10.1913,15318
0.182532,9.8083,15319
0.208389,10.1872,15320
0.177956,9.81063,15321
0.203972,10.1901,15322
0.17354,9.82615,15323
0.233509,10.1921,15324
0.174212,9.79531,15325
0.189061,10.2004,15326
0.184293,9.79281,15327
0.223621,10.1984,15328
0.190693,9.8122,15329
0.234725,10.1964,15330
0.184676,9.80574,15331
0.219301,10.1988,15332
0.167012,9.80609,15333
0.21751,10.1946,15334
0.190885,9.7922,15335
0.178628,10.1913,15336
0.174244,9.80618,15337
0.220069,10.2094,15338
0.1809,9.7897,15339
0.18682,10.2192,15340
0.165476,9.77486,15341
0.188933,10.2083,15342
0.185701,9.79975,15343
0.202565,10.2137,15344
0.168196,9.7921,15345
0.227174,10.1942,15346
0.18586,9.79812,15347
0.24311,10.2047,15348
0.168548,9.80017,15349
0.221157,10.1936,15350
0.179076,9.8057,15351
0.23479,10.1785,15352
0.182468,9.82558,15353
0.207781,10.1854,15354
0.169092,9.80657,15355
0.223525,10.2009,15356
0.175652,9.79844,15357
0.260582,10.2107,15358
0.181284,9.79873,15359
0.221958,10.2647,15360
0.186724,9.72778,15361
0.208517,10.1961,15362
0.183908,9.81131,15363
0.228294,10.2087,15364
0.18074,9.78186,15365
0.223877,10.2186,15366
0.179748,9.78302,15367
0.214309,10.2047,15368
0.181348,9.81466,15369
0.203461,10.1772,15370
0.186629,9.80298,15371
0.230789,10.2016,15372
0.17978,9.80087,15373
0.222182,10.1864,15374
0.163268,9.81147,15375
0.220518,10.2041,15376
0.173988,9.80215,15377
0.229638,10.1999,15378
0.182533,9.80625,15379
0.225701,10.2201,15380
0.173828,9.76718,15381
0.210181,10.189,15382
0.155203,9.80887,15383
0.216869,10.2046,15384
0.17482,9.81723,15385
0.191972,10.1837,15386
0.185348,9.80145,15387
0.217318,10.2324,15388
0.16906,9.78164,15389
0.217061,10.2267,15390
0.157796,9.75665,15391
0.184772,10.187,15392
0.160388,9.81198,15393
0.232454,10.2046,15394
0.190661,9.79482,15395
0.210309,10.199,15396
0.17082,9.81563,15397
0.22103,10.1951,15398
0.179588,9.79831,15399
0.24039,10.2211,15400
0.177412,9.77466,15401
0.22967,10.1898,15402
0.157604,9.80967,15403
0.219045,10.1973,15404
0.169764,9.80103,15405
0.182756,10.2308,15406
0.172612,9.77111,15407
0.223749,10.1911,15408
0.178532,9.80375,15409
0.205381,10.1933,15410
0.182853,9.80897,15411
0.204133,10.1964,15412
0.182916,9.80452,15413
0.226501,10.2112,15414
0.175972,9.79175,15415
0.24951,10.2065,15416
0.183204,9.79636,15417
0.217989,10.2171,15418
0.175268,9.77562,15419
0.209189,10.1774,15420
0.172484,9.82282,15421
0.206309,10.1972,15422
0.157667,9.81806,15423
0.232421,10.2112,15424
0.181508,9.78631,15425
0.179556,10.1762,15426
0.17114,9.81815,15427
0.244838,10.1946,15428
0.184132,9.80276,15429
0.23367,10.2241,15430
0.172772,9.79073,15431
0.228165,10.1889,15432
0.176292,9.80058,15433
0.214469,10.2035,15434
0.169092,9.79422,15435
0.182692,10.1926,15436
0.177029,9.81015,15437
0.213989,10.1916,15438
0.161124,9.80596,15439
0.24647,10.1936,15440
0.169828,9.80538,15441
0.227334,10.1929,15442
0.18186,9.82081,15443
0.231782,10.1782,15444
0.175876,9.82158,15445
0.206501,10.1776,15446
0.175716,9.81143,15447
0.24167,10.2031,15448
0.172612,9.79518,15449
0.235622,10.2173,15450
0.172132,9.7803,15451
0.201284,10.1865,15452
0.15786,9.80778,15453
0.220549,10.2098,15454
0.184293,9.79012,15455
0.227301,10.2309,15456
0.183652,9.78974,15457
0.229541,10.2008,15458
0.17802,9.79844,15459
0.230886,10.166,15460
0.176132,9.81668,15461
0.25367,10.1979,15462
0.187556,9.80311,15463
0.229765,10.2405,15464
0.179556,9.77742,15465
0.208261,10.1733,15466
0.15178,9.80577,15467
0.228613,10.196,15468
0.1721,9.81351,15469
0.195653,10.2049,15470
0.175109,9.7859,15471
0.209637,10.1957,15472
0.1697,9.81377,15473
0.224101,10.1955,15474
0.170852,9.79594,15475
0.19722,10.2114,15476
0.152547,9.78692,15477
0.220837,10.1998,15478
0.183044,9.79982,15479
0.234181,10.2035,15480
0.176932,9.79735,15481
0.215717,10.2116,15482
0.173444,9.78654,15483
0.23495,10.2113,15484
0.174052,9.79659,15485
0.229285,10.1979,15486
0.178629,9.79521,15487
0.228517,10.2115,15488
0.18394,9.80094,15489
0.218693,10.1991,15490
0.17386,9.78721,15491
0.220454,10.2028,15492
0.162436,9.81591,15493
0.222213,10.216,15494
0.1681,9.78477,15495
0.223717,10.1849,15496
0.166724,9.7977,15497
0.23655,10.2019,15498
0.195909,9.81844,15499
0.22055,10.2129,15500
0.181028,9.76586,15501
0.222181,10.2321,15502
0.163972,9.76513,15503
0.194469,10.1888,15504
0.171076,9.81447,15505
0.218981,10.1856,15506
0.177636,9.81358,15507
0.219845,10.23,15508
0.171812,9.77162,15509
0.213317,10.2673,15510
0.170596,9.73265,15511
0.204484,10.1858,15512
0.181893,9.81204,15513
0.188037,10.1907,15514
0.175268,9.81239,15515
0.17274,10.1847,15516
0.168644,9.81191,15517
0.227685,10.2094,15518
0.173796,9.79479,15519
0.195973,10.2125,15520
0.149155,9.78212,15521
0.217413,10.2034,15522
0.15626,9.79866,15523
0.213989,10.1948,15524
0.16634,9.80234,15525
0.213957,10.2553,15526
0.173956,9.74737,15527
0.213221,10.2012,15528
0.179204,9.80311,15529
0.184804,10.2004,15530
0.192068,9.80151,15531
0.22295,10.234,15532
0.16282,9.76093,15533
0.226821,10.202,15534
0.174212,9.8019,15535
0.184132,10.1954,15536
0.179844,9.80138,15537
0.206565,10.1952,15538
0.18858,9.81572,15539
0.210757,10.1835,15540
0.15338,9.80548,15541
0.222086,10.2093,15542
0.152995,9.78714,15543
0.211141,10.2009,15544
0.179173,9.80161,15545
0.217478,10.2032,15546
0.186596,9.79748,15547
0.215109,10.2099,15548
0.176581,9.79156,15549
0.223461,10.2611,15550
0.189989,9.74381,15551
0.22439,10.2039,15552
0.176868,9.79572,15553
0.225542,10.2219,15554
0.173988,9.78289,15555
0.230117,10.1815,15556
0.178052,9.8202,15557
0.239845,10.1837,15558
0.179845,9.81453,15559
0.215365,10.2241,15560
0.174788,9.77572,15561
0.234758,10.2043,15562
0.168356,9.7897,15563
0.236261,10.2515,15564
0.176804,9.74999,15565
0.236358,10.2031,15566
0.192005,9.79479,15567
0.208133,10.2231,15568
0.168196,9.77031,15569
0.220709,10.2022,15570
0.17562,9.80414,15571
0.230821,10.2063,15572
0.189573,9.805,15573
0.213253,10.1825,15574
0.166916,9.80193,15575
0.209061,10.1928,15576
0.189893,9.8201,15577
0.206789,10.1944,15578
0.18762,9.80148,15579
0.210149,10.1857,15580
0.158852,9.80321,15581
0.219301,10.2411,15582
0.182148,9.75981,15583
0.205989,10.1848,15584
0.184932,9.83684,15585
0.210053,10.2012,15586
0.185092,9.78654,15587
0.206116,10.1783,15588
0.186628,9.813,15589
0.205413,10.2028,15590
0.183652,9.79812,15591
0.222469,10.2505,15592
0.178052,9.75389,15593
0.211205,10.19,15594
0.164004,9.80958,15595
0.222021,10.2317,15596
0.181764,9.76657,15597
0.247622,10.2004,15598
0.163108,9.80798,15599
0.222181,10.2004,15600
0.16986,9.7914,15601
0.233093,10.2073,15602
0.170692,9.79025,15603
0.204837,10.1903,15604
0.184101,9.8105,15605
0.219174,10.1893,15606
0.181861,9.81245,15607
0.234437,10.2098,15608
0.166628,9.78711,15609
0.224485,10.2085,15610
0.167076,9.79575,15611
0.19754,10.2509,15612
0.166916,9.74065,15613
0.231749,10.2043,15614
0.177092,9.80906,15615
0.229061,10.1922,15616
0.175524,9.80074,15617
0.228997,10.2039,15618
0.159588,9.79492,15619
0.1913,10.2191,15620
0.177988,9.78055,15621
0.185892,10.228,15622
0.183172,9.78663,15623
0.177732,10.1988,15624
0.168612,9.78583,15625
0.182948,10.2137,15626
0.163908,9.78868,15627
0.242534,10.223,15628
0.1689,9.78378,15629
0.202789,10.2173,15630
0.182788,9.77815,15631
0.205957,10.1863,15632
0.180196,9.81623,15633
0.201829,10.1848,15634
0.158468,9.80746,15635
0.187365,10.2088,15636
0.170692,9.79511,15637
0.212357,10.2002,15638
0.181412,9.80234,15639
0.213157,10.2026,15640
0.183365,9.8058,15641
0.19642,10.2109,15642
0.178309,9.79396,15643
0.234758,10.1927,15644
0.175108,9.79511,15645
0.206117,10.181,15646
0.178405,9.83396,15647
0.252422,10.1905,15648
0.182436,9.79338,15649
0.201861,10.1837,15650
0.176388,9.82381,15651
0.236326,10.1852,15652
0.172708,9.80871,15653
0.201733,10.1856,15654
0.172996,9.80807,15655
0.220165,10.2032,15656
0.184484,9.79991,15657
0.231302,10.2032,15658
0.170628,9.79178,15659
0.238118,10.2078,15660
0.174468,9.79601,15661
0.183716,10.1962,15662
0.188932,9.80026,15663
0.226309,10.2118,15664
0.158499,9.78945,15665
0.221733,10.2022,15666
0.170788,9.80737,15667
0.22695,10.2611,15668
0.182724,9.72858,15669
0.198117,10.2167,15670
0.177476,9.79191,15671
0.249094,10.1992,15672
0.180708,9.80049,15673
0.241574,10.2053,15674
0.189476,9.80791,15675
0.185156,10.1817,15676
0.177476,9.80302,15677
0.217861,10.2017,15678
0.171716,9.80708,15679
0.230789,10.2237,15680
0.175876,9.7746,15681
0.228741,10.1931,15682
0.171844,9.80436,15683
0.204773,10.1834,15684
0.16362,9.80909,15685
0.24423,10.2267,15686
0.187589,9.77668,15687
0.217765,10.2144,15688
0.188676,9.78292,15689
0.204517,10.1925,15690
0.177988,9.80823,15691
0.202053,10.188,15692
0.175237,9.81332,15693
0.233701,10.2072,15694
0.169188,9.79293,15695
0.195173,10.1902,15696
0.152676,9.80653,15697
0.189957,10.2415,15698
0.18058,9.75921,15699
0.235557,10.2288,15700
0.169924,9.7722,15701
0.196965,10.1922,15702
0.166948,9.81159,15703
0.19738,10.1909,15704
0.17226,9.82308,15705
0.241126,10.1746,15706
0.174212,9.81473,15707
0.221317,10.2601,15708
0.173477,9.73066,15709
0.227621,10.2055,15710
0.162468,9.79793,15711
0.203684,10.2131,15712
0.198629,9.78765,15713
0.198181,10.1883,15714
0.175748,9.8106,15715
0.20218,10.1828,15716
0.195493,9.82058,15717
0.200805,10.1912,15718
0.180548,9.80708,15719
0.204165,10.1952,15720
0.167812,9.79981,15721
0.222694,10.2029,15722
0.165988,9.8033,15723
0.22695,10.2674,15724
0.177732,9.72554,15725
0.171012,10.1946,15726
0.167204,9.80564,15727
0.237573,10.2066,15728
0.180548,9.79735,15729
0.234597,10.196,15730
0.193252,9.80311,15731
0.230854,10.2006,15732
0.18682,9.81716,15733
0.216229,10.1865,15734
0.1785,9.79594,15735
0.213061,10.2273,15736
0.179844,9.77668,15737
0.211397,10.1851,15738
0.163268,9.82471,15739
0.210213,10.1776,15740
0.182853,9.82391,15741
0.234054,10.1848,15742
0.169316,9.80503,15743
0.241062,10.2652,15744
0.187044,9.73229,15745
0.206181,10.1978,15746
0.170276,9.79425,15747
0.262374,10.2082,15748
0.179813,9.79738,15749
0.240486,10.2026,15750
0.183172,9.8066,15751
0.225477,10.2553,15752
0.171172,9.75053,15753
0.214181,10.1955,15754
0.172676,9.79047,15755
0.202021,10.2177,15756
0.192229,9.7794,15757
0.241958,10.203,15758
0.178405,9.79863,15759
0.196932,10.1931,15760
0.167844,9.81789,15761
0.189956,10.1803,15762
0.18522,9.82538,15763
0.195781,10.2003,15764
0.170148,9.79597,15765
0.225221,10.2237,15766
0.185157,9.77197,15767
0.209861,10.1806,15768
0.184485,9.80733,15769
0.214725,10.2015,15770
0.173444,9.80551,15771
0.233414,10.1942,15772
0.1817,9.80138,15773
0.220645,10.208,15774
0.170436,9.80893,15775
0.210309,10.1751,15776
0.181988,9.80794,15777
0.242437,10.2088,15778
0.176164,9.80897,15779
0.223813,10.1918,15780
0.176612,9.78977,15781
0.224773,10.1957,15782
0.182949,9.80676,15783
0.206245,10.1896,15784
0.153891,9.80564,15785
0.230054,10.2343,15786
0.193604,9.76909,15787
0.207429,10.1879,15788
0.176837,9.80637,15789
0.216197,10.2082,15790
0.186309,9.80116,15791
0.226213,10.2209,15792
0.188389,9.77037,15793
0.208549,10.2029,15794
0.179748,9.80081,15795
0.17114,10.1939,15796
0.188485,9.82455,15797
0.254918,10.203,15798
0.17242,9.78621,15799
0.224453,10.2247,15800
0.164036,9.76589,15801
0.194981,10.2017,15802
0.180356,9.81767,15803
0.205893,10.1761,15804
0.165348,9.80224,15805
0.202469,10.2282,15806
0.191077,9.79428,15807
0.240422,10.2075,15808
0.176484,9.79284,15809
0.240197,10.1883,15810
0.181188,9.79063,15811
0.168772,10.2268,15812
0.160163,9.78103,15813
0.230533,10.1934,15814
0.181444,9.80064,15815
0.179524,10.1962,15816
0.177925,9.82186,15817
0.217893,10.1607,15818
0.180484,9.83805,15819
0.224421,10.1882,15820
0.172932,9.81002,15821
0.209189,10.1816,15822
0.17018,9.81901,15823
0.226853,10.1873,15824
0.182468,9.8042,15825
0.180964,10.1942,15826
0.183333,9.8048,15827
0.22311,10.2176,15828
0.186789,9.78932,15829
0.226694,10.2155,15830
0.182532,9.77117,15831
0.214629,10.2053,15832
0.185316,9.80218,15833
0.232486,10.1985,15834
0.184196,9.80685,15835
0.207013,10.1712,15836
0.178948,9.8306,15837
0.214981,10.182,15838
0.169956,9.801,15839
0.222053,10.2719,15840
0.189093,9.73885,15841
0.213477,10.1847,15842
0.165476,9.81521,15843
0.204837,10.182,15844
0.16698,9.82554,15845
0.166564,10.0543,15846
0.173605,9.93354,15847
0.203844,10.2224,15848
0.166692,9.79149,15849
0.226533,10.1531,15850
0.187461,9.84833,15851
0.236869,10.1849,15852
0.190116,9.80007,15853
0.216357,10.1914,15854
0.158435,9.80724,15855
0.234757,10.2253,15856
0.19226,9.79242,15857
0.24311,10.1724,15858
0.157156,9.81527,15859
0.253286,10.2,15860
0.182981,9.80298,15861
0.227365,10.2039,15862
0.16714,9.78893,15863
0.228646,10.2317,15864
0.173348,9.77719,15865
0.226245,10.2219,15866
0.187332,9.78461,15867
0.191716,10.1695,15868
0.18122,9.83057,15869
0.23495,10.1879,15870
0.155651,9.80893,15871
0.217893,10.1857,15872
0.173508,9.80848,15873
0.202852,10.1872,15874
0.159012,9.8098,15875
0.219206,10.1896,15876
0.167972,9.80212,15877
0.243237,10.2183,15878
0.186308,9.78695,15879
0.221669,10.1993,15880
0.176004,9.81121,15881
0.225061,10.1854,15882
0.180388,9.79904,15883
0.215909,10.2029,15884
0.161636,9.80455,15885
0.213477,10.2191,15886
0.176324,9.793,15887
0.224677,10.1783,15888
0.177861,9.81133,15889
0.228038,10.2101,15890
0.189348,9.79978,15891
0.230693,10.2578,15892
0.193477,9.74442,15893
0.205573,10.2086,15894
0.176324,9.78052,15895
0.248133,10.1864,15896
0.180613,9.81632,15897
0.209765,10.1973,15898
0.185892,9.80129,15899
0.24247,10.1983,15900
0.175556,9.79872,15901
0.216838,10.1921,15902
0.160676,9.81514,15903
0.203333,10.2019,15904
0.169956,9.79962,15905
0.180613,10.1975,15906
0.195844,9.80215,15907
0.241414,10.1931,15908
0.179044,9.81066,15909
0.238021,10.1828,15910
0.161316,9.80554,15911
0.253094,10.2602,15912
0.170852,9.73443,15913
0.235173,10.1951,15914
0.1897,9.82138,15915
0.188933,10.175,15916
0.194212,9.8154,15917
0.214693,10.1866,15918
0.175044,9.81917,15919
0.241862,10.2166,15920
0.166179,9.78189,15921
0.228902,10.1978,15922
0.173828,9.79156,15923
0.218629,10.2505,15924
0.173028,9.74621,15925
0.185445,10.1938,15926
0.185316,9.81018,15927
0.216837,10.1882,15928
0.178276,9.80877,15929
0.193988,10.1949,15930
0.17898,9.82349,15931
0.203909,10.1722,15932
0.19146,9.81127,15933
0.203236,10.1973,15934
0.168036,9.8,15935
0.222437,10.2048,15936
0.181892,9.80788,15937
0.223205,10.1899,15938
0.19178,9.80285,15939
0.207269,10.2164,15940
0.167364,9.77815,15941
0.240966,10.2334,15942
0.177284,9.77572,15943
0.211077,10.1899,15944
0.15642,9.80317,15945
0.205733,10.2142,15946
0.177732,9.79258,15947
0.197541,10.1757,15948
0.167492,9.8121,15949
0.244838,10.242,15950
0.196645,9.76538,15951
0.248742,10.1968,15952
0.171812,9.81729,15953
0.197764,10.1716,15954
0.157732,9.82621,15955
0.226022,10.1898,15956
0.172324,9.81274,15957
0.217829,10.2093,15958
0.179204,9.78048,15959
0.219237,10.1883,15960
0.160484,9.80791,15961
0.206501,10.1908,15962
0.183236,9.81616,15963
0.210373,10.1879,15964
0.1761,9.81744,15965
0.255494,10.2198,15966
0.193765,9.7688,15967
0.254502,10.206,15968
0.180581,9.7946,15969
0.216805,10.1946,15970
0.164932,9.80813,15971
0.210981,10.2082,15972
0.189349,9.80317,15973
0.217221,10.1712,15974
0.17162,9.81946,15975
0.220837,10.1951,15976
0.187205,9.79402,15977
0.242022,10.2144,15978
0.189348,9.79498,15979
0.43745,10.1416,15980
0.183044,9.85322,15981
0.215205,10.2,15982
0.162212,9.80615,15983
0.203493,10.1884,15984
0.16554,9.8073,15985
0.235909,10.2325,15986
0.169924,9.76938,15987
0.244614,10.1739,15988
0.18442,9.83658,15989
0.201156,10.1997,15990
0.161476,9.77869,15991
0.217925,10.2063,15992
0.183524,9.81501,15993
0.206917,10.1754,15994
0.153699,9.81904,15995
0.205733,10.2047,15996
0.177892,9.7872,15997
0.24295,10.212,15998
0.176132,9.78464,15999
0.205028,10.1906,16000
0.182532,9.81796,16001
0.195461,10.1922,16002
0.166372,9.80199,16003
0.220037,10.1952,16004
0.178276,9.81703,16005
0.216389,10.1856,16006
0.177157,9.79946,16007
0.214853,10.1819,16008
0.184005,9.82704,16009
0.23143,10.1939,16010
0.170724,9.80298,16011
0.246021,10.224,16012
0.18042,9.77719,16013
0.229861,10.2035,16014
0.17162,9.79901,16015
0.192516,10.1691,16016
0.184548,9.83207,16017
0.247046,10.2044,16018
0.169348,9.78807,16019
0.236229,10.2069,16020
0.182693,9.79396,16021
0.223461,10.227,16022
0.172292,9.76397,16023
0.18058,10.1998,16024
0.170308,9.8032,16025
0.17802,10.2063,16026
0.189413,9.79811,16027
0.201285,10.1863,16028
0.171364,9.82512,16029
0.240549,10.2179,16030
0.188132,9.77274,16031
0.216837,10.1996,16032
0.160356,9.7937,16033
0.235077,10.2259,16034
0.16938,9.77383,16035
0.211493,10.2226,16036
0.176004,9.77636,16037
0.209765,10.1917,16038
0.162212,9.80804,16039
0.220326,10.2069,16040
0.17866,9.81668,16041
0.224197,10.1824,16042
0.169508,9.79396,16043
0.232805,10.2054,16044
0.18282,9.79994,16045
0.203588,10.2455,16046
0.182756,9.7729,16047
0.216421,10.1803,16048
0.175076,9.80506,16049
0.214117,10.203,16050
0.174756,9.79383,16051
0.223718,10.1969,16052
0.188133,9.79981,16053
0.248774,10.213,16054
0.181156,9.78967,16055
0.199396,10.1848,16056
0.185828,9.81988,16057
0.223333,10.2232,16058
0.203461,9.7736,16059
0.246533,10.2168,16060
0.180612,9.78871,16061
0.24247,10.2087,16062
0.171876,9.78519,16063
0.246693,10.2397,16064
0.180644,9.76759,16065
0.208165,10.1906,16066
0.189765,9.80976,16067
0.203685,10.1877,16068
0.167044,9.81146,16069
0.220037,10.2381,16070
0.167492,9.75773,16071
0.227398,10.1894,16072
0.189701,9.81773,16073
0.206885,10.1783,16074
0.163492,9.82388,16075
0.222534,10.2148,16076
0.186628,9.79066,16077
0.227173,10.1859,16078
0.173348,9.80093,16079
0.246406,10.1958,16080
0.1649,9.79975,16081
0.246278,10.1998,16082
0.166436,9.79914,16083
0.243429,10.2068,16084
0.16938,9.79843,16085
0.210949,10.2115,16086
0.180452,9.78743,16087
0.233446,10.1979,16088
0.167044,9.79927,16089
0.197893,10.1965,16090
0.169828,9.80573,16091
0.190821,10.1867,16092
0.172452,9.80765,16093
0.200741,10.1813,16094
0.166244,9.81405,16095
0.24519,10.2327,16096
0.157348,9.77095,16097
0.225445,10.2031,16098
0.178724,9.80589,16099
0.227717,10.2019,16100
0.162915,9.78903,16101
0.228133,10.2259,16102
0.176868,9.78311,16103
0.202437,10.2087,16104
0.16826,9.79898,16105
0.195909,10.1955,16106
0.182948,9.79373,16107
0.22823,10.2021,16108
0.18362,9.78944,16109
0.254502,10.2364,16110
0.194308,9.77636,16111
0.239525,10.1902,16112
0.189189,9.80039,16113
0.202212,10.1956,16114
0.173252,9.80394,16115
0.188613,10.1875,16116
0.176804,9.81421,16117
0.239622,10.208,16118
0.184548,9.7905,16119
0.238374,10.2071,16120
0.174756,9.79875,16121
0.227366,10.2079,16122
0.179044,9.78637,16123
0.211013,10.1952,16124
0.163076,9.81069,16125
0.178789,10.2405,16126
0.187333,9.76215,16127
0.226918,10.2312,16128
0.19322,9.76563,16129
0.236613,10.2021,16130
0.18314,9.79453,16131
0.228709,10.2069,16132
0.18586,9.79267,16133
0.231045,10.2298,16134
0.184516,9.77168,16135
0.218021,10.2255,16136
0.169796,9.7697,16137
0.230054,10.1757,16138
0.18538,9.83479,16139
0.198725,10.1831,16140
0.1761,9.80362,16141
0.248678,10.242,16142
0.168836,9.76256,16143
0.226214,10.1972,16144
0.16618,9.80864,16145
0.241989,10.1964,16146
0.167044,9.81399,16147
0.211909,10.1834,16148
0.184324,9.80122,16149
0.252038,10.2045,16150
0.17834,9.80154,16151
0.234693,10.1984,16152
0.163364,9.79658,16153
0.229477,10.1965,16154
0.16234,9.80807,16155
0.227077,10.1907,16156
0.176612,9.80656,16157
0.220261,10.1888,16158
0.181668,9.80935,16159
0.241061,10.2074,16160
0.181989,9.79811,16161
0.215653,10.196,16162
0.178404,9.8009,16163
0.230725,10.2047,16164
0.171012,9.78336,16165
0.215173,10.2064,16166
0.171236,9.81715,16167
0.226181,10.2173,16168
0.168388,9.78563,16169
0.207621,10.1711,16170
0.163588,9.82509,16171
0.213285,10.22,16172
0.174052,9.76391,16173
0.228357,10.2732,16174
0.172996,9.72867,16175
0.223173,10.2337,16176
0.173412,9.76963,16177
0.207493,10.1856,16178
0.188388,9.8298,16179
0.224357,10.1834,16180
0.1689,9.81245,16181
0.195461,10.1743,16182
0.188548,9.81744,16183
0.224421,10.1991,16184
0.155523,9.79591,16185
0.223493,10.1946,16186
0.181956,9.80672,16187
0.202149,10.1889,16188
0.182532,9.80836,16189
0.256902,10.2111,16190
0.186532,9.79277,16191
0.23111,10.1932,16192
0.186436,9.80845,16193
0.235878,10.2041,16194
0.182148,9.79162,16195
0.225029,10.2202,16196
0.166116,9.78656,16197
0.216549,10.2015,16198
0.182404,9.80884,16199
0.24391,10.1963,16200
0.193829,9.79293,16201
0.23383,10.191,16202
0.179876,9.80957,16203
0.242726,10.1976,16204
0.164036,9.79504,16205
0.195429,10.2012,16206
0.183204,9.80522,16207
0.209605,10.2018,16208
0.171652,9.79658,16209
0.197797,10.1822,16210
0.171012,9.83069,16211
0.262022,10.2055,16212
0.164867,9.79069,16213
0.231333,10.1901,16214
0.181956,9.80045,16215
0.170692,10.1836,16216
0.165892,9.80461,16217
0.224805,10.1982,16218
0.179556,9.81562,16219
0.243334,10.1965,16220
0.18778,9.79901,16221
0.226117,10.2526,16222
0.16842,9.74499,16223
0.224901,10.2044,16224
0.175172,9.79875,16225
0.248262,10.2103,16226
0.182116,9.79207,16227
0.21082,10.1944,16228
0.159779,9.79821,16229
0.208517,10.2325,16230
0.179908,9.76339,16231
0.219781,10.2064,16232
0.180228,9.80816,16233
0.236582,10.2303,16234
0.171812,9.7641,16235
0.238917,10.2047,16236
0.195332,9.79395,16237
0.203621,10.1861,16238
0.17146,9.81853,16239
0.221253,10.1939,16240
0.172132,9.80339,16241
0.209605,10.2133,16242
0.174884,9.77866,16243
0.226757,10.21,16244
0.18282,9.79658,16245
0.210309,10.1806,16246
0.171236,9.8146,16247
0.222309,10.2301,16248
0.186885,9.77123,16249
0.249542,10.2044,16250
0.172676,9.79939,16251
0.226501,10.2287,16252
0.181797,9.76698,16253
0.222693,10.206,16254
0.167364,9.79984,16255
0.216837,10.2225,16256
0.178405,9.76957,16257
0.23063,10.2167,16258
0.17002,9.78784,16259
0.222533,10.223,16260
0.181028,9.77386,16261
0.25287,10.2127,16262
0.163844,9.78704,16263
0.213093,10.2731,16264
0.190756,9.7336,16265
0.201124,10.1795,16266
0.16762,9.81152,16267
0.225701,10.1991,16268
0.181892,9.80605,16269
0.242246,10.1937,16270
0.176388,9.81011,16271
0.204069,10.2149,16272
0.172612,9.7769,16273
0.218853,10.1948,16274
0.17994,9.8128,16275
0.203716,10.1857,16276
0.186884,9.81178,16277
0.197252,10.1697,16278
0.171844,9.82698,16279
0.208101,10.2048,16280
0.180068,9.79725,16281
0.20458,10.2016,16282
0.184836,9.79863,16283
0.230341,10.1958,16284
0.168068,9.79962,16285
0.23975,10.19,16286
0.182564,9.81251,16287
0.22743,10.1936,16288
0.177412,9.81296,16289
0.227653,10.2363,16290
0.180388,9.76339,16291
0.229925,10.2118,16292
0.189381,9.80186,16293
0.228869,10.194,16294
0.163524,9.80406,16295
0.222021,10.1824,16296
0.185412,9.81207,16297
0.196165,10.1748,16298
0.173092,9.81283,16299
0.207396,10.1999,16300
0.171908,9.80166,16301
0.204324,10.1971,16302
0.182084,9.81136,16303
0.229317,10.2002,16304
0.156195,9.78739,16305
0.19418,10.2016,16306
0.178564,9.80938,16307
0.213285,10.1941,16308
0.17162,9.79923,16309
0.224485,10.2033,16310
0.184996,9.80054,16311
0.230181,10.2021,16312
0.17514,9.79674,16313
0.202564,10.2407,16314
0.17658,9.75062,16315
0.210373,10.2112,16316
0.17386,9.8016,16317
0.222949,10.2039,16318
0.181796,9.79741,16319
0.206629,10.1835,16320
0.183684,9.80554,16321
0.217669,10.2013,16322
0.171172,9.80848,16323
0.208645,10.2485,16324
0.164964,9.74019,16325
0.243334,10.2361,16326
0.183076,9.76957,16327
0.248389,10.2035,16328
0.18042,9.80122,16329
0.224261,10.2201,16330
0.183684,9.77123,16331
0.191909,10.192,16332
0.155427,9.80643,16333
0.243013,10.2078,16334
0.172452,9.79917,16335
0.242758,10.269,16336
0.191589,9.73402,16337
0.227973,10.192,16338
0.179204,9.80986,16339
0.205029,10.1835,16340
0.168516,9.82557,16341
0.20714,10.1799,16342
0.175524,9.81997,16343
0.240774,10.2212,16344
0.160868,9.76327,16345
0.224293,10.2074,16346
0.171812,9.79527,16347
0.197765,10.1851,16348
0.179556,9.82701,16349
0.222789,10.1963,16350
0.199717,9.78675,16351
0.229637,10.206,16352
0.188709,9.80624,16353
0.237797,10.2086,16354
0.176548,9.79728,16355
0.214053,10.1747,16356
0.183364,9.81277,16357
0.195877,10.1792,16358
0.176868,9.81722,16359
0.219973,10.2223,16360
0.181572,9.78368,16361
0.224389,10.1957,16362
0.179684,9.80307,16363
0.238885,10.2065,16364
0.190372,9.79274,16365
0.205477,10.1799,16366
0.175748,9.81975,16367
0.234085,10.1984,16368
0.186724,9.80182,16369
0.243334,10.2096,16370
0.18042,9.78355,16371
0.214565,10.2114,16372
0.173636,9.80515,16373
0.197445,10.171,16374
0.17178,9.81299,16375
0.225382,10.1956,16376
0.174948,9.81274,16377
0.221061,10.1939,16378
0.190436,9.79757,16379
0.246693,10.2116,16380
0.17866,9.80749,16381
0.199492,10.2343,16382
0.186788,9.74688,16383
0.212036,10.2025,16384
0.177092,9.81786,16385
0.239557,10.2011,16386
0.190341,9.78928,16387
0.201124,10.1799,16388
0.19802,9.81863,16389
0.258662,10.2143,16390
0.177796,9.78246,16391
0.240678,10.2092,16392
0.194596,9.79232,16393
0.240454,10.2032,16394
0.185668,9.79299,16395
0.173828,10.1888,16396
0.176804,9.81462,16397
0.223141,10.2019,16398
0.170628,9.79504,16399
0.182852,10.1994,16400
0.180356,9.79494,16401
0.207397,10.2367,16402
0.153763,9.77603,16403
0.221477,10.1897,16404
0.173156,9.8008,16405
0.170852,10.1945,16406
0.187812,9.81075,16407
0.238598,10.2012,16408
0.17978,9.79469,16409
0.232005,10.2025,16410
0.179588,9.81479,16411
0.221637,10.184,16412
0.158979,9.79645,16413
0.219397,10.2354,16414
0.187461,9.76586,16415
0.195813,10.204,16416
0.18794,9.79367,16417
0.25111,10.2161,16418
0.189125,9.79549,16419
0.24327,10.2038,16420
0.179716,9.78566,16421
0.202917,10.1939,16422
0.1729,9.812,16423
0.217861,10.2272,16424
0.190756,9.76963,16425
0.202085,10.1875,16426
0.178724,9.81667,16427
0.223429,10.1753,16428
0.189541,9.82032,16429
0.239334,10.2367,16430
0.190084,9.76253,16431
0.220933,10.1937,16432
0.17994,9.80826,16433
0.233317,10.191,16434
0.181508,9.8152,16435
0.208389,10.2032,16436
0.18746,9.78912,16437
0.234533,10.2276,16438
0.177764,9.77018,16439
0.245926,10.201,16440
0.16842,9.79495,16441
0.24135,10.2117,16442
0.169187,9.79645,16443
0.227013,10.2083,16444
0.171844,9.78826,16445
0.204804,10.2017,16446
0.175652,9.79341,16447
0.213156,10.2222,16448
0.188196,9.78509,16449
0.239237,10.2453,16450
0.177892,9.75478,16451
0.235398,10.202,16452
0.180516,9.79318,16453
0.203589,10.1917,16454
0.1761,9.81363,16455
0.235525,10.2009,16456
0.173668,9.81565,16457
0.219109,10.1947,16458
0.1801,9.78627,16459
0.216805,10.2205,16460
0.174884,9.78464,16461
0.179524,10.1943,16462
0.191173,9.80973,16463
0.223525,10.1992,16464
0.184197,9.79446,16465
0.207365,10.1892,16466
0.173604,9.80947,16467
0.215877,10.2305,16468
0.187109,9.76678,16469
0.211685,10.2325,16470
0.181892,9.76512,16471
0.202692,10.255,16472
0.160132,9.74755,16473
0.241542,10.2032,16474
0.185572,9.7968,16475
0.203077,10.1938,16476
0.170692,9.80659,16477
0.238917,10.2024,16478
0.171939,9.79805,16479
0.227942,10.1993,16480
0.18266,9.8071,16481
0.231685,10.1687,16482
0.173988,9.82381,16483
0.237542,10.2088,16484
0.160675,9.78854,16485
0.224998,10.2029,16486
0.183652,9.80829,16487
0.18986,10.2001,16488
0.170628,9.79219,16489
0.221733,10.2048,16490
0.185092,9.79654,16491
0.215589,10.1968,16492
0.177188,9.80035,16493
0.223461,10.2077,16494
0.178148,9.80301,16495
0.180708,10.1812,16496
0.185764,9.81043,16497
0.230501,10.2062,16498
0.18922,9.79325,16499
0.226053,10.266,16500
0.171748,9.75203,16501
0.24791,10.2158,16502
0.182884,9.76534,16503
0.238085,10.2174,16504
0.18778,9.78947,16505
0.191236,10.2068,16506
0.177892,9.78813,16507
0.208037,10.1945,16508
0.159972,9.80346,16509
0.216901,10.2475,16510
0.17514,9.75101,16511
0.223173,10.2322,16512
0.180228,9.77046,16513
0.200068,10.1903,16514
0.166852,9.80432,16515
0.19066,10.1978,16516
0.17098,9.80227,16517
0.254566,10.1571,16518
0.179716,9.85703,16519
0.226853,10.1967,16520
0.168099,9.79312,16521
0.207877,10.1929,16522
0.172548,9.80467,16523
0.216101,10.2694,16524
0.179652,9.73401,16525
0.209957,10.1866,16526
0.155492,9.81261,16527
0.196357,10.1655,16528
0.16426,9.83722,16529
0.231621,10.1988,16530
0.156067,9.79632,16531
0.224037,10.1931,16532
0.183652,9.81424,16533
0.217189,10.2637,16534
0.182532,9.73321,16535
0.198628,10.1868,16536
0.189892,9.80982,16537
0.217701,10.1903,16538
0.171972,9.80518,16539
0.223653,10.2162,16540
0.166692,9.78499,16541
0.224357,10.2434,16542
0.187428,9.77674,16543
0.225766,10.1853,16544
0.1641,9.79718,16545
0.225574,10.2083,16546
0.164644,9.79098,16547
0.255526,10.207,16548
0.178276,9.80118,16549
0.225253,10.2296,16550
0.169764,9.76208,16551
0.252389,10.2337,16552
0.179364,9.77446,16553
0.244613,10.1963,16554
0.189572,9.80304,16555
0.198884,10.1885,16556
0.180004,9.81414,16557
0.203748,10.1989,16558
0.158468,9.78934,16559
0.218373,10.2409,16560
0.178373,9.76653,16561
0.232773,10.2278,16562
0.178085,9.77894,16563
0.218661,10.1918,16564
0.187877,9.80906,16565
0.208773,10.1787,16566
0.154819,9.8071,16567
0.200612,10.192,16568
0.177604,9.81162,16569
0.199876,10.1871,16570
0.178276,9.81562,16571
0.205477,10.2173,16572
0.167588,9.77914,16573
0.223397,10.254,16574
0.170212,9.7632,16575
0.22743,10.2145,16576
0.181028,9.77686,16577
0.237157,10.2005,16578
0.189125,9.79165,16579
0.206949,10.1897,16580
0.178084,9.82758,16581
0.248966,10.1875,16582
0.174436,9.79539,16583
0.249958,10.2033,16584
0.177924,9.79744,16585
0.203653,10.2178,16586
0.161252,9.7792,16587
0.220741,10.205,16588
0.184293,9.7975,16589
0.227941,10.2032,16590
0.17914,9.79517,16591
0.23959,10.2148,16592
0.170564,9.79731,16593
0.232709,10.2613,16594
0.187845,9.73014,16595
0.178948,10.1979,16596
0.183748,9.81181,16597
0.232613,10.1934,16598
0.17994,9.79779,16599
0.210853,10.1811,16600
0.163747,9.81939,16601
0.184164,10.1954,16602
0.184516,9.81203,16603
0.244709,10.2204,16604
0.190213,9.77539,16605
0.168228,10.1836,16606
0.163972,9.80739,16607
0.243941,10.1968,16608
0.162628,9.80797,16609
0.211877,10.2126,16610
0.17386,9.78441,16611
0.196005,10.1994,16612
0.181924,9.80605,16613
0.221477,10.1989,16614
0.184676,9.80061,16615
0.205477,10.2111,16616
0.177124,9.78541,16617
0.231494,10.1999,16618
0.172068,9.80714,16619
0.212612,10.1833,16620
0.18026,9.81129,16621
0.202405,10.2083,16622
0.179748,9.78829,16623
0.220453,10.2326,16624
0.184868,9.7671,16625
0.198405,10.2123,16626
0.172356,9.78371,16627
0.226789,10.2383,16628
0.180453,9.77625,16629
0.210597,10.2224,16630
0.180708,9.77392,16631
0.252934,10.2518,16632
0.187428,9.75398,16633
0.224261,10.2242,16634
0.183749,9.76957,16635
0.209381,10.2249,16636
0.174084,9.77398,16637
0.224581,10.2025,16638
0.170724,9.78877,16639
0.231013,10.2329,16640
0.180997,9.77513,16641
0.249477,10.1994,16642
0.17882,9.80218,16643
0.228581,10.2071,16644
0.185636,9.78752,16645
0.202564,10.2586,16646
0.179493,9.74531,16647
0.225541,10.2081,16648
0.178756,9.79171,16649
0.214533,10.2106,16650
0.167684,9.7865,16651
0.232165,10.2228,16652
0.171108,9.79283,16653
0.218661,10.2053,16654
0.175044,9.78893,16655
0.217221,10.1944,16656
0.177252,9.79734,16657
0.222021,10.2666,16658
0.180804,9.73766,16659
0.228549,10.197,16660
0.174404,9.79529,16661
0.220421,10.2293,16662
0.16826,9.77328,16663
0.19706,10.1844,16664
0.164772,9.81558,16665
0.217989,10.2078,16666
0.191204,9.79974,16667
0.205637,10.1911,16668
0.192645,9.81107,16669
0.242789,10.1974,16670
0.173379,9.79424,16671
0.203589,10.1883,16672
0.16458,9.82512,16673
0.247622,10.1937,16674
0.176004,9.79603,16675
0.212869,10.1859,16676
0.167524,9.80806,16677
0.230949,10.2516,16678
0.180612,9.74803,16679
0.227045,10.2342,16680
0.18218,9.76893,16681
0.220517,10.2162,16682
0.153987,9.79626,16683
0.218917,10.1815,16684
0.188356,9.81795,16685
0.209829,10.1774,16686
0.158756,9.80649,16687
0.226245,10.2015,16688
0.190276,9.80403,16689
0.232517,10.2122,16690
0.175972,9.78726,16691
0.224581,10.2574,16692
0.177988,9.74054,16693
0.225061,10.23,16694
0.185892,9.77155,16695
0.18106,10.1851,16696
0.192709,9.81542,16697
0.213413,10.1948,16698
0.166852,9.80189,16699
0.234501,10.2016,16700
0.176324,9.8111,16701
0.25383,10.2302,16702
0.184548,9.75878,16703
0.24743,10.1997,16704
0.1849,9.80694,16705
0.171364,10.1854,16706
0.174052,9.8039,16707
0.244357,10.2087,16708
0.174755,9.81376,16709
0.229925,10.1931,16710
0.185028,9.79504,16711
0.185028,10.185,16712
0.179268,9.80682,16713
0.204677,10.1979,16714
0.18506,9.80877,16715
0.236549,10.2,16716
0.171972,9.79427,16717
0.210405,10.2051,16718
0.175012,9.7967,16719
0.233765,10.2031,16720
0.178788,9.79616,16721
0.192804,10.187,16722
0.17994,9.81571,16723
0.214021,10.1951,16724
0.170403,9.80464,16725
0.203493,10.2079,16726
0.163747,9.80288,16727
0.219877,10.2173,16728
0.179908,9.77462,16729
0.205509,10.1861,16730
0.16218,9.80736,16731
0.237157,10.2118,16732
0.193572,9.79549,16733
0.243046,10.1987,16734
0.185604,9.81309,16735
0.195205,10.2382,16736
0.17914,9.74262,16737
0.165764,10.1669,16738
0.18426,9.83158,16739
0.217477,10.1942,16740
0.171396,9.81315,16741
0.228517,10.1971,16742
0.175652,9.79827,16743
0.233253,10.1942,16744
0.165604,9.80569,16745
0.217669,10.215,16746
0.169827,9.79766,16747
0.233125,10.1931,16748
0.18426,9.80025,16749
0.245478,10.1929,16750
0.186404,9.80237,16751
0.221061,10.1991,16752
0.169316,9.79321,16753
0.213349,10.1975,16754
0.190948,9.81318,16755
0.220133,10.1919,16756
0.173764,9.79997,16757
0.226661,10.2032,16758
0.181924,9.80374,16759
0.248229,10.2037,16760
0.188708,9.81056,16761
0.215365,10.1894,16762
0.18906,9.79174,16763
0.230949,10.2038,16764
0.188005,9.79702,16765
0.209188,10.1936,16766
0.178084,9.82224,16767
0.237765,10.1905,16768
0.177476,9.79171,16769
0.226949,10.2098,16770
0.169252,9.79517,16771
0.218085,10.1919,16772
0.173412,9.80505,16773
0.228517,10.1979,16774
0.194917,9.80054,16775
0.222597,10.1952,16776
0.170116,9.80809,16777
0.200677,10.1851,16778
0.17226,9.81181,16779
0.204197,10.1913,16780
0.167748,9.82506,16781
0.218373,10.2146,16782
0.185348,9.77209,16783
0.209509,10.2481,16784
0.185604,9.76262,16785
0.243781,10.1966,16786
0.177604,9.79561,16787
0.218181,10.2048,16788
0.190116,9.79622,16789
0.241509,10.2221,16790
0.188932,9.77222,16791
0.223237,10.2301,16792
0.171492,9.77693,16793
0.223461,10.1924,16794
0.184004,9.82109,16795
0.20026,10.1792,16796
0.167811,9.80278,16797
0.242438,10.2071,16798
0.174308,9.79417,16799
0.254021,10.2,16800
0.190213,9.80585,16801
0.23239,10.223,16802
0.180964,9.76969,16803
0.225061,10.2106,16804
0.180037,9.78349,16805
0.184452,10.2082,16806
0.185924,9.80115,16807
0.201509,10.1882,16808
0.187524,9.81037,16809
0.241541,10.203,16810
0.18186,9.79405,16811
0.234437,10.2057,16812
0.18874,9.79773,16813
0.240485,10.2237,16814
0.171716,9.78627,16815
0.228229,10.1998,16816
0.182372,9.78649,16817
0.213445,10.189,16818
0.192293,9.80736,16819
0.236837,10.2381,16820
0.18938,9.76867,16821
0.211621,10.1905,16822
0.173092,9.80381,16823
0.211301,10.1986,16824
0.156131,9.79827,16825
0.220357,10.2051,16826
0.179908,9.81027,16827
0.2113,10.1734,16828
0.179108,9.81974,16829
0.206949,10.1883,16830
0.162147,9.80512,16831
0.215589,10.2331,16832
0.180388,9.77571,16833
0.24871,10.2069,16834
0.175588,9.79638,16835
0.19738,10.1764,16836
0.175844,9.81728,16837
0.235526,10.2037,16838
0.160899,9.79395,16839
0.239366,10.1985,16840
0.188356,9.80249,16841
0.238981,10.2117,16842
0.1641,9.79219,16843
0.219781,10.1922,16844
0.181604,9.80291,16845
0.224837,10.1985,16846
0.189476,9.80288,16847
0.212645,10.2091,16848
0.190756,9.78825,16849
0.214596,10.195,16850
0.181317,9.81072,16851
0.238374,10.2008,16852
0.187108,9.79187,16853
0.251237,10.2135,16854
0.189252,9.79347,16855
0.439786,10.0847,16856
0.168868,9.90691,16857
0.194309,10.1872,16858
0.17818,9.81936,16859
0.211813,10.1942,16860
0.195364,9.80681,16861
0.229126,10.2052,16862
0.181252,9.78921,16863
0.220517,10.222,16864
0.181956,9.78147,16865
0.215781,10.1961,16866
0.16922,9.80243,16867
0.223973,10.2163,16868
0.17002,9.78614,16869
0.226405,10.2115,16870
0.19338,9.78985,16871
0.219429,10.1891,16872
0.169636,9.82102,16873
0.242501,10.1887,16874
0.185797,9.79846,16875
0.216005,10.2308,16876
0.170851,9.76361,16877
0.209061,10.2028,16878
0.184356,9.81888,16879
0.232198,10.1754,16880
0.166948,9.80221,16881
0.226757,10.2028,16882
0.171588,9.82003,16883
0.236229,10.1821,16884
0.180612,9.80905,16885
0.208773,10.1872,16886
0.181924,9.80214,16887
0.223205,10.2048,16888
0.172164,9.8112,16889
0.211813,10.2229,16890
0.181988,9.76563,16891
0.215141,10.1993,16892
0.17674,9.79865,16893
0.231205,10.2372,16894
0.181444,9.77942,16895
0.24279,10.2551,16896
0.174276,9.73113,16897
0.200805,10.1847,16898
0.173188,9.82704,16899
0.216869,10.2162,16900
0.189124,9.77337,16901
0.213221,10.197,16902
0.186884,9.80867,16903
0.226309,10.1916,16904
0.178852,9.80899,16905
0.206021,10.193,16906
0.173412,9.79315,16907
0.229477,10.2316,16908
0.177956,9.7751,16909
0.238661,10.203,16910
0.186628,9.80947,16911
0.228421,10.2173,16912
0.175524,9.77504,16913
0.211685,10.1892,16914
0.165764,9.81497,16915
0.218981,10.1613,16916
0.163491,9.82208,16917
0.217413,10.193,16918
0.171172,9.812,16919
0.214981,10.2333,16920
0.187012,9.76384,16921
0.200133,10.2128,16922
0.16906,9.80278,16923
0.22679,10.2166,16924
0.160548,9.76604,16925
0.218757,10.2059,16926
0.186277,9.79936,16927
0.21658,10.1727,16928
0.169956,9.8224,16929
0.241765,10.2048,16930
0.183268,9.80201,16931
0.199525,10.1848,16932
0.17994,9.81744,16933
0.234054,10.1966,16934
0.176132,9.7976,16935
0.24247,10.2088,16936
0.155939,9.79276,16937
0.238374,10.2306,16938
0.171236,9.76438,16939
0.233637,10.2315,16940
0.155652,9.76886,16941
0.226661,10.2074,16942
0.170564,9.80332,16943
0.21274,10.18,16944
0.17322,9.80774,16945
0.208549,10.1926,16946
0.172612,9.8102,16947
0.210853,10.1985,16948
0.16074,9.79715,16949
0.221221,10.2365,16950
0.178596,9.76537,16951
0.213476,10.2011,16952
0.179908,9.81046,16953
0.238406,10.1865,16954
0.170884,9.8072,16955
0.226565,10.2076,16956
0.158852,9.79123,16957
0.238725,10.2353,16958
0.186212,9.78124,16959
0.228037,10.1915,16960
0.172836,9.80838,16961
0.215749,10.2229,16962
0.171748,9.76281,16963
0.235269,10.1963,16964
0.188292,9.8023,16965
0.216933,10.1979,16966
0.166371,9.80064,16967
0.225893,10.2317,16968
0.182916,9.78781,16969
0.202308,10.2048,16970
0.176068,9.7831,16971
0.240165,10.2019,16972
0.178148,9.79574,16973
0.207493,10.1848,16974
0.172995,9.82003,16975
0.223077,10.1948,16976
0.187492,9.81462,16977
0.221989,10.171,16978
0.188805,9.82998,16979
0.223173,10.1839,16980
0.180004,9.80653,16981
0.243846,10.1936,16982
0.189956,9.81251,16983
0.253094,10.1955,16984
0.174852,9.79513,16985
0.229381,10.199,16986
0.171364,9.79974,16987
0.222309,10.1842,16988
0.172484,9.8176,16989
0.17098,10.148,16990
0.165988,9.84854,16991
0.189764,10.1846,16992
0.175683,9.82096,16993
0.225413,10.1912,16994
0.181636,9.80944,16995
0.204293,10.217,16996
0.177828,9.78953,16997
0.238693,10.1886,16998
0.181956,9.80265,16999
0.250054,10.1977,17000
0.160484,9.79804,17001
0.214981,10.1927,17002
0.179908,9.80428,17003
0.248838,10.2038,17004
0.173283,9.80201,17005
0.187204,10.2224,17006
0.158179,9.77904,17007
0.234438,10.2301,17008
0.182244,9.77248,17009
0.217861,10.1831,17010
0.190116,9.81536,17011
0.229733,10.188,17012
0.183332,9.81116,17013
0.236422,10.1991,17014
0.184996,9.79475,17015
0.222085,10.2389,17016
0.166852,9.77846,17017
0.213669,10.1754,17018
0.178148,9.81056,17019
0.226629,10.1884,17020
0.168164,9.80598,17021
0.209796,10.1891,17022
0.168356,9.81238,17023
0.24295,10.2029,17024
0.184516,9.79417,17025
0.220741,10.2237,17026
0.172644,9.78416,17027
0.228741,10.193,17028
0.153891,9.80691,17029
0.213668,10.1973,17030
0.177892,9.79552,17031
0.210501,10.1903,17032
0.165315,9.80918,17033
0.242405,10.1985,17034
0.172388,9.81424,17035
0.245894,10.1931,17036
0.171204,9.79878,17037
0.227333,10.1934,17038
0.174179,9.81331,17039
0.224741,10.1898,17040
0.172899,9.80064,17041
0.227237,10.232,17042
0.167843,9.76857,17043
0.223909,10.1959,17044
0.181092,9.81414,17045
0.238821,10.1892,17046
0.175396,9.80601,17047
0.250982,10.1993,17048
0.175876,9.80131,17049
0.220037,10.1964,17050
0.178596,9.80419,17051
0.210564,10.2022,17052
0.163364,9.78543,17053
0.224037,10.2382,17054
0.179204,9.76547,17055
0.236933,10.2014,17056
0.156931,9.8008,17057
0.214949,10.2026,17058
0.173636,9.79555,17059
0.234021,10.2235,17060
0.180868,9.78035,17061
0.208773,10.1932,17062
0.169636,9.81894,17063
0.209477,10.18,17064
0.170915,9.80476,17065
0.228421,10.2018,17066
0.191364,9.81635,17067
0.206181,10.1876,17068
0.180484,9.79139,17069
0.224325,10.236,17070
0.181028,9.78745,17071
0.202053,10.1736,17072
0.176644,9.81017,17073
0.229893,10.2028,17074
0.169251,9.79478,17075
0.208389,10.2664,17076
0.169892,9.73583,17077
0.241093,10.1997,17078
0.167588,9.81209,17079
0.197604,10.1796,17080
0.159908,9.81936,17081
0.224389,10.1871,17082
0.159492,9.79331,17083
0.230502,10.211,17084
0.17834,9.79728,17085
0.193509,10.2037,17086
0.190404,9.7943,17087
0.217509,10.2036,17088
0.178244,9.80217,17089
0.196644,10.1941,17090
0.18634,9.79667,17091
0.201668,10.1866,17092
0.175908,9.82524,17093
0.224677,10.1974,17094
0.158052,9.79113,17095
0.195748,10.2176,17096
0.17402,9.79043,17097
0.241702,10.1905,17098
0.189636,9.80851,17099
0.222565,10.2053,17100
0.174884,9.79235,17101
0.227589,10.2628,17102
0.1777,9.75318,17103
0.223621,10.2119,17104
0.17658,9.77862,17105
0.227205,10.2012,17106
0.190757,9.80051,17107
0.210724,10.2025,17108
0.183332,9.79273,17109
0.236358,10.2077,17110
0.180292,9.79475,17111
0.229029,10.2195,17112
0.17834,9.78227,17113
0.223877,10.2191,17114
0.162627,9.76409,17115
0.226853,10.2185,17116
0.183844,9.79059,17117
0.20058,10.206,17118
0.167844,9.79711,17119
0.254693,10.2604,17120
0.185604,9.75113,17121
0.250566,10.2065,17122
0.16522,9.78383,17123
0.227365,10.2429,17124
0.18682,9.76812,17125
0.203301,10.1744,17126
0.178244,9.80582,17127
0.208005,10.2148,17128
0.170148,9.79235,17129
0.229477,10.2007,17130
0.1849,9.81046,17131
0.222885,10.1799,17132
0.187268,9.81209,17133
0.244389,10.2328,17134
0.178884,9.76707,17135
0.212133,10.1815,17136
0.178468,9.81628,17137
0.217029,10.1966,17138
0.185412,9.795,17139
0.212004,10.205,17140
0.16986,9.80236,17141
0.222405,10.2021,17142
0.182628,9.80838,17143
0.21194,10.1731,17144
0.171171,9.82348,17145
0.227557,10.1831,17146
0.178628,9.80691,17147
0.201669,10.2463,17148
0.163555,9.75932,17149
0.215781,10.1896,17150
0.154564,9.80675,17151
0.197701,10.192,17152
0.182084,9.80518,17153
0.219973,10.1925,17154
0.165955,9.81075,17155
0.210564,10.1917,17156
0.17002,9.81686,17157
0.22727,10.1873,17158
0.181316,9.80931,17159
0.226309,10.1878,17160
0.189572,9.80918,17161
0.220133,10.1915,17162
0.180324,9.80432,17163
0.231973,10.2213,17164
0.19786,9.7847,17165
0.206148,10.1847,17166
0.172132,9.80326,17167
0.231845,10.2115,17168
0.194116,9.79219,17169
0.225702,10.2068,17170
0.17242,9.79398,17171
0.234341,10.2062,17172
0.15882,9.79744,17173
0.227525,10.1982,17174
0.170884,9.7959,17175
0.220581,10.2073,17176
0.174436,9.79529,17177
0.203653,10.2526,17178
0.16602,9.74239,17179
0.220965,10.2071,17180
0.182052,9.79871,17181
0.239557,10.269,17182
0.173764,9.73564,17183
0.243909,10.203,17184
0.174756,9.79923,17185
0.176356,10.178,17186
0.1953,9.81542,17187
0.223557,10.186,17188
0.158916,9.81776,17189
0.241765,10.202,17190
0.17786,9.79187,17191
0.222885,10.2022,17192
0.170052,9.80812,17193
0.218821,10.2188,17194
0.174468,9.77206,17195
0.189796,10.2074,17196
0.17882,9.79715,17197
0.208324,10.1817,17198
0.172772,9.82624,17199
0.227205,10.1796,17200
0.186596,9.82358,17201
0.220677,10.2196,17202
0.181508,9.77356,17203
0.24615,10.1915,17204
0.184548,9.80227,17205
0.230533,10.2287,17206
0.192389,9.7838,17207
0.204805,10.1715,17208
0.1657,9.82937,17209
0.220549,10.1842,17210
0.180452,9.80774,17211
0.221893,10.1925,17212
0.177668,9.80243,17213
0.228229,10.2291,17214
0.173379,9.77052,17215
0.213316,10.1857,17216
0.183236,9.81875,17217
0.218501,10.1843,17218
0.175364,9.81952,17219
0.229413,10.1947,17220
0.186308,9.79504,17221
0.23975,10.205,17222
0.171844,9.80569,17223
0.231621,10.1936,17224
0.189509,9.81193,17225
0.218693,10.181,17226
0.175524,9.80143,17227
0.211717,10.2121,17228
0.17066,9.78662,17229
0.252645,10.2016,17230
0.195556,9.811,17231
0.248966,10.2023,17232
0.193572,9.79046,17233
0.206148,10.1826,17234
0.189093,9.81001,17235
0.224005,10.2063,17236
0.172132,9.81449,17237
0.222789,10.175,17238
0.166724,9.80879,17239
0.231077,10.1952,17240
0.182692,9.80016,17241
0.223109,10.2002,17242
0.187076,9.81296,17243
0.212165,10.1818,17244
0.18474,9.8103,17245
0.249957,10.2068,17246
0.175396,9.79395,17247
0.235654,10.2265,17248
0.177156,9.779,17249
0.203845,10.1763,17250
0.167459,9.82822,17251
0.225317,10.2063,17252
0.185668,9.7878,17253
0.229701,10.1904,17254
0.184324,9.80582,17255
0.252422,10.2118,17256
0.192548,9.78972,17257
0.219845,10.1869,17258
0.185444,9.81609,17259
0.211941,10.236,17260
0.18154,9.7606,17261
0.256294,10.1946,17262
0.169284,9.79913,17263
0.231013,10.2143,17264
0.183012,9.80463,17265
0.24311,10.2063,17266
0.169795,9.78579,17267
0.210437,10.2101,17268
0.174883,9.78521,17269
0.213061,10.2144,17270
0.168164,9.77564,17271
0.226309,10.2021,17272
0.181572,9.80476,17273
0.211429,10.1923,17274
0.183172,9.82217,17275
0.217413,10.1743,17276
0.164644,9.82057,17277
0.225829,10.222,17278
0.171428,9.76803,17279
0.225061,10.2549,17280
0.162916,9.73855,17281
0.222533,10.1952,17282
0.184228,9.82691,17283
0.239269,10.1892,17284
0.195141,9.79209,17285
0.187364,10.2122,17286
0.179396,9.79519,17287
0.246054,10.1929,17288
0.152804,9.81382,17289
0.231941,10.1829,17290
0.178692,9.8095,17291
0.191973,10.1959,17292
0.198404,9.81503,17293
0.233317,10.1978,17294
0.191652,9.80044,17295
0.183332,10.1773,17296
0.177316,9.81776,17297
0.231814,10.2013,17298
0.174404,9.79407,17299
0.207141,10.1783,17300
0.179172,9.82931,17301
0.202373,10.1937,17302
0.170852,9.80879,17303
0.217157,10.2288,17304
0.176388,9.77369,17305
0.237157,10.1879,17306
0.17722,9.79686,17307
0.216645,10.1852,17308
0.162307,9.81155,17309
0.231622,10.2351,17310
0.19562,9.77247,17311
0.211589,10.2497,17312
0.17242,9.76034,17313
0.222117,10.1924,17314
0.17722,9.79513,17315
0.211076,10.2121,17316
0.176228,9.80025,17317
0.205797,10.1986,17318
0.17242,9.80134,17319
0.222917,10.1791,17320
0.164004,9.80275,17321
0.224389,10.1967,17322
0.180036,9.80259,17323
0.202084,10.2054,17324
0.181092,9.80515,17325
0.225317,10.2021,17326
0.177316,9.79977,17327
0.214853,10.186,17328
0.172548,9.80931,17329
0.206885,10.1857,17330
0.177348,9.81161,17331
0.213381,10.2016,17332
0.180516,9.79919,17333
0.226309,10.2339,17334
0.175364,9.77852,17335
0.236197,10.2153,17336
0.176612,9.77276,17337
0.207205,10.2074,17338
0.172644,9.8062,17339
0.218117,10.168,17340
0.170915,9.83014,17341
0.201924,10.1699,17342
0.180004,9.83407,17343
0.211557,10.1742,17344
0.164835,9.81948,17345
0.229669,10.1885,17346
0.1905,9.80876,17347
0.217284,10.1835,17348
0.164611,9.81164,17349
0.228805,10.2088,17350
0.170244,9.7998,17351
0.239622,10.2019,17352
0.186916,9.79369,17353
0.208549,10.1891,17354
0.176836,9.80835,17355
0.230213,10.1925,17356
0.175588,9.80217,17357
0.196196,10.2152,17358
0.186597,9.7821,17359
0.227045,10.2336,17360
0.1785,9.78319,17361
0.230565,10.1847,17362
0.169923,9.79881,17363
0.229413,10.2232,17364
0.1777,9.79385,17365
0.241189,10.2158,17366
0.18666,9.77215,17367
0.206853,10.1942,17368
0.163108,9.80207,17369
0.219941,10.1991,17370
0.173572,9.80086,17371
0.223749,10.2065,17372
0.1697,9.78966,17373
0.230725,10.2057,17374
0.17754,9.79612,17375
0.209444,10.1988,17376
0.175748,9.81772,17377
0.204836,10.199,17378
0.166564,9.78163,17379
0.205797,10.2145,17380
0.172324,9.7847,17381
0.225253,10.2009,17382
0.185029,9.80665,17383
0.219877,10.2269,17384
0.185764,9.77318,17385
0.19306,10.1981,17386
0.194852,9.80716,17387
0.212612,10.191,17388
0.190596,9.81279,17389
0.225125,10.1744,17390
0.177892,9.81443,17391
0.227557,10.2418,17392
0.17546,9.77394,17393
0.221668,10.2169,17394
0.172228,9.77535,17395
0.186884,10.2259,17396
0.1817,9.77471,17397
0.201093,10.2064,17398
0.184676,9.79695,17399
0.198245,10.1915,17400
0.162724,9.79423,17401
0.185188,10.2005,17402
0.174595,9.81683,17403
0.242086,10.1981,17404
0.175331,9.8038,17405
0.247078,10.1891,17406
0.177284,9.79894,17407
0.213477,10.183,17408
0.161187,9.82595,17409
0.226501,10.1843,17410
0.188261,9.80105,17411
0.218629,10.2011,17412
0.173603,9.80268,17413
0.224389,10.1913,17414
0.174531,9.80537,17415
0.205412,10.2122,17416
0.184292,9.79759,17417
0.2169,10.1918,17418
0.172708,9.80466,17419
0.209029,10.1836,17420
0.173316,9.81414,17421
0.198757,10.1875,17422
0.167203,9.80591,17423
0.213028,10.1967,17424
0.185572,9.82406,17425
0.228005,10.1766,17426
0.181604,9.80438,17427
0.199557,10.1861,17428
0.158628,9.82137,17429
0.227493,10.2016,17430
0.181508,9.80946,17431
0.244997,10.187,17432
0.17402,9.79087,17433
0.197892,10.1955,17434
0.171236,9.8038,17435
0.224517,10.2047,17436
0.18186,9.79804,17437
0.213541,10.1898,17438
0.160579,9.82771,17439
0.201316,10.163,17440
0.170115,9.83587,17441
0.222533,10.2111,17442
0.185668,9.7911,17443
0.226245,10.1825,17444
0.183108,9.80265,17445
0.210597,10.192,17446
0.182884,9.80422,17447
0.226597,10.256,17448
0.172516,9.74623,17449
0.220069,10.2095,17450
0.182692,9.80041,17451
0.232613,10.1977,17452
0.183076,9.79206,17453
0.210468,10.2089,17454
0.175908,9.80847,17455
0.215428,10.1795,17456
0.183332,9.81922,17457
0.204324,10.1781,17458
0.162724,9.81929,17459
0.223301,10.1888,17460
0.160611,9.79999,17461
0.237477,10.1996,17462
0.182788,9.80188,17463
0.231301,10.1963,17464
0.153891,9.79715,17465
0.239558,10.2283,17466
0.178276,9.77727,17467
0.212965,10.2121,17468
0.168804,9.80063,17469
0.211044,10.1714,17470
0.179812,9.819,17471
0.232677,10.2224,17472
0.177476,9.76988,17473
0.219973,10.1965,17474
0.180068,9.80002,17475
0.188068,10.2222,17476
0.177988,9.79222,17477
0.217541,10.1728,17478
0.160932,9.81692,17479
0.211749,10.1948,17480
0.185349,9.80668,17481
0.204869,10.1861,17482
0.16346,9.80783,17483
0.244518,10.2054,17484
0.15882,9.79846,17485
0.184452,10.1936,17486
0.181188,9.82543,17487
0.220645,10.1806,17488
0.169444,9.80959,17489
0.232006,10.1971,17490
0.188548,9.79574,17491
0.195684,10.2037,17492
0.177604,9.79826,17493
0.237733,10.2058,17494
0.179268,9.79298,17495
0.200676,10.1848,17496
0.177508,9.81462,17497
0.212548,10.2007,17498
0.16986,9.79702,17499
0.238182,10.2134,17500
0.187781,9.7902,17501
0.201764,10.1981,17502
0.164932,9.79929,17503
0.242981,10.2663,17504
0.192964,9.7542,17505
0.22074,10.1769,17506
0.178596,9.8127,17507
0.205317,10.1856,17508
0.167171,9.80402,17509
0.233861,10.2104,17510
0.184324,9.79218,17511
0.241509,10.209,17512
0.177348,9.80748,17513
0.241349,10.18,17514
0.190212,9.81958,17515
0.218757,10.2005,17516
0.192516,9.78143,17517
0.207588,10.1922,17518
0.168932,9.80783,17519
0.243622,10.2008,17520
0.189636,9.81791,17521
0.226437,10.1796,17522
0.18458,9.81324,17523
0.222788,10.1905,17524
0.178756,9.80358,17525
0.233317,10.2027,17526
0.187365,9.79775,17527
0.234309,10.194,17528
0.162404,9.81676,17529
0.240358,10.2013,17530
0.175107,9.78579,17531
0.262566,10.2102,17532
0.18426,9.79433,17533
0.248678,10.2773,17534
0.180708,9.73356,17535
0.23287,10.2164,17536
0.17914,9.76623,17537
0.251589,10.2118,17538
0.1841,9.78466,17539
0.223941,10.2008,17540
0.17178,9.80546,17541
0.222853,10.1945,17542
0.184516,9.80329,17543
0.214533,10.2006,17544
0.170404,9.81161,17545
0.242021,10.2504,17546
0.171524,9.75193,17547
0.194821,10.161,17548
0.173188,9.8262,17549
0.223908,10.1998,17550
0.180132,9.80207,17551
0.224229,10.2031,17552
0.185988,9.80556,17553
0.244742,10.2241,17554
0.182532,9.78038,17555
0.237093,10.1872,17556
0.173444,9.80818,17557
0.233573,10.1918,17558
0.166052,9.7943,17559
0.251078,10.2061,17560
0.170884,9.80918,17561
0.189796,10.1821,17562
0.192516,9.80598,17563
0.232165,10.1978,17564
0.188068,9.81676,17565
0.226085,10.2286,17566
0.182788,9.76978,17567
0.219749,10.2078,17568
0.169444,9.79103,17569
0.232901,10.1902,17570
0.188612,9.80054,17571
0.231493,10.1953,17572
0.180996,9.80739,17573
0.243429,10.2016,17574
0.16954,9.80031,17575
0.193764,10.1965,17576
0.172548,9.79836,17577
0.234117,10.225,17578
0.18186,9.77612,17579
0.198885,10.1864,17580
0.180484,9.82527,17581
0.226405,10.2004,17582
0.179716,9.79679,17583
0.216421,10.1605,17584
0.186084,9.84111,17585
0.237861,10.2193,17586
0.18826,9.7741,17587
0.205924,10.18,17588
0.18746,9.81839,17589
0.226309,10.2048,17590
0.18458,9.79122,17591
0.193444,10.1966,17592
0.181092,9.80706,17593
0.232709,10.2054,17594
0.175972,9.78895,17595
0.221093,10.2006,17596
0.194788,9.8071,17597
0.230853,10.2161,17598
0.169284,9.7677,17599
0.234533,10.2044,17600
0.177124,9.81606,17601
0.225957,10.2055,17602
0.18122,9.78473,17603
0.228965,10.2313,17604
0.156419,9.76098,17605
0.238213,10.2092,17606
0.185796,9.81094,17607
0.233637,10.1942,17608
0.166308,9.80262,17609
0.19546,10.1767,17610
0.155459,9.81196,17611
0.214437,10.1905,17612
0.166564,9.81942,17613
0.238277,10.2208,17614
0.175492,9.7677,17615
0.203076,10.2615,17616
0.190468,9.74994,17617
0.218597,10.1814,17618
0.179076,9.81487,17619
0.203717,10.1902,17620
0.169572,9.80924,17621
0.229221,10.224,17622
0.173988,9.78588,17623
0.214853,10.1672,17624
0.173732,9.8279,17625
0.220005,10.1909,17626
0.18138,9.80882,17627
0.23127,10.1976,17628
0.18458,9.79404,17629
0.219717,10.2443,17630
0.1785,9.76508,17631
0.202661,10.1797,17632
0.193316,9.81596,17633
0.240902,10.1929,17634
0.192036,9.80233,17635
0.238662,10.1948,17636
0.189284,9.80553,17637
0.224581,10.1986,17638
0.16954,9.80057,17639
0.231365,10.1961,17640
0.18426,9.80719,17641
0.215045,10.1831,17642
0.160771,9.80767,17643
0.235909,10.2392,17644
0.18154,9.76137,17645
0.225925,10.1914,17646
0.185316,9.81142,17647
0.222085,10.1924,17648
0.164932,9.80326,17649
0.238822,10.1999,17650
0.170724,9.81977,17651
0.220005,10.1829,17652
0.175812,9.80009,17653
0.213861,10.2224,17654
0.172836,9.79388,17655
0.244966,10.2265,17656
0.178308,9.76012,17657
0.24087,10.1981,17658
0.174084,9.81308,17659
0.210948,10.1925,17660
0.16762,9.79506,17661
0.187333,10.1945,17662
0.168708,9.80649,17663
0.235941,10.2017,17664
0.1761,9.79545,17665
0.203525,10.2236,17666
0.174563,9.79583,17667
0.231013,10.1847,17668
0.156772,9.7941,17669
0.234533,10.2352,17670
0.191332,9.76972,17671
0.198597,10.1844,17672
0.17354,9.82166,17673
0.225221,10.2244,17674
0.181092,9.76911,17675
0.186885,10.1885,17676
0.186052,9.81193,17677
0.202244,10.2131,17678
0.182436,9.79055,17679
0.224517,10.195,17680
0.173252,9.79618,17681
0.217317,10.2139,17682
0.155588,9.79298,17683
0.234341,10.2049,17684
0.184196,9.79212,17685
0.187492,10.216,17686
0.181604,9.78508,17687
0.219941,10.1951,17688
0.176996,9.80524,17689
0.208677,10.1818,17690
0.17162,9.81884,17691
0.196357,10.2076,17692
0.179588,9.79513,17693
0.243397,10.206,17694
0.172804,9.79068,17695
0.242726,10.2044,17696
0.17914,9.7941,17697
0.238405,10.2306,17698
0.16026,9.76863,17699
0.208036,10.186,17700
0.183716,9.81522,17701
0.215429,10.2139,17702
0.176388,9.78639,17703
0.225957,10.2307,17704
0.1761,9.76533,17705
0.213317,10.1802,17706
0.186372,9.82873,17707
0.225445,10.1889,17708
0.178948,9.80885,17709
0.235589,10.1987,17710
0.178948,9.80565,17711
0.222533,10.2084,17712
0.18122,9.78223,17713
0.236805,10.2074,17714
0.189828,9.81033,17715
0.20058,10.2151,17716
0.197316,9.77205,17717
0.214212,10.2057,17718
0.177988,9.80786,17719
0.219012,10.2101,17720
0.179812,9.77605,17721
0.192485,10.1886,17722
0.173411,9.81401,17723
0.198628,10.1888,17724
0.167843,9.79702,17725
0.242662,10.2014,17726
0.156676,9.80908,17727
0.230757,10.1973,17728
0.195428,9.80396,17729
0.197572,10.1953,17730
0.168996,9.79769,17731
0.232613,10.2327,17732
0.174468,9.76841,17733
0.228133,10.203,17734
0.17498,9.80319,17735
0.214788,10.1801,17736
0.185764,9.81954,17737
0.203237,10.1853,17738
0.170756,9.81436,17739
0.198756,10.192,17740
0.16042,9.81417,17741
0.232326,10.1866,17742
0.197284,9.81068,17743
0.200292,10.1857,17744
0.169892,9.80601,17745
0.222277,10.2098,17746
0.18282,9.78815,17747
0.233989,10.2028,17748
0.176964,9.80101,17749
0.228549,10.2106,17750
0.187205,9.78994,17751
0.219717,10.1904,17752
0.175012,9.8079,17753
0.23159,10.242,17754
0.18442,9.75977,17755
0.234053,10.2003,17756
0.185828,9.80716,17757
0.238661,10.1924,17758
0.153316,9.80079,17759
0.237509,10.2068,17760
0.16698,9.7911,17761
0.238598,10.1987,17762
0.175844,9.79778,17763
0.196388,10.198,17764
0.171396,9.79986,17765
0.213477,10.1921,17766
0.17706,9.81817,17767
0.217861,10.1968,17768
0.179108,9.81439,17769
0.241221,10.1912,17770
0.190309,9.79442,17771
0.189348,10.2037,17772
0.179524,9.79471,17773
0.245989,10.2135,17774
0.179107,9.79334,17775
0.229797,10.2004,17776
0.183364,9.79724,17777
0.226021,10.1896,17778
0.168772,9.80898,17779
0.220997,10.2067,17780
0.176452,9.79714,17781
0.224581,10.1917,17782
0.182212,9.79926,17783
0.202148,10.184,17784
0.171588,9.81941,17785
0.191141,10.1998,17786
0.185924,9.79573,17787
0.219173,10.2031,17788
0.157187,9.80332,17789
0.235846,10.204,17790
0.170212,9.79353,17791
0.236965,10.1955,17792
0.189156,9.81094,17793
0.240582,10.196,17794
0.18858,9.81458,17795
0.225093,10.2036,17796
0.192836,9.78812,17797
0.229893,10.229,17798
0.170275,9.7678,17799
0.223685,10.1949,17800
0.18298,9.80447,17801
0.213253,10.1996,17802
0.18378,9.80425,17803
0.222597,10.1846,17804
0.16474,9.80604,17805
0.236965,10.2004,17806
0.183524,9.80418,17807
0.186436,10.1807,17808
0.158724,9.81887,17809
0.232325,10.1933,17810
0.191332,9.81157,17811
0.219941,10.1951,17812
0.186437,9.80441,17813
0.210149,10.1886,17814
0.176964,9.79737,17815
0.240038,10.2107,17816
0.183716,9.79964,17817
0.224933,10.1989,17818
0.184708,9.79941,17819
0.208613,10.1916,17820
0.181636,9.81324,17821
0.218661,10.2031,17822
0.184452,9.79541,17823
0.204516,10.1859,17824
0.190724,9.80857,17825
0.231909,10.1959,17826
0.182148,9.80921,17827
0.206084,10.1834,17828
0.179012,9.81525,17829
0.229381,10.2039,17830
0.187748,9.80831,17831
0.24679,10.187,17832
0.183492,9.80188,17833
0.218373,10.2015,17834
0.190661,9.80181,17835
0.209221,10.208,17836
0.17514,9.79711,17837
0.242149,10.1808,17838
0.181956,9.80677,17839
0.228037,10.2021,17840
0.182084,9.80866,17841
0.236645,10.1685,17842
0.18202,9.827,17843
0.226917,10.1881,17844
0.169892,9.80597,17845
0.233765,10.1984,17846
0.18922,9.79826,17847
0.230629,10.1933,17848
0.184068,9.80588,17849
0.234757,10.2069,17850
0.190916,9.79589,17851
0.241093,10.1979,17852
0.179044,9.80575,17853
0.236325,10.1915,17854
0.176996,9.80335,17855
0.196964,10.194,17856
0.167363,9.79721,17857
0.21594,10.2043,17858
0.17738,9.80009,17859
0.222245,10.2078,17860
0.180132,9.79618,17861
0.232965,10.2168,17862
0.171716,9.79887,17863
0.219973,10.1898,17864
0.180932,9.79215,17865
0.190212,10.1771,17866
0.186884,9.83401,17867
0.221605,10.197,17868
0.177188,9.79817,17869
0.209573,10.2172,17870
0.161475,9.77612,17871
0.215012,10.2008,17872
0.191972,9.79941,17873
0.20202,10.1998,17874
0.168132,9.803,17875
0.186436,10.1932,17876
0.180996,9.8254,17877
0.224036,10.1757,17878
0.188196,9.81289,17879
0.207108,10.1939,17880
0.18346,9.80729,17881
0.239973,10.2568,17882
0.171876,9.74079,17883
0.220868,10.1924,17884
0.172036,9.80933,17885
0.193476,10.2016,17886
0.173572,9.79922,17887
0.243461,10.2008,17888
0.179236,9.78597,17889
0.244741,10.2357,17890
0.187908,9.77298,17891
0.219332,10.23,17892
0.158852,9.76466,17893
0.231973,10.1941,17894
0.180676,9.80652,17895
0.237445,10.2029,17896
0.17754,9.79625,17897
0.224324,10.2122,17898
0.156643,9.79017,17899
0.246949,10.1932,17900
0.191556,9.80767,17901
0.232453,10.1976,17902
0.184068,9.79993,17903
0.222021,10.2344,17904
0.174756,9.76757,17905
0.221157,10.1992,17906
0.172035,9.79977,17907
0.246341,10.2131,17908
0.192548,9.7941,17909
0.205764,10.1831,17910
0.175012,9.82457,17911
0.2193,10.1815,17912
0.177764,9.80207,17913
0.244614,10.2155,17914
0.189124,9.78725,17915
0.217412,10.2001,17916
0.184772,9.80588,17917
0.235206,10.2064,17918
0.179076,9.78501,17919
0.233573,10.2021,17920
0.19018,9.80044,17921
0.215013,10.1971,17922
0.193477,9.7989,17923
0.207076,10.2522,17924
0.168803,9.74626,17925
0.237381,10.1974,17926
0.181124,9.80869,17927
0.232229,10.2047,17928
0.176612,9.79106,17929
0.198757,10.2195,17930
0.16266,9.78537,17931
0.192324,10.217,17932
0.187652,9.78223,17933
0.237253,10.2007,17934
0.184388,9.81522,17935
0.221829,10.203,17936
0.163971,9.7773,17937
0.228229,10.2102,17938
0.1849,9.79532,17939
0.2073,10.2539,17940
0.162628,9.75676,17941
0.236325,10.1988,17942
0.186852,9.79429,17943
0.241861,10.2065,17944
0.179876,9.79692,17945
0.234565,10.204,17946
0.179012,9.79321,17947
0.24503,10.2,17948
0.165571,9.7902,17949
0.233477,10.2038,17950
0.189445,9.81775,17951
0.241541,10.2131,17952
0.1825,9.78658,17953
0.241957,10.1901,17954
0.187493,9.8101,17955
0.242853,10.218,17956
0.183844,9.76872,17957
0.232037,10.2648,17958
0.172516,9.72853,17959
0.210533,10.1678,17960
0.170499,9.83871,17961
0.237605,10.2231,17962
0.174596,9.77263,17963
0.228677,10.2061,17964
0.17818,9.7966,17965
0.225188,10.2003,17966
0.184996,9.80364,17967
0.242373,10.2204,17968
0.177059,9.77989,17969
0.214885,10.1939,17970
0.173028,9.79881,17971
0.235589,10.1989,17972
0.17482,9.80546,17973
0.20234,10.217,17974
0.17754,9.78617,17975
0.230021,10.1935,17976
0.186308,9.80402,17977
0.217573,10.194,17978
0.175172,9.8037,17979
0.206372,10.1914,17980
0.188676,9.82274,17981
0.198245,10.182,17982
0.172228,9.81913,17983
0.253093,10.1833,17984
0.18538,9.80812,17985
0.212228,10.2084,17986
0.181828,9.79077,17987
0.232357,10.194,17988
0.175236,9.79791,17989
0.209701,10.1949,17990
0.174531,9.8036,17991
0.240837,10.2038,17992
0.183332,9.80738,17993
0.235045,10.2007,17994
0.187332,9.79324,17995
0.260742,10.2011,17996
0.179172,9.798,17997
0.213957,10.199,17998
0.182308,9.79833,17999
0.222245,10.2021,18000
0.178532,9.79349,18001
0.201732,10.2105,18002
0.178532,9.80655,18003
0.232261,10.1839,18004
0.183268,9.81007,18005
0.248005,10.1908,18006
0.177571,9.80613,18007
0.230661,10.2329,18008
0.187844,9.76706,18009
0.21034,10.1857,18010
0.187364,9.81135,18011
0.224325,10.2478,18012
0.174851,9.76424,18013
0.216517,10.2583,18014
0.171684,9.72603,18015
0.222373,10.1951,18016
0.1705,9.8006,18017
0.211461,10.2403,18018
0.192452,9.76703,18019
0.217093,10.19,18020
0.1945,9.80805,18021
0.253829,10.2038,18022
0.198885,9.80002,18023
0.200165,10.1892,18024
0.169412,9.80341,18025
0.227525,10.2135,18026
0.178372,9.80575,18027
0.225349,10.1943,18028
0.173604,9.78908,18029
0.219077,10.2008,18030
0.177444,9.80325,18031
0.214597,10.1962,18032
0.156484,9.81698,18033
0.222916,10.1928,18034
0.190884,9.79106,18035
0.212133,10.1971,18036
0.168292,9.81893,18037
0.232517,10.2199,18038
0.176036,9.77653,18039
0.212037,10.1768,18040
0.169763,9.80696,18041
0.223781,10.2064,18042
0.17626,9.79778,18043
0.231205,10.2104,18044
0.164931,9.79164,18045
0.222821,10.2112,18046
0.184228,9.79052,18047
0.223877,10.2005,18048
0.18362,9.80002,18049
0.205508,10.1874,18050
0.167907,9.81119,18051
0.236741,10.194,18052
0.171107,9.80351,18053
0.202788,10.1879,18054
0.184452,9.8221,18055
0.253766,10.1996,18056
0.186116,9.79858,18057
0.234501,10.1947,18058
0.181348,9.79641,18059
0.213892,10.1935,18060
0.172163,9.81368,18061
0.237733,10.1976,18062
0.16314,9.79356,18063
0.226757,10.208,18064
0.185636,9.79513,18065
0.25719,10.2098,18066
0.170979,9.79384,18067
0.219012,10.2373,18068
0.16682,9.75935,18069
0.19834,10.1916,18070
0.183556,9.80584,18071
0.196708,10.1783,18072
0.179364,9.8237,18073
0.199845,10.1764,18074
0.159268,9.81733,18075
0.220805,10.214,18076
0.181316,9.79039,18077
0.229765,10.1955,18078
0.178852,9.807,18079
0.197988,10.2133,18080
0.17146,9.78204,18081
0.234373,10.2321,18082
0.186788,9.77727,18083
0.206597,10.1844,18084
0.17962,9.81164,18085
0.244198,10.202,18086
0.187236,9.79464,18087
0.25911,10.2123,18088
0.187972,9.80012,18089
0.207717,10.1967,18090
0.179396,9.78687,18091
0.210052,10.2093,18092
0.17722,9.79695,18093
0.214692,10.2189,18094
0.174372,9.77787,18095
0.215556,10.1954,18096
0.18778,9.80712,18097
0.204676,10.1814,18098
0.18282,9.8188,18099
0.206981,10.1889,18100
0.169796,9.80994,18101
0.232165,10.2058,18102
0.189988,9.79119,18103
0.213413,10.1886,18104
0.164004,9.8078,18105
0.234533,10.2128,18106
0.18826,9.79768,18107
0.223589,10.1983,18108
0.177444,9.79503,18109
0.206564,10.186,18110
0.180388,9.8254,18111
0.246693,10.1996,18112
0.187556,9.79199,18113
0.218117,10.2027,18114
0.186852,9.79756,18115
0.234085,10.2097,18116
0.172964,9.78511,18117
0.210244,10.1941,18118
0.18506,9.81176,18119
0.204965,10.2486,18120
0.17258,9.74597,18121
0.226949,10.2223,18122
0.188772,9.78562,18123
0.199428,10.1796,18124
0.189892,9.81516,18125
0.219909,10.2765,18126
0.18138,9.72325,18127
0.229253,10.2304,18128
0.18026,9.77563,18129
0.229637,10.2399,18130
0.172868,9.75656,18131
0.194116,10.1822,18132
0.189316,9.81852,18133
0.219013,10.1826,18134
0.175364,9.814,18135
0.229541,10.2007,18136
0.170979,9.7988,18137
0.222181,10.2052,18138
0.182308,9.81282,18139
0.233925,10.241,18140
0.191012,9.74485,18141
0.206373,10.1987,18142
0.174916,9.80335,18143
0.222565,10.2009,18144
0.165923,9.79231,18145
0.246117,10.1995,18146
0.182692,9.80306,18147
0.198181,10.1889,18148
0.175363,9.81113,18149
0.211364,10.2221,18150
0.18106,9.77755,18151
0.247973,10.2145,18152
0.185284,9.79336,18153
0.247621,10.1945,18154
0.178532,9.81407,18155
0.215685,10.2213,18156
0.17178,9.76376,18157
0.213765,10.1949,18158
0.17722,9.80706,18159
0.192196,10.1858,18160
0.16474,9.80786,18161
0.236933,10.2027,18162
0.19594,9.82015,18163
0.235525,10.194,18164
0.171044,9.78869,18165
0.217412,10.1907,18166
0.163747,9.80524,18167
0.228549,10.2053,18168
0.176163,9.81612,18169
0.217156,10.1703,18170
0.180004,9.82671,18171
0.232901,10.1876,18172
0.181732,9.80386,18173
0.258758,10.2134,18174
0.165827,9.7805,18175
0.220965,10.1998,18176
0.171652,9.79496,18177
0.198373,10.1853,18178
0.166019,9.83509,18179
0.230501,10.1794,18180
0.174052,9.80984,18181
0.198949,10.2238,18182
0.18202,9.77506,18183
0.227877,10.1985,18184
0.17226,9.806,18185
0.223205,10.2104,18186
0.183268,9.78427,18187
0.213861,10.1826,18188
0.181187,9.81682,18189
0.204612,10.2119,18190
0.163811,9.8012,18191
0.228581,10.1803,18192
0.175716,9.80683,18193
0.232549,10.2098,18194
0.177603,9.79576,18195
0.224037,10.2186,18196
0.179556,9.77365,18197
0.196388,10.1808,18198
0.170276,9.82424,18199
0.212293,10.1921,18200
0.192068,9.80277,18201
0.195844,10.184,18202
0.171652,9.81275,18203
0.224965,10.25,18204
0.191556,9.75285,18205
0.232453,10.2162,18206
0.181411,9.80159,18207
0.234374,10.2524,18208
0.18218,9.73474,18209
0.204964,10.1866,18210
0.179556,9.80776,18211
0.212868,10.1957,18212
0.189316,9.80491,18213
0.238181,10.1984,18214
0.174468,9.80149,18215
0.262342,10.218,18216
0.180868,9.79442,18217
0.203045,10.1751,18218
0.189764,9.81122,18219
0.233541,10.1965,18220
0.175908,9.80802,18221
0.238117,10.2158,18222
0.193892,9.78482,18223
0.226789,10.2078,18224
0.1713,9.80229,18225
0.219621,10.2032,18226
0.170372,9.78744,18227
0.216517,10.192,18228
0.194212,9.80831,18229
0.20378,10.2141,18230
0.157443,9.77624,18231
0.190597,10.2041,18232
0.178723,9.79948,18233
0.227845,10.2016,18234
0.180356,9.80546,18235
0.246149,10.1984,18236
0.18714,9.8028,18237
0.206852,10.2073,18238
0.169732,9.78315,18239
0.215525,10.2059,18240
0.169955,9.81157,18241
0.229829,10.186,18242
0.175044,9.81464,18243
0.23463,10.1938,18244
0.184516,9.80296,18245
0.213381,10.1912,18246
0.181027,9.80213,18247
0.19626,10.1937,18248
0.178244,9.80248,18249
0.209604,10.1839,18250
0.173956,9.81448,18251
0.213445,10.214,18252
0.16874,9.78424,18253
0.190085,10.1734,18254
0.171972,9.831,18255
0.250502,10.2075,18256
0.18522,9.79547,18257
0.205604,10.1868,18258
0.177444,9.81416,18259
0.210052,10.1896,18260
0.177892,9.80059,18261
0.206724,10.1892,18262
0.163491,9.80735,18263
0.2145,10.2034,18264
0.184324,9.80463,18265
0.2105,10.2376,18266
0.168388,9.76258,18267
0.233509,10.2061,18268
0.177572,9.79141,18269
0.211684,10.1933,18270
0.161923,9.80514,18271
0.219204,10.1979,18272
0.1769,9.80031,18273
0.244934,10.2336,18274
0.167427,9.76773,18275
0.217061,10.2116,18276
0.18586,9.79413,18277
0.219749,10.2279,18278
0.18042,9.77,18279
0.200197,10.1819,18280
0.168579,9.81148,18281
0.224933,10.2035,18282
0.1873,9.82072,18283
0.206596,10.1934,18284
0.18426,9.80677,18285
0.219013,10.1836,18286
0.185668,9.79631,18287
0.220549,10.2125,18288
0.189156,9.78821,18289
0.211781,10.1892,18290
0.157091,9.80834,18291
0.240261,10.2044,18292
0.18426,9.79826,18293
0.247845,10.2187,18294
0.182884,9.78421,18295
0.207524,10.2138,18296
0.178052,9.78063,18297
0.216261,10.2042,18298
0.185764,9.79656,18299
0.186916,10.1892,18300
0.176964,9.82898,18301
0.239333,10.1937,18302
0.182116,9.79285,18303
0.224485,10.1851,18304
0.186916,9.81688,18305
0.216581,10.1914,18306
0.173187,9.81484,18307
0.223013,10.219,18308
0.170019,9.76955,18309
0.249253,10.2091,18310
0.168292,9.78843,18311
0.229893,10.2068,18312
0.175812,9.79804,18313
0.260838,10.2299,18314
0.18906,9.76997,18315
0.219333,10.195,18316
0.172931,9.8045,18317
0.211428,10.1935,18318
0.181924,9.81759,18319
0.194244,10.178,18320
0.180132,9.81234,18321
0.236581,10.1991,18322
0.168836,9.79851,18323
0.252422,10.2079,18324
0.165155,9.79026,18325
0.245957,10.2089,18326
0.168452,9.79423,18327
0.227973,10.2006,18328
0.178596,9.79586,18329
0.241157,10.2284,18330
0.174852,9.77131,18331
0.227301,10.2082,18332
0.185124,9.79256,18333
0.226789,10.2048,18334
0.1737,9.79896,18335
0.20554,10.2468,18336
0.163108,9.74997,18337
0.226277,10.1951,18338
0.17258,9.81746,18339
0.231781,10.1941,18340
0.171332,9.78994,18341
0.244709,10.2197,18342
0.183012,9.78843,18343
0.247077,10.2133,18344
0.182436,9.78533,18345
0.222021,10.2028,18346
0.168003,9.78949,18347
0.228068,10.1994,18348
0.181092,9.82443,18349
0.221317,10.194,18350
0.1849,9.80216,18351
0.236613,10.1903,18352
0.17418,9.80898,18353
0.209669,10.1955,18354
0.171492,9.80853,18355
0.232613,10.2244,18356
0.18218,9.76168,18357
0.235589,10.2035,18358
0.16922,9.79627,18359
0.224933,10.1932,18360
0.176964,9.80232,18361
0.212228,10.1828,18362
0.185604,9.82114,18363
0.204004,10.1856,18364
0.1937,9.8301,18365
0.239365,10.2181,18366
0.180996,9.77122,18367
0.240677,10.2024,18368
0.190244,9.79378,18369
0.24295,10.2267,18370
0.177508,9.77183,18371
0.220389,10.2063,18372
0.179204,9.79231,18373
0.1953,10.1969,18374
0.1729,9.80111,18375
0.226693,10.1946,18376
0.159619,9.80853,18377
0.218021,10.2163,18378
0.177508,9.78853,18379
0.232293,10.1973,18380
0.191876,9.79714,18381
0.224293,10.1908,18382
0.174052,9.8085,18383
0.236805,10.1995,18384
0.188644,9.79749,18385
0.251878,10.2025,18386
0.184868,9.80533,18387
0.229573,10.2093,18388
0.176836,9.78959,18389
0.230149,10.2203,18390
0.157699,9.77346,18391
0.230533,10.2111,18392
0.171172,9.78994,18393
0.248869,10.2178,18394
0.177988,9.78722,18395
0.241446,10.2099,18396
0.184804,9.80629,18397
0.213924,10.2071,18398
0.183204,9.76939,18399
0.195812,10.2257,18400
0.167459,9.7757,18401
0.227781,10.1975,18402
0.174148,9.82453,18403
0.212772,10.17,18404
0.193124,9.81074,18405
0.245925,10.1989,18406
0.176644,9.80485,18407
0.242213,10.1975,18408
0.177284,9.80175,18409
0.224933,10.197,18410
0.171171,9.79493,18411
0.229189,10.2173,18412
0.179588,9.79231,18413
0.210884,10.1877,18414
0.178756,9.81471,18415
0.221669,10.1929,18416
0.180964,9.80811,18417
0.216836,10.1886,18418
0.179427,9.8044,18419
0.212645,10.2172,18420
0.165859,9.78696,18421
0.229861,10.2001,18422
0.178244,9.79598,18423
0.220741,10.185,18424
0.182723,9.81759,18425
0.230501,10.2047,18426
0.186244,9.80728,18427
0.241989,10.1927,18428
0.186692,9.80123,18429
0.218788,10.1893,18430
0.171172,9.80603,18431
0.218149,10.2295,18432
0.168772,9.76568,18433
0.218693,10.2384,18434
0.171172,9.76795,18435
0.228164,10.1959,18436
0.170052,9.79714,18437
0.231845,10.267,18438
0.183876,9.74318,18439
0.248581,10.2026,18440
0.169604,9.80034,18441
0.224421,10.177,18442
0.162531,9.80447,18443
0.232581,10.2085,18444
0.18714,9.81416,18445
0.228325,10.1773,18446
0.170212,9.8085,18447
0.236645,10.1962,18448
0.184964,9.8069,18449
0.197028,10.1898,18450
0.169988,9.81861,18451
0.211333,10.1819,18452
0.183172,9.80552,18453
0.207012,10.1838,18454
0.183332,9.81336,18455
0.206149,10.2056,18456
0.18106,9.80223,18457
0.221892,10.2201,18458
0.177924,9.77019,18459
0.230597,10.2012,18460
0.163844,9.81525,18461
0.246021,10.191,18462
0.178852,9.79829,18463
0.208421,10.1995,18464
0.173283,9.79461,18465
0.225221,10.1991,18466
0.185252,9.80671,18467
0.235173,10.2033,18468
0.187076,9.79621,18469
0.222341,10.2081,18470
0.170179,9.78232,18471
0.229701,10.2098,18472
0.179587,9.79618,18473
0.219365,10.2049,18474
0.194084,9.81557,18475
0.217956,10.1711,18476
0.163524,9.8052,18477
0.232997,10.2369,18478
0.164547,9.76651,18479
0.232869,10.2085,18480
0.191365,9.78946,18481
0.202308,10.198,18482
0.183492,9.79928,18483
0.236581,10.2103,18484
0.169859,9.80287,18485
0.22378,10.1898,18486
0.184675,9.80344,18487
0.230149,10.2077,18488
0.161763,9.7891,18489
0.219012,10.2137,18490
0.171172,9.7876,18491
0.232997,10.2339,18492
0.180452,9.76725,18493
0.226917,10.2286,18494
0.180868,9.77202,18495
0.201348,10.2117,18496
0.173668,9.79503,18497
0.230149,10.2284,18498
0.179524,9.76376,18499
0.211781,10.2128,18500
0.169443,9.78718,18501
0.214597,10.1945,18502
0.165956,9.81154,18503
0.228677,10.211,18504
0.187652,9.79515,18505
0.220869,10.1775,18506
0.161796,9.80805,18507
0.223013,10.2019,18508
0.166339,9.79442,18509
0.229668,10.2649,18510
0.195012,9.75531,18511
0.220452,10.1798,18512
0.180708,9.80795,18513
0.251174,10.2018,18514
0.167524,9.79819,18515
0.211461,10.1791,18516
0.174595,9.8196,18517
0.231556,10.2173,18518
0.18234,9.78744,18519
0.219876,10.195,18520
0.164707,9.8019,18521
0.226501,10.1997,18522
0.159459,9.79614,18523
0.19434,10.2258,18524
0.177828,9.77349,18525
0.229861,10.2044,18526
0.187396,9.79983,18527
0.207109,10.1894,18528
0.209764,9.82741,18529
0.240485,10.1869,18530
0.179492,9.81263,18531
0.246053,10.1891,18532
0.17418,9.79096,18533
0.221285,10.2041,18534
0.175172,9.80117,18535
0.216836,10.2049,18536
0.197156,9.80146,18537
0.220261,10.1919,18538
0.190788,9.80517,18539
0.245477,10.2117,18540
0.17082,9.78078,18541
0.232069,10.2043,18542
0.1865,9.80222,18543
0.237766,10.2024,18544
0.185443,9.80271,18545
0.205892,10.1852,18546
0.160131,9.80389,18547
0.221893,10.1929,18548
0.178628,9.81647,18549
0.198916,10.1843,18550
0.183012,9.82491,18551
0.221477,10.1868,18552
0.177572,9.8043,18553
0.241669,10.1985,18554
0.175204,9.80962,18555
0.234437,10.1843,18556
0.1713,9.79832,18557
0.182468,10.1874,18558
0.179492,9.83039,18559
0.231813,10.2218,18560
0.18874,9.76875,18561
0.243909,10.1961,18562
0.195012,9.80296,18563
0.201508,10.1808,18564
0.185572,9.81771,18565
0.236389,10.2234,18566
0.180996,9.77979,18567
0.209893,10.2048,18568
0.181668,9.7852,18569
0.21338,10.2103,18570
0.167779,9.79272,18571
0.237701,10.2291,18572
0.184484,9.77464,18573
0.234565,10.1958,18574
0.173091,9.81211,18575
0.228101,10.1867,18576
0.176388,9.81391,18577
0.226084,10.1945,18578
0.188228,9.79227,18579
0.210757,10.2152,18580
0.17114,9.79618,18581
0.21546,10.2543,18582
0.17338,9.73333,18583
0.238117,10.2618,18584
0.188484,9.74872,18585
0.235909,10.2228,18586
0.193572,9.78386,18587
0.202981,10.1845,18588
0.185315,9.8051,18589
0.224005,10.1793,18590
0.180068,9.81387,18591
0.208036,10.192,18592
0.183652,9.81074,18593
0.247685,10.1996,18594
0.19754,9.81471,18595
0.227556,10.2103,18596
0.192708,9.78987,18597
0.234661,10.1797,18598
0.183204,9.81918,18599
0.207652,10.1767,18600
0.167907,9.81938,18601
0.216485,10.1831,18602
0.164004,9.80504,18603
0.240581,10.2099,18604
0.177539,9.80616,18605
0.248197,10.1848,18606
0.192228,9.81256,18607
0.228805,10.2208,18608
0.188836,9.77125,18609
0.237605,10.201,18610
0.165668,9.79003,18611
0.214596,10.2291,18612
0.174724,9.77614,18613
0.248645,10.2071,18614
0.190244,9.80821,18615
0.235365,10.1904,18616
0.180068,9.79365,18617
0.197956,10.1918,18618
0.176804,9.80283,18619
0.211332,10.2008,18620
0.175972,9.81237,18621
0.234853,10.1983,18622
0.199044,9.79474,18623
0.235109,10.205,18624
0.18026,9.80069,18625
0.210692,10.1922,18626
0.193732,9.8092,18627
0.20074,10.2048,18628
0.187204,9.78363,18629
0.233445,10.2336,18630
0.183492,9.7812,18631
0.246917,10.1813,18632
0.166372,9.81083,18633
0.229957,10.1976,18634
0.163075,9.79077,18635
0.21562,10.211,18636
0.191716,9.79851,18637
0.214852,10.1932,18638
0.174436,9.81051,18639
0.214756,10.1901,18640
0.174948,9.81877,18641
0.2009,10.1852,18642
0.179172,9.81182,18643
0.236261,10.2228,18644
0.184644,9.76446,18645
0.214949,10.1878,18646
0.188612,9.81432,18647
0.245477,10.2255,18648
0.189668,9.7684,18649
0.21194,10.2085,18650
0.183812,9.79768,18651
0.201221,10.1817,18652
0.162787,9.81221,18653
0.226725,10.1934,18654
0.178468,9.82706,18655
0.229637,10.1951,18656
0.185124,9.7973,18657
0.236293,10.2043,18658
0.18122,9.79557,18659
0.203397,10.1823,18660
0.168099,9.80306,18661
0.236709,10.2304,18662
0.183396,9.79317,18663
0.231045,10.191,18664
0.166307,9.79429,18665
0.205221,10.1843,18666
0.180676,9.82066,18667
0.241541,10.2035,18668
0.186244,9.79282,18669
0.255622,10.1939,18670
0.186948,9.81954,18671
0.204709,10.1774,18672
0.164259,9.80786,18673
0.225317,10.2222,18674
0.185572,9.79304,18675
0.196772,10.1714,18676
0.182404,9.82869,18677
0.220101,10.2094,18678
0.192292,9.77096,18679
0.235653,10.2349,18680
0.162563,9.76357,18681
0.238341,10.227,18682
0.18058,9.78085,18683
0.247205,10.2132,18684
0.184612,9.78126,18685
0.240549,10.198,18686
0.160131,9.7987,18687
0.246245,10.2119,18688
0.186468,9.79307,18689
0.228933,10.2276,18690
0.182564,9.78552,18691
0.21434,10.1842,18692
0.196389,9.8093,18693
0.226757,10.2261,18694
0.187716,9.77281,18695
0.250533,10.2057,18696
0.192036,9.80466,18697
0.214148,10.2567,18698
0.173315,9.72878,18699
0.21754,10.1887,18700
0.183652,9.82651,18701
0.216997,10.1864,18702
0.18474,9.80053,18703
0.241797,10.2346,18704
0.175812,9.76014,18705
0.205445,10.208,18706
0.160131,9.79579,18707
0.209412,10.1896,18708
0.1737,9.80542,18709
0.215941,10.1894,18710
0.169187,9.81886,18711
0.221733,10.2193,18712
0.178884,9.77454,18713
0.230341,10.2045,18714
0.179075,9.7941,18715
0.206404,10.2022,18716
0.176003,9.81736,18717
0.231973,10.1844,18718
0.172227,9.80264,18719
0.231813,10.2051,18720
0.176804,9.79992,18721
0.218245,10.2257,18722
0.161603,9.77128,18723
0.232965,10.1892,18724
0.187972,9.80734,18725
0.206628,10.1902,18726
0.147939,9.81499,18727
0.22154,10.1899,18728
0.185412,9.81134,18729
0.218405,10.2484,18730
0.17018,9.75816,18731
0.221316,10.1868,18732
0.198789,9.80664,18733
0.226501,10.1955,18734
0.177092,9.80907,18735
0.218277,10.2218,18736
0.185923,9.78014,18737
0.199396,10.177,18738
0.190628,9.81605,18739
0.211556,10.1947,18740
0.175748,9.80485,18741
0.203076,10.1866,18742
0.17466,9.81026,18743
0.208772,10.2127,18744
0.174211,9.79813,18745
0.194436,10.1775,18746
0.189956,9.81502,18747
0.259077,10.2049,18748
0.175908,9.79857,18749
0.226437,10.1968,18750
0.182788,9.79995,18751
0.217284,10.1911,18752
0.167172,9.80622,18753
0.217956,10.2118,18754
0.181284,9.78434,18755
0.243909,10.1972,18756
0.187908,9.80808,18757
0.230277,10.1897,18758
0.190116,9.80158,18759
0.222852,10.2041,18760
0.182692,9.80414,18761
0.218245,10.1859,18762
0.183364,9.81326,18763
0.207269,10.2162,18764
0.165828,9.78523,18765
0.230213,10.241,18766
0.173955,9.75749,18767
0.240325,10.2565,18768
0.187427,9.75445,18769
0.213829,10.2439,18770
0.175523,9.73944,18771
0.215813,10.2161,18772
0.157508,9.78881,18773
0.215205,10.1943,18774
0.186852,9.80994,18775
0.218884,10.2001,18776
0.184931,9.80754,18777
0.226693,10.1903,18778
0.192548,9.80994,18779
0.231717,10.1866,18780
0.176068,9.79483,18781
0.196965,10.2108,18782
0.157059,9.79566,18783
0.235333,10.2012,18784
0.180324,9.79349,18785
0.200196,10.1778,18786
0.167684,9.83355,18787
0.209732,10.1856,18788
0.177123,9.80017,18789
0.238789,10.2129,18790
0.178596,9.79557,18791
0.232005,10.1907,18792
0.174243,9.79912,18793
0.204196,10.1855,18794
0.162051,9.82433,18795
0.250374,10.2018,18796
0.176068,9.81025,18797
0.226021,10.1851,18798
0.187268,9.79781,18799
0.226501,10.2348,18800
0.181188,9.77819,18801
0.219205,10.1843,18802
0.161475,9.79995,18803
0.225509,10.1936,18804
0.172708,9.80785,18805
0.235013,10.2004,18806
0.186724,9.81054,18807
0.201828,10.1755,18808
0.190084,9.81345,18809
0.225957,10.2027,18810
0.1777,9.80094,18811
0.221765,10.1842,18812
0.175588,9.8261,18813
0.218085,10.1846,18814
0.16906,9.80049,18815
0.231717,10.2028,18816
0.18794,9.80152,18817
0.213573,10.1935,18818
0.172068,9.80177,18819
0.208196,10.1957,18820
0.194852,9.81611,18821
0.237125,10.2134,18822
0.180868,9.78171,18823
0.238725,10.1992,18824
0.169092,9.79125,18825
0.208004,10.2166,18826
0.169444,9.78779,18827
0.217925,10.192,18828
0.1857,9.80801,18829
0.228933,10.1901,18830
0.185188,9.81489,18831
0.204068,10.2114,18832
0.167428,9.79045,18833
0.237029,10.1881,18834
0.192836,9.82056,18835
0.218501,10.1817,18836
0.160259,9.79986,18837
0.212421,10.2016,18838
0.181892,9.81816,18839
0.232805,10.1843,18840
0.193316,9.80513,18841
0.205668,10.1777,18842
0.174787,9.83323,18843
0.230469,10.18,18844
0.164676,9.80696,18845
0.20954,10.1797,18846
0.159907,9.80913,18847
0.235237,10.2017,18848
0.185604,9.80325,18849
0.212581,10.1969,18850
0.168388,9.80254,18851
0.228325,10.2269,18852
0.175364,9.78523,18853
0.209253,10.1902,18854
0.160099,9.81602,18855
0.21594,10.1963,18856
0.18938,9.79646,18857
0.208229,10.1786,18858
0.193476,9.81505,18859
0.232901,10.1977,18860
0.183844,9.8076,18861
0.21178,10.2098,18862
0.164675,9.79643,18863
0.233221,10.1931,18864
0.185956,9.80149,18865
0.237125,10.262,18866
0.181668,9.72622,18867
0.220901,10.197,18868
0.184772,9.81096,18869
0.209188,10.2057,18870
0.183076,9.7892,18871
0.230597,10.1885,18872
0.196293,9.81586,18873
0.228325,10.2109,18874
0.187139,9.79333,18875
0.223396,10.1974,18876
0.1817,9.79822,18877
0.221892,10.2001,18878
0.184196,9.79576,18879
0.211684,10.196,18880
0.16458,9.80779,18881
0.228804,10.1941,18882
0.15818,9.79736,18883
0.21594,10.2,18884
0.178531,9.81185,18885
0.208165,10.2254,18886
0.174915,9.77563,18887
0.201828,10.1885,18888
0.186276,9.82145,18889
0.227621,10.195,18890
0.183012,9.80545,18891
0.210148,10.1723,18892
0.168388,9.80619,18893
0.229669,10.2143,18894
0.17706,9.79227,18895
0.212005,10.2012,18896
0.188068,9.80667,18897
0.197124,10.1831,18898
0.166819,9.80952,18899
0.231589,10.2247,18900
0.157124,9.77182,18901
0.234085,10.2106,18902
0.171427,9.78968,18903
0.205572,10.1829,18904
0.175684,9.81822,18905
0.231365,10.2089,18906
0.183076,9.79893,18907
0.198405,10.1913,18908
0.179012,9.79886,18909
0.216613,10.2122,18910
0.19386,9.79157,18911
0.211876,10.2122,18912
0.189508,9.78731,18913
0.223557,10.1968,18914
0.175716,9.79777,18915
0.230821,10.1996,18916
0.153987,9.80386,18917
0.211716,10.1863,18918
0.159619,9.81173,18919
0.235429,10.2174,18920
0.165667,9.78721,18921
0.255782,10.2108,18922
0.176868,9.79477,18923
0.233125,10.2247,18924
0.18762,9.77557,18925
0.215461,10.195,18926
0.160388,9.80117,18927
0.214212,10.1881,18928
0.165187,9.81249,18929
0.255942,10.1942,18930
0.195525,9.80881,18931
0.207556,10.1897,18932
0.177924,9.8148,18933
0.229061,10.2104,18934
0.186628,9.79093,18935
0.234821,10.2166,18936
0.167011,9.77285,18937
0.216773,10.1969,18938
0.175619,9.81544,18939
0.237573,10.1876,18940
0.17226,9.8004,18941
0.221733,10.1958,18942
0.173635,9.80094,18943
0.218308,10.2274,18944
0.175428,9.77125,18945
0.211652,10.2156,18946
0.168643,9.79896,18947
0.229061,10.2026,18948
0.167556,9.78702,18949
0.216613,10.2216,18950
0.172195,9.78427,18951
0.218789,10.1912,18952
0.182084,9.79912,18953
0.203973,10.1807,18954
0.184996,9.82568,18955
0.238917,10.2006,18956
0.1801,9.79409,18957
0.225061,10.2066,18958
0.172867,9.79297,18959
0.215525,10.1886,18960
0.192964,9.82648,18961
0.210276,10.1813,18962
0.175332,9.81656,18963
0.228997,10.1867,18964
0.199044,9.81413,18965
0.213892,10.1902,18966
0.172195,9.79518,18967
0.25207,10.1953,18968
0.188996,9.80869,18969
0.228549,10.1949,18970
0.174276,9.81829,18971
0.223205,10.1808,18972
0.181188,9.81797,18973
0.229157,10.1874,18974
0.157347,9.79393,18975
0.241093,10.2055,18976
0.17594,9.81425,18977
0.240421,10.1843,18978
0.176932,9.80725,18979
0.221637,10.261,18980
0.179364,9.73832,18981
0.220004,10.1799,18982
0.17194,9.81006,18983
0.237733,10.2035,18984
0.17194,9.81147,18985
0.233509,10.2307,18986
0.177188,9.75947,18987
0.226405,10.2037,18988
0.194532,9.81128,18989
0.213668,10.1701,18990
0.177283,9.8188,18991
0.215653,10.2026,18992
0.172932,9.78677,18993
0.241477,10.2435,18994
0.159459,9.76459,18995
0.244165,10.1982,18996
0.182692,9.81329,18997
0.232645,10.1911,18998
0.189316,9.81112,18999
0.227045,10.1831,19000
0.169091,9.79595,19001
0.25287,10.2518,19002
0.176772,9.75979,19003
0.239045,10.2035,19004
0.1937,9.80376,19005
0.234821,10.2002,19006
0.197412,9.78568,19007
0.253317,10.2265,19008
0.189028,9.77576,19009
0.242565,10.2044,19010
0.162692,9.80548,19011
0.232133,10.1883,19012
0.201989,9.80929,19013
0.210564,10.1901,19014
0.175684,9.81627,19015
0.236197,10.1828,19016
0.196292,9.80657,19017
0.236613,10.1918,19018
0.162916,9.79739,19019
0.218981,10.2132,19020
0.173795,9.80334,19021
0.237765,10.2256,19022
0.177572,9.76401,19023
0.237317,10.1983,19024
0.180804,9.80126,19025
0.207044,10.1897,19026
0.178179,9.81521,19027
0.219172,10.2222,19028
0.173251,9.78219,19029
0.235621,10.1919,19030
0.176867,9.79617,19031
0.234053,10.2014,19032
0.169091,9.81336,19033
0.216516,10.2113,19034
0.177283,9.77499,19035
0.216517,10.1984,19036
0.158787,9.80213,19037
0.235109,10.1956,19038
0.178148,9.80565,19039
0.225093,10.1981,19040
0.177412,9.81419,19041
0.212357,10.1822,19042
0.179268,9.82142,19043
0.214981,10.164,19044
0.169028,9.82497,19045
0.235621,10.2027,19046
0.185732,9.79691,19047
0.22138,10.233,19048
0.182628,9.76056,19049
0.217221,10.2157,19050
0.176068,9.79956,19051
0.207428,10.1865,19052
0.1665,9.79521,19053
0.236741,10.1998,19054
0.182628,9.81486,19055
0.231141,10.1875,19056
0.171908,9.79988,19057
0.233573,10.2097,19058
0.173476,9.79045,19059
0.220261,10.2588,19060
0.175139,9.75873,19061
0.202788,10.169,19062
0.17866,9.81627,19063
0.204197,10.2117,19064
0.170116,9.78497,19065
0.222245,10.2025,19066
0.18426,9.80734,19067
0.233477,10.2243,19068
0.185412,9.76452,19069
0.224741,10.234,19070
0.177411,9.76933,19071
0.20586,10.1894,19072
0.168899,9.80696,19073
0.239365,10.2694,19074
0.166915,9.73598,19075
0.209988,10.2087,19076
0.165539,9.7924,19077
0.229957,10.1939,19078
0.172004,9.81963,19079
0.225413,10.2121,19080
0.175332,9.7803,19081
0.185508,10.1777,19082
0.182852,9.82379,19083
0.218821,10.179,19084
0.173956,9.82113,19085
0.226404,10.1911,19086
0.185092,9.80526,19087
0.215525,10.1955,19088
0.176996,9.8074,19089
0.240005,10.1993,19090
0.191268,9.79169,19091
0.222341,10.1921,19092
0.183076,9.8044,19093
0.229989,10.2486,19094
0.185092,9.75268,19095
0.229381,10.2307,19096
0.17946,9.78632,19097
0.220901,10.1885,19098
0.169187,9.79512,19099
0.217284,10.1957,19100
0.162084,9.8042,19101
0.237637,10.2039,19102
0.156131,9.80043,19103
0.218948,10.2354,19104
0.163555,9.7755,19105
0.224069,10.1803,19106
0.178724,9.80395,19107
0.231301,10.1939,19108
0.173251,9.81518,19109
0.22106,10.2065,19110
0.17098,9.78689,19111
0.224229,10.1994,19112
0.181188,9.81704,19113
0.212645,10.2115,19114
0.183844,9.77921,19115
0.234373,10.2251,19116
0.179908,9.76766,19117
0.212964,10.193,19118
0.169796,9.79681,19119
0.200964,10.1952,19120
0.172068,9.80869,19121
0.231332,10.2317,19122
0.184932,9.79003,19123
0.22362,10.1929,19124
0.180228,9.8003,19125
0.210468,10.1759,19126
0.171203,9.81032,19127
0.214116,10.2419,19128
0.179171,9.77838,19129
0.203845,10.19,19130
0.171875,9.79137,19131
0.188868,10.1928,19132
0.16362,9.80683,19133
0.25127,10.2035,19134
0.166339,9.79336,19135
0.227333,10.2025,19136
0.169539,9.79851,19137
0.194245,10.1979,19138
0.16538,9.80437,19139
0.20666,10.2285,19140
0.166852,9.78641,19141
0.220772,10.1905,19142
0.180163,9.80443,19143
0.210404,10.1725,19144
0.175492,9.82001,19145
0.210884,10.2004,19146
0.160643,9.79988,19147
0.229157,10.2367,19148
0.183012,9.75867,19149
0.256101,10.2033,19150
0.180931,9.80056,19151
0.232421,10.2079,19152
0.199428,9.78881,19153
0.205316,10.1916,19154
0.167299,9.8187,19155
0.228677,10.2017,19156
0.184708,9.79108,19157
0.220261,10.2039,19158
0.174468,9.81313,19159
0.236549,10.2157,19160
0.178723,9.77547,19161
0.227908,10.201,19162
0.165956,9.78811,19163
0.228677,10.2114,19164
0.18874,9.79816,19165
0.22634,10.1932,19166
0.181892,9.80494,19167
0.184996,10.1851,19168
0.184324,9.82638,19169
0.225733,10.1838,19170
0.191172,9.79272,19171
0.218053,10.2084,19172
0.168612,9.79704,19173
0.216708,10.2319,19174
0.175843,9.77156,19175
0.208356,10.2003,19176
0.172164,9.80366,19177
0.217765,10.1871,19178
0.1729,9.82469,19179
0.196996,10.1888,19180
0.169379,9.80673,19181
0.189508,10.1792,19182
0.170564,9.8139,19183
0.215845,10.1981,19184
0.159235,9.80949,19185
0.238245,10.218,19186
0.173348,9.77198,19187
0.223173,10.1793,19188
0.194853,9.82289,19189
0.233156,10.1921,19190
0.173252,9.8019,19191
0.216996,10.1987,19192
0.162531,9.80084,19193
0.21834,10.2044,19194
0.185892,9.80267,19195
0.406121,9.97928,19196
0.175939,10.0124,19197
0.254565,10.2042,19198
0.175268,9.80148,19199
0.230437,10.2132,19200
0.1753,9.7971,19201
0.228069,10.1859,19202
0.181572,9.81649,19203
0.210181,10.1778,19204
0.175908,9.80222,19205
0.236805,10.2009,19206
0.186436,9.80872,19207
0.195941,10.1896,19208
0.184068,9.82248,19209
0.211397,10.168,19210
0.159364,9.80852,19211
0.220676,10.1982,19212
0.186563,9.80433,19213
0.21002,10.2096,19214
0.172835,9.79464,19215
0.235333,10.1927,19216
0.189156,9.81108,19217
0.198596,10.1867,19218
0.169124,9.8218,19219
0.217636,10.1768,19220
0.168452,9.81656,19221
0.228101,10.1909,19222
0.178468,9.80776,19223
0.201124,10.2092,19224
0.17578,9.7827,19225
0.206437,10.1896,19226
0.175075,9.81934,19227
0.219141,10.1669,19228
0.178627,9.82798,19229
0.217828,10.2052,19230
0.179747,9.79521,19231
0.199204,10.1866,19232
0.161027,9.80737,19233
0.238053,10.1991,19234
0.181124,9.80609,19235
0.199716,10.194,19236
0.17114,9.81009,19237
0.211076,10.1834,19238
0.177956,9.80993,19239
0.233413,10.2334,19240
0.175908,9.77528,19241
0.244741,10.2618,19242
0.17722,9.73652,19243
0.215301,10.1849,19244
0.174563,9.81864,19245
0.195364,10.1783,19246
0.15738,9.80324,19247
0.227908,10.2117,19248
0.173731,9.8027,19249
0.208228,10.192,19250
0.177283,9.80363,19251
0.197988,10.1898,19252
0.170883,9.81179,19253
0.225253,10.2,19254
0.179844,9.80187,19255
0.215269,10.1975,19256
0.173764,9.80388,19257
0.216004,10.1772,19258
0.166884,9.81953,19259
0.233765,10.2316,19260
0.171684,9.77064,19261
0.224165,10.2197,19262
0.158883,9.76977,19263
0.233157,10.2041,19264
0.186179,9.80964,19265
0.211589,10.1773,19266
0.173668,9.81262,19267
0.223748,10.1995,19268
0.17914,9.81838,19269
0.214724,10.1732,19270
0.172932,9.82737,19271
0.256005,10.1944,19272
0.178052,9.80276,19273
0.232933,10.1828,19274
0.173188,9.80577,19275
0.2081,10.1966,19276
0.174884,9.80305,19277
0.221444,10.2163,19278
0.162468,9.79044,19279
0.213509,10.1861,19280
0.170724,9.8034,19281
0.199748,10.2242,19282
0.17418,9.77207,19283
0.2289,10.2061,19284
0.176163,9.80606,19285
0.206053,10.1846,19286
0.176963,9.80606,19287
0.235557,10.2097,19288
0.16042,9.79451,19289
0.215684,10.2054,19290
0.192164,9.80353,19291
0.216581,10.187,19292
0.165347,9.80683,19293
0.221349,10.1945,19294
0.181412,9.81092,19295
0.251845,10.2614,19296
0.185796,9.73003,19297
0.253286,10.1995,19298
0.1817,9.81662,19299
0.239141,10.1848,19300
0.177508,9.79374,19301
0.209124,10.2084,19302
0.191588,9.7972,19303
0.221573,10.2076,19304
0.182596,9.79025,19305
0.230981,10.2065,19306
0.169284,9.79444,19307
0.235077,10.2429,19308
0.193796,9.75931,19309
0.226373,10.2312,19310
0.183812,9.78369,19311
0.253765,10.1831,19312
0.17178,9.80436,19313
0.214373,10.198,19314
0.175779,9.79713,19315
0.225188,10.2335,19316
0.172516,9.76551,19317
0.227845,10.2221,19318
0.175908,9.77918,19319
0.208708,10.2181,19320
0.183972,9.77787,19321
0.219941,10.2112,19322
0.16874,9.78865,19323
0.224261,10.1924,19324
0.166659,9.81496,19325
0.204421,10.2028,19326
0.156804,9.78731,19327
0.227397,10.2015,19328
0.181156,9.8027,19329
0.212357,10.186,19330
0.186339,9.81054,19331
0.226277,10.1929,19332
0.153892,9.81192,19333
0.223077,10.2113,19334
0.181188,9.79944,19335
0.199716,10.1804,19336
0.174308,9.80254,19337
0.242821,10.2077,19338
0.175108,9.79937,19339
0.231013,10.2043,19340
0.159683,9.7956,19341
0.249382,10.2001,19342
0.171395,9.80232,19343
0.237605,10.2009,19344
0.16794,9.79665,19345
0.19322,10.1888,19346
0.162947,9.82577,19347
0.198116,10.1701,19348
0.16586,9.80878,19349
0.179012,10.2062,19350
0.177828,9.80734,19351
0.247173,10.1928,19352
0.17338,9.81784,19353
0.198468,10.1723,19354
0.153123,9.80676,19355
0.237861,10.2062,19356
0.174212,9.80132,19357
0.243462,10.1979,19358
0.176259,9.79928,19359
0.222308,10.2212,19360
0.170084,9.76923,19361
0.228772,10.2081,19362
0.175619,9.79502,19363
0.206533,10.2015,19364
0.165636,9.80327,19365
0.225893,10.1984,19366
0.181028,9.79982,19367
0.2145,10.2452,19368
0.181443,9.75374,19369
0.234309,10.2059,19370
0.183043,9.80232,19371
0.243781,10.2133,19372
0.163428,9.78689,19373
0.221604,10.1954,19374
0.182339,9.79995,19375
0.224836,10.2182,19376
0.161444,9.77684,19377
0.226661,10.219,19378
0.181412,9.78427,19379
0.221348,10.2051,19380
0.176483,9.80401,19381
0.205445,10.2079,19382
0.18298,9.78187,19383
0.207716,10.1939,19384
0.177059,9.80452,19385
0.220997,10.216,19386
0.196068,9.78907,19387
0.205956,10.1896,19388
0.183012,9.80724,19389
0.217157,10.1984,19390
0.183428,9.8027,19391
0.207844,10.2007,19392
0.183716,9.80542,19393
0.228516,10.2321,19394
0.176132,9.76129,19395
0.231205,10.2118,19396
0.173284,9.78753,19397
0.254021,10.2444,19398
0.172292,9.77684,19399
0.248965,10.1872,19400
0.173923,9.79511,19401
0.201476,10.1805,19402
0.16858,9.83297,19403
0.242981,10.1904,19404
0.189988,9.80545,19405
0.238661,10.1967,19406
0.183299,9.80955,19407
0.246373,10.1925,19408
0.179491,9.79569,19409
0.224068,10.209,19410
0.18778,9.80481,19411
0.21402,10.1891,19412
0.170051,9.79473,19413
0.228229,10.2111,19414
0.190532,9.79118,19415
0.240773,10.1928,19416
0.17274,9.80689,19417
0.244933,10.2038,19418
0.170372,9.7922,19419
0.228581,10.1932,19420
0.165859,9.80577,19421
0.222021,10.2036,19422
0.166851,9.79079,19423
0.202084,10.2336,19424
0.190468,9.78043,19425
0.214372,10.2007,19426
0.169219,9.78798,19427
0.22186,10.2052,19428
0.173572,9.79998,19429
0.244133,10.1923,19430
0.17882,9.80052,19431
0.222597,10.2065,19432
0.180515,9.80267,19433
0.20106,10.1906,19434
0.186148,9.82334,19435
0.225701,10.1823,19436
0.180004,9.79998,19437
0.246181,10.2082,19438
0.184452,9.80398,19439
0.235621,10.1921,19440
0.168772,9.79553,19441
0.226085,10.2107,19442
0.192132,9.79592,19443
0.216453,10.1897,19444
0.166019,9.81019,19445
0.244645,10.1909,19446
0.170244,9.81838,19447
0.231588,10.1864,19448
0.18426,9.79611,19449
0.202916,10.2088,19450
0.17418,9.79764,19451
0.204004,10.1852,19452
0.153507,9.80449,19453
0.233221,10.2288,19454
0.1729,9.77876,19455
0.220229,10.2083,19456
0.183524,9.80843,19457
0.233765,10.2161,19458
0.181732,9.77803,19459
0.217508,10.2123,19460
0.177764,9.77159,19461
0.241157,10.2616,19462
0.162467,9.73706,19463
0.236133,10.3024,19464
0.169124,9.70017,19465
0.2353,10.2288,19466
0.180516,9.77431,19467
0.216997,10.2068,19468
0.17962,9.81143,19469
0.237893,10.2086,19470
0.178851,9.77185,19471
0.215492,10.2018,19472
0.175972,9.80087,19473
0.206853,10.1793,19474
0.178339,9.83678,19475
0.198372,10.1703,19476
0.167044,9.8179,19477
0.189476,10.1786,19478
0.183556,9.81179,19479
0.202468,10.1935,19480
0.164099,9.82267,19481
0.223589,10.1862,19482
0.170467,9.8027,19483
0.197444,10.1907,19484
0.170723,9.80686,19485
0.20538,10.2287,19486
0.159364,9.76906,19487
0.257094,10.2035,19488
0.157475,9.79601,19489
0.226885,10.2259,19490
0.178083,9.78097,19491
0.232485,10.2015,19492
0.183364,9.79022,19493
0.203332,10.1937,19494
0.179396,9.82814,19495
0.220165,10.1849,19496
0.173027,9.79927,19497
0.230468,10.1955,19498
0.185604,9.80049,19499
0.195108,10.1996,19500
0.185284,9.80078,19501
0.206788,10.199,19502
0.181668,9.79953,19503
0.220229,10.2164,19504
0.173731,9.78734,19505
0.207941,10.187,19506
0.173284,9.81892,19507
0.229669,10.1946,19508
0.173252,9.7971,19509
0.216452,10.2347,19510
0.177796,9.78071,19511
0.234725,10.1973,19512
0.187075,9.79851,19513
0.196772,10.2009,19514
0.171076,9.79902,19515
0.233573,10.1881,19516
0.176452,9.82276,19517
0.221188,10.1815,19518
0.170564,9.79505,19519
0.222244,10.2203,19520
0.184612,9.78913,19521
0.225765,10.2003,19522
0.176676,9.80244,19523
0.219204,10.2189,19524
0.178244,9.78526,19525
0.219397,10.2068,19526
0.186532,9.77927,19527
0.238725,10.2003,19528
0.186596,9.79614,19529
0.216004,10.19,19530
0.165731,9.81083,19531
0.217188,10.2054,19532
0.17034,9.79486,19533
0.210116,10.2244,19534
0.172708,9.78692,19535
0.219685,10.2051,19536
0.190052,9.79207,19537
0.221956,10.1774,19538
0.178724,9.83086,19539
0.204997,10.1735,19540
0.173188,9.81476,19541
0.2313,10.2136,19542
0.18474,9.78702,19543
0.21018,10.1881,19544
0.172611,9.80987,19545
0.231685,10.2283,19546
0.164515,9.78375,19547
0.20314,10.1744,19548
0.169027,9.83166,19549
0.237893,10.1816,19550
0.179716,9.79911,19551
0.224964,10.1989,19552
0.170819,9.80231,19553
0.220613,10.1763,19554
0.195908,9.84388,19555
0.232453,10.1833,19556
0.173155,9.78839,19557
0.221157,10.262,19558
0.189348,9.74519,19559
0.226308,10.2085,19560
0.187076,9.79511,19561
0.245477,10.2005,19562
0.186116,9.79643,19563
0.212004,10.2507,19564
0.174435,9.74385,19565
0.218949,10.2715,19566
0.173955,9.73415,19567
0.220677,10.2235,19568
0.183524,9.77457,19569
0.240133,10.2016,19570
0.19482,9.80395,19571
0.225253,10.1992,19572
0.193156,9.80203,19573
0.20874,10.2154,19574
0.186852,9.78388,19575
0.231204,10.2138,19576
0.177764,9.79691,19577
0.221572,10.1725,19578
0.171523,9.81246,19579
0.193924,10.1943,19580
0.177988,9.80404,19581
0.216964,10.2098,19582
0.182116,9.8026,19583
0.227077,10.2246,19584
0.169955,9.76398,19585
0.216581,10.2203,19586
0.1777,9.79914,19587
0.222436,10.1713,19588
0.188516,9.81191,19589
0.20698,10.1927,19590
0.178148,9.81473,19591
0.222916,10.2056,19592
0.17914,9.80462,19593
0.21354,10.1785,19594
0.17754,9.81278,19595
0.206884,10.1737,19596
0.185892,9.81697,19597
0.229573,10.2869,19598
0.177219,9.73031,19599
0.217701,10.1829,19600
0.175779,9.81764,19601
0.198853,10.1694,19602
0.157443,9.8267,19603
0.222437,10.1909,19604
0.18714,9.79844,19605
0.213796,10.212,19606
0.171524,9.79255,19607
0.224325,10.2651,19608
0.1873,9.74529,19609
0.2121,10.1875,19610
0.181668,9.80523,19611
0.247877,10.1949,19612
0.176228,9.79467,19613
0.209636,10.1943,19614
0.165924,9.81044,19615
0.242885,10.2021,19616
0.194404,9.7979,19617
0.237989,10.1992,19618
0.186148,9.80295,19619
0.169315,9.97867,19620
0.172995,10.0125,19621
0.226437,10.2011,19622
0.18346,9.80071,19623
0.221125,10.1885,19624
0.174627,9.81598,19625
0.228644,10.1961,19626
0.156003,9.81073,19627
0.221508,10.1885,19628
0.170147,9.79172,19629
0.207972,10.2021,19630
0.184996,9.82244,19631
0.213029,10.1886,19632
0.167395,9.80043,19633
0.213541,10.1847,19634
0.167843,9.80724,19635
0.229348,10.1962,19636
0.179428,9.80378,19637
0.225253,10.2139,19638
0.189796,9.7875,19639
0.198468,10.2136,19640
0.161604,9.78426,19641
0.243109,10.202,19642
0.181956,9.81774,19643
0.194916,10.1828,19644
0.1809,9.81761,19645
0.22554,10.1656,19646
0.169155,9.81207,19647
0.237413,10.234,19648
0.182788,9.76913,19649
0.232452,10.2497,19650
0.169795,9.76654,19651
0.212868,10.1854,19652
0.166755,9.80353,19653
0.232708,10.2205,19654
0.184484,9.77799,19655
0.233444,10.2143,19656
0.18842,9.78535,19657
0.226244,10.2128,19658
0.178563,9.79646,19659
0.21274,10.1809,19660
0.165731,9.82311,19661
0.253509,10.1829,19662
0.158787,9.80087,19663
0.220548,10.2671,19664
0.168292,9.73562,19665
0.214629,10.1974,19666
0.177508,9.81998,19667
0.223108,10.1821,19668
0.1881,9.81415,19669
0.226597,10.1818,19670
0.172548,9.80337,19671
0.225412,10.2248,19672
0.177316,9.7794,19673
0.210085,10.1931,19674
0.176099,9.81233,19675
0.210148,10.1845,19676
0.17066,9.81818,19677
0.223909,10.1995,19678
0.183908,9.78798,19679
0.223781,10.211,19680
0.169283,9.80353,19681
0.251109,10.2163,19682
0.189028,9.77742,19683
0.210372,10.1839,19684
0.154115,9.80535,19685
0.251749,10.1991,19686
0.170916,9.80209,19687
0.23146,10.1986,19688
0.171748,9.80993,19689
0.239525,10.2337,19690
0.156867,9.75946,19691
0.234501,10.196,19692
0.169795,9.8042,19693
0.220292,10.1902,19694
0.16298,9.81527,19695
0.223652,10.1894,19696
0.176676,9.80906,19697
0.250181,10.2033,19698
0.184676,9.79543,19699
0.225316,10.2664,19700
0.185827,9.73021,19701
0.206372,10.1921,19702
0.160644,9.8049,19703
0.209444,10.1901,19704
0.160355,9.81002,19705
0.245382,10.2423,19706
0.181892,9.76958,19707
0.247237,10.2,19708
0.174211,9.79425,19709
0.237253,10.1984,19710
0.172451,9.79735,19711
0.221253,10.2024,19712
0.181156,9.79652,19713
0.188867,10.1877,19714
0.177348,9.80887,19715
0.250501,10.2131,19716
0.185636,9.79972,19717
0.221956,10.2015,19718
0.183043,9.78711,19719
0.238917,10.2674,19720
0.167619,9.73726,19721
0.242885,10.2296,19722
0.186628,9.77348,19723
0.208644,10.1862,19724
0.17306,9.80881,19725
0.244197,10.169,19726
0.161507,9.83284,19727
0.224485,10.1994,19728
0.172131,9.79953,19729
0.236933,10.1935,19730
0.184036,9.80372,19731
0.228901,10.2318,19732
0.185956,9.77214,19733
0.2073,10.1957,19734
0.173636,9.80977,19735
0.189412,10.1877,19736
0.179076,9.81031,19737
0.222341,10.2024,19738
0.16858,9.78759,19739
0.219748,10.2278,19740
0.165988,9.77421,19741
0.225669,10.2329,19742
0.165795,9.76708,19743
0.193508,10.1928,19744
0.166147,9.81751,19745
0.179172,10.181,19746
0.185188,9.813,19747
0.199364,10.1982,19748
0.159172,9.79665,19749
0.257189,10.216,19750
0.173988,9.79428,19751
0.211844,10.1872,19752
0.175844,9.80484,19753
0.239044,10.2011,19754
0.173283,9.79742,19755
0.207268,10.1843,19756
0.162979,9.82468,19757
0.216292,10.2219,19758
0.175684,9.77249,19759
0.235077,10.1949,19760
0.170979,9.82375,19761
0.22074,10.1797,19762
0.165668,9.81649,19763
0.203236,10.2001,19764
0.157891,9.78026,19765
0.232869,10.2048,19766
0.1897,9.8083,19767
0.219525,10.2568,19768
0.178916,9.73569,19769
0.234405,10.2012,19770
0.184355,9.81809,19771
0.246245,10.1884,19772
0.17594,9.79617,19773
0.222533,10.1994,19774
0.191492,9.8002,19775
0.232613,10.1984,19776
0.192964,9.79527,19777
0.203012,10.2059,19778
0.179588,9.79585,19779
0.404361,9.98504,19780
0.168516,10.0173,19781
0.194596,10.1776,19782
0.189252,9.8394,19783
0.229572,10.1905,19784
0.177091,9.79447,19785
0.21786,10.1748,19786
0.185539,9.8209,19787
0.205637,10.2056,19788
0.192548,9.79674,19789
0.211844,10.1893,19790
0.181476,9.80804,19791
0.219588,10.1968,19792
0.181987,9.80302,19793
0.203076,10.1879,19794
0.172963,9.80961,19795
0.225476,10.2078,19796
0.170244,9.79697,19797
0.224356,10.1901,19798
0.157955,9.8105,19799
0.221668,10.2166,19800
0.196388,9.78244,19801
0.205029,10.188,19802
0.16762,9.8145,19803
0.197412,10.1827,19804
0.189411,9.81412,19805
0.229252,10.211,19806
0.172803,9.78842,19807
0.213637,10.2307,19808
0.171844,9.77037,19809
0.209316,10.1875,19810
0.181635,9.81025,19811
0.182372,10.194,19812
0.176451,9.80606,19813
0.206372,10.2018,19814
0.175812,9.79889,19815
0.201508,10.1924,19816
0.175236,9.82663,19817
0.223173,10.1742,19818
0.169091,9.80762,19819
0.222213,10.1912,19820
0.167044,9.80698,19821
0.232581,10.2034,19822
0.183395,9.79809,19823
0.209668,10.1893,19824
0.187876,9.81943,19825
0.19978,10.1865,19826
0.189252,9.80494,19827
0.236741,10.2063,19828
0.174339,9.79668,19829
0.215076,10.2276,19830
0.180516,9.78836,19831
0.222245,10.1699,19832
0.167716,9.80833,19833
0.22666,10.1945,19834
0.168804,9.80554,19835
0.217541,10.2064,19836
0.186148,9.79662,19837
0.210085,10.1873,19838
0.168804,9.82417,19839
0.1817,10.2035,19840
0.171043,9.78478,19841
0.218468,10.2251,19842
0.182148,9.78609,19843
0.20362,10.1759,19844
0.164515,9.8066,19845
0.241157,10.2061,19846
0.18922,9.80862,19847
0.202948,10.2036,19848
0.175427,9.78209,19849
0.222981,10.1809,19850
0.186308,9.82426,19851
0.210628,10.1959,19852
0.172324,9.80314,19853
0.224645,10.2126,19854
0.188676,9.7923,19855
0.209732,10.1924,19856
0.183524,9.80285,19857
0.202148,10.2208,19858
0.173315,9.78094,19859
0.223365,10.1993,19860
0.176547,9.79774,19861
0.1809,10.1927,19862
0.170116,9.8138,19863
0.227525,10.1998,19864
0.174788,9.79191,19865
0.235044,10.2206,19866
0.174243,9.78737,19867
0.225477,10.2264,19868
0.190948,9.77882,19869
0.243653,10.2244,19870
0.178468,9.78669,19871
0.244741,10.197,19872
0.176452,9.80388,19873
0.219781,10.1715,19874
0.175428,9.81294,19875
0.225349,10.1718,19876
0.179107,9.8266,19877
0.219301,10.2011,19878
0.184484,9.80145,19879
0.200964,10.1815,19880
0.182948,9.81668,19881
0.245893,10.1919,19882
0.190627,9.8066,19883
0.207236,10.1883,19884
0.163171,9.8098,19885
0.230277,10.2477,19886
0.182819,9.76116,19887
0.22154,10.174,19888
0.17994,9.8257,19889
0.228229,10.1999,19890
0.180452,9.79095,19891
0.218052,10.1991,19892
0.169827,9.80087,19893
0.209892,10.1872,19894
0.167619,9.81934,19895
0.229061,10.1993,19896
0.174019,9.79463,19897
0.210021,10.1883,19898
0.176931,9.81793,19899
0.205444,10.2098,19900
0.172324,9.78279,19901
0.235652,10.2024,19902
0.165763,9.80932,19903
0.231908,10.2011,19904
0.166948,9.7834,19905
0.227813,10.2014,19906
0.193956,9.81278,19907
0.206468,10.1806,19908
0.186468,9.81402,19909
0.238276,10.1741,19910
0.180612,9.82807,19911
0.224229,10.2009,19912
0.1873,9.81172,19913
0.212292,10.178,19914
0.173859,9.8073,19915
0.223812,10.202,19916
0.181315,9.80353,19917
0.233348,10.2024,19918
0.188803,9.79844,19919
0.217796,10.1964,19920
0.167939,9.80839,19921
0.234277,10.2184,19922
0.168932,9.78138,19923
0.245925,10.2424,19924
0.184324,9.74829,19925
0.205156,10.1798,19926
0.183588,9.83146,19927
0.210629,10.2013,19928
0.180292,9.78909,19929
0.227525,10.2002,19930
0.169923,9.79853,19931
0.237925,10.2,19932
0.166979,9.80119,19933
0.192676,10.2255,19934
0.183076,9.76762,19935
0.211301,10.1959,19936
0.171236,9.8001,19937
0.221573,10.1992,19938
0.159043,9.80327,19939
0.239749,10.1966,19940
0.1745,9.8146,19941
0.197796,10.1871,19942
0.168708,9.8115,19943
0.212133,10.2055,19944
0.180259,9.78385,19945
0.212516,10.2136,19946
0.183076,9.79722,19947
0.206692,10.1935,19948
0.184196,9.81649,19949
0.212997,10.1776,19950
0.1873,9.80452,19951
0.202564,10.1883,19952
0.156388,9.81751,19953
0.235973,10.229,19954
0.183908,9.76855,19955
0.209892,10.1851,19956
0.188292,9.81233,19957
0.20154,10.1822,19958
0.185764,9.8354,19959
0.224101,10.1836,19960
0.185796,9.80695,19961
0.240325,10.2103,19962
0.181699,9.77975,19963
0.241861,10.2079,19964
0.174051,9.80391,19965
0.228197,10.2222,19966
0.190564,9.76666,19967
0.246501,10.2351,19968
0.177763,9.77281,19969
0.202468,10.2126,19970
0.164612,9.79229,19971
0.240869,10.1933,19972
0.185252,9.80317,19973
0.218468,10.1852,19974
0.181828,9.8097,19975
0.219044,10.1976,19976
0.179363,9.79681,19977
0.210564,10.2151,19978
0.158147,9.78993,19979
0.211556,10.1937,19980
0.167683,9.80154,19981
0.2289,10.2017,19982
0.18954,9.81764,19983
0.226085,10.2119,19984
0.180643,9.78125,19985
0.230085,10.2237,19986
0.176387,9.78311,19987
0.245029,10.1876,19988
0.17706,9.80593,19989
0.218245,10.2019,19990
0.184036,9.79402,19991
0.231109,10.2212,19992
0.155107,9.78433,19993
0.21898,10.1771,19994
0.175268,9.8082,19995
0.201252,10.192,19996
0.181603,9.81021,19997
0.224772,10.2017,19998
0.173924,9.79997,19999
0.247333,10.1789,20000
0.165028,9.81623,20001
0.220484,10.2067,20002
0.185796,9.80615,20003
0.248261,10.2012,20004
0.176868,9.79306,20005
0.22186,10.1941,20006
0.18682,9.80948,20007
0.242597,10.1929,20008
0.178724,9.79921,20009
0.236644,10.209,20010
0.198724,9.797,20011
0.229733,10.2096,20012
0.172548,9.78628,20013
0.229637,10.195,20014
0.163747,9.80705,20015
0.21722,10.2016,20016
0.183396,9.79741,20017
0.197412,10.1952,20018
0.181444,9.80973,20019
0.235301,10.2606,20020
0.156931,9.72752,20021
0.212228,10.1918,20022
0.186692,9.82068,20023
0.243205,10.2368,20024
0.162243,9.75895,20025
0.232837,10.2026,20026
0.182756,9.79543,20027
0.182372,10.2048,20028
0.185795,9.79988,20029
0.247589,10.199,20030
0.155363,9.793,20031
0.219428,10.1965,20032
0.17914,9.80717,20033
0.245765,10.2065,20034
0.163587,9.79418,20035
0.205668,10.2042,20036
0.188068,9.79185,20037
0.244453,10.2008,20038
0.184867,9.80849,20039
0.203044,10.2116,20040
0.184004,9.78449,20041
0.204132,10.1876,20042
0.179555,9.81335,20043
0.225124,10.2043,20044
0.179268,9.80884,20045
0.20426,10.1749,20046
0.180836,9.8065,20047
0.213028,10.2073,20048
0.172291,9.79927,20049
0.244261,10.205,20050
0.161251,9.78839,20051
0.193028,10.1881,20052
0.171748,9.80337,20053
0.229028,10.2016,20054
0.153891,9.80257,20055
0.21258,10.2346,20056
0.178436,9.76801,20057
0.209925,10.1912,20058
0.171843,9.81111,20059
0.212036,10.1899,20060
0.162531,9.80257,20061
0.213349,10.1926,20062
0.176995,9.82007,20063
0.240805,10.1926,20064
0.179108,9.8049,20065
0.202884,10.1882,20066
0.163555,9.82254,20067
0.228229,10.1912,20068
0.185508,9.79805,20069
0.231461,10.2264,20070
0.179587,9.78106,20071
0.218948,10.1887,20072
0.17834,9.80788,20073
0.233477,10.1959,20074
0.188484,9.79415,20075
0.237828,10.2032,20076
0.184164,9.80225,20077
0.207812,10.1917,20078
0.17002,9.81997,20079
0.211589,10.1822,20080
0.167715,9.80737,20081
0.220516,10.1889,20082
0.182724,9.81655,20083
0.219653,10.1928,20084
0.18186,9.79924,20085
0.232388,10.2082,20086
0.18346,9.79664,20087
0.218757,10.1869,20088
0.197892,9.81181,20089
0.242372,10.1955,20090
0.19146,9.80288,20091
0.239012,10.1984,20092
0.177252,9.79604,20093
0.221956,10.2083,20094
0.185956,9.79722,20095
0.216356,10.2012,20096
0.166692,9.80874,20097
0.222949,10.1779,20098
0.183716,9.82826,20099
0.188932,10.1749,20100
0.181028,9.80775,20101
0.190372,10.1972,20102
0.174499,9.79825,20103
0.214917,10.191,20104
0.162755,9.82164,20105
0.223141,10.1879,20106
0.173027,9.80916,20107
0.205028,10.2142,20108
0.172899,9.78458,20109
0.221733,10.1972,20110
0.18762,9.79988,20111
0.248645,10.2025,20112
0.173603,9.79425,20113
0.219301,10.2082,20114
0.173667,9.79706,20115
0.203749,10.2025,20116
0.171651,9.79879,20117
0.223269,10.1954,20118
0.173603,9.80013,20119
0.241317,10.2315,20120
0.170915,9.7689,20121
0.177699,10.1782,20122
0.168739,9.81146,20123
0.207428,10.1911,20124
0.164067,9.81623,20125
0.21146,10.1895,20126
0.177795,9.80676,20127
0.205636,10.1983,20128
0.170915,9.80813,20129
0.216837,10.2137,20130
0.176803,9.78557,20131
0.192132,10.1886,20132
0.186723,9.80957,20133
0.225477,10.2006,20134
0.176067,9.8025,20135
0.20202,10.1897,20136
0.170531,9.81556,20137
0.224324,10.221,20138
0.181828,9.76746,20139
0.202372,10.2176,20140
0.175875,9.78977,20141
0.238469,10.1936,20142
0.173284,9.79495,20143
0.227045,10.1751,20144
0.165123,9.83537,20145
0.232709,10.1938,20146
0.189955,9.81185,20147
0.200196,10.2045,20148
0.178371,9.78989,20149
0.215204,10.1863,20150
0.175171,9.82356,20151
0.222053,10.1934,20152
0.165059,9.80045,20153
0.235045,10.1909,20154
0.170371,9.81773,20155
0.224164,10.1851,20156
0.18202,9.80052,20157
0.208132,10.1922,20158
0.163747,9.82212,20159
0.229156,10.18,20160
0.185508,9.80513,20161
0.198468,10.1968,20162
0.16986,9.79901,20163
0.228356,10.2017,20164
0.182916,9.80436,20165
0.225156,10.2013,20166
0.182084,9.79668,20167
0.254533,10.2079,20168
0.165028,9.79076,20169
0.195044,10.166,20170
0.184355,9.85214,20171
0.194499,10.1711,20172
0.154243,9.81741,20173
0.227812,10.1868,20174
0.187972,9.81578,20175
0.215141,10.1764,20176
0.1737,9.81841,20177
0.233924,10.1951,20178
0.184708,9.80717,20179
0.222436,10.2072,20180
0.176963,9.80634,20181
0.237509,10.2107,20182
0.187844,9.77972,20183
0.227364,10.1922,20184
0.190404,9.80576,20185
0.223301,10.1849,20186
0.161828,9.81159,20187
0.224069,10.1974,20188
0.181539,9.79879,20189
0.227684,10.2151,20190
0.177188,9.78119,20191
0.244485,10.1966,20192
0.186628,9.80871,20193
0.222789,10.2239,20194
0.152643,9.76829,20195
0.200612,10.2487,20196
0.165539,9.75405,20197
0.220324,10.2026,20198
0.185571,9.80036,20199
0.19258,10.1959,20200
0.18778,9.80295,20201
0.2169,10.2059,20202
0.188099,9.79498,20203
0.197732,10.1854,20204
0.164516,9.81985,20205
0.230437,10.1998,20206
0.184035,9.79191,20207
0.217989,10.1903,20208
0.162308,9.81805,20209
0.225925,10.195,20210
0.169923,9.81591,20211
0.255685,10.2567,20212
0.178692,9.72797,20213
0.245125,10.2113,20214
0.176483,9.7897,20215
0.208389,10.1875,20216
0.192292,9.81137,20217
0.209316,10.1964,20218
0.173124,9.80986,20219
0.218468,10.1872,20220
0.17402,9.80413,20221
0.2049,10.1867,20222
0.167299,9.8114,20223
0.224965,10.1855,20224
0.180004,9.83722,20225
0.21498,10.1666,20226
0.166019,9.80817,20227
0.236677,10.2324,20228
0.188483,9.77754,20229
0.217732,10.2155,20230
0.187172,9.79776,20231
0.236613,10.1879,20232
0.171779,9.79111,20233
0.215429,10.2016,20234
0.190051,9.82017,20235
0.206692,10.199,20236
0.187779,9.78234,20237
0.228293,10.2361,20238
0.182628,9.76778,20239
0.200708,10.2257,20240
0.177155,9.77325,20241
0.240549,10.1739,20242
0.169764,9.82951,20243
0.231716,10.264,20244
0.177699,9.72976,20245
0.199396,10.192,20246
0.185828,9.80967,20247
0.238789,10.2003,20248
0.187812,9.80321,20249
0.209252,10.2007,20250
0.181859,9.80144,20251
0.223588,10.1737,20252
0.172804,9.82026,20253
0.235301,10.2016,20254
0.170019,9.79732,20255
0.201348,10.2115,20256
0.178756,9.79357,20257
0.218372,10.2032,20258
0.182724,9.80215,20259
0.238053,10.2578,20260
0.186564,9.73792,20261
0.242597,10.2079,20262
0.164771,9.78215,20263
0.225636,10.2121,20264
0.189156,9.79069,20265
0.235621,10.2114,20266
0.195108,9.79345,20267
0.204004,10.1856,20268
0.18042,9.81229,20269
0.221189,10.2074,20270
0.186532,9.81044,20271
0.218437,10.1571,20272
0.179715,9.8354,20273
0.226981,10.1967,20274
0.184996,9.78877,20275
0.208164,10.1936,20276
0.178275,9.82746,20277
0.203524,10.2066,20278
0.177572,9.77837,20279
0.209092,10.1975,20280
0.173956,9.79568,20281
0.226693,10.2408,20282
0.173156,9.7624,20283
0.224645,10.2099,20284
0.190276,9.80407,20285
0.200804,10.183,20286
0.187204,9.80653,20287
0.222917,10.1979,20288
0.192164,9.81815,20289
0.232453,10.1997,20290
0.175587,9.8008,20291
0.22666,10.1814,20292
0.1785,9.81696,20293
0.219717,10.2141,20294
0.17978,9.78109,20295
0.20874,10.183,20296
0.183844,9.81008,20297
0.259429,10.2016,20298
0.164387,9.796,20299
0.210628,10.1876,20300
0.168579,9.80874,20301
0.227973,10.2083,20302
0.174116,9.78784,20303
0.227653,10.2039,20304
0.174308,9.80986,20305
0.212421,10.1938,20306
0.169956,9.80208,20307
0.227844,10.2005,20308
0.179779,9.8129,20309
0.204197,10.1785,20310
0.170275,9.80532,20311
0.202629,10.1919,20312
0.188196,9.82372,20313
0.231941,10.1972,20314
0.185156,9.80055,20315
0.207684,10.1754,20316
0.178691,9.80727,20317
0.237317,10.2164,20318
0.17818,9.80244,20319
0.226213,10.2547,20320
0.189604,9.74288,20321
0.208772,10.1729,20322
0.165059,9.80932,20323
0.224645,10.2148,20324
0.182116,9.78692,20325
0.202244,10.1836,20326
0.178564,9.81754,20327
0.209156,10.1937,20328
0.16218,9.8001,20329
0.195844,10.2039,20330
0.172643,9.80593,20331
0.205124,10.2153,20332
0.155523,9.79277,20333
0.228676,10.1987,20334
0.187396,9.79524,20335
0.202116,10.1826,20336
0.173155,9.80925,20337
0.222244,10.1984,20338
0.170244,9.82231,20339
0.225156,10.1658,20340
0.169219,9.81783,20341
0.233797,10.208,20342
0.179876,9.80125,20343
0.232005,10.2002,20344
0.18426,9.78784,20345
0.204773,10.2137,20346
0.190084,9.79236,20347
0.228773,10.2028,20348
0.188772,9.79088,20349
0.234884,10.2138,20350
0.191139,9.79101,20351
0.21834,10.2024,20352
0.163523,9.7921,20353
0.246597,10.2282,20354
0.177795,9.77341,20355
0.221956,10.2119,20356
0.17706,9.80301,20357
0.211268,10.2031,20358
0.173155,9.78186,20359
0.26215,10.2192,20360
0.187652,9.78042,20361
0.203556,10.1874,20362
0.17642,9.81847,20363
0.218308,10.1895,20364
0.18538,9.80698,20365
0.2017,10.1779,20366
0.180324,9.82023,20367
0.198852,10.2065,20368
0.162115,9.80765,20369
0.226212,10.2107,20370
0.175364,9.77085,20371
0.248869,10.2056,20372
0.183107,9.80397,20373
0.245957,10.1973,20374
0.186147,9.80343,20375
0.228068,10.1851,20376
0.164259,9.8104,20377
0.236645,10.2012,20378
0.193668,9.8138,20379
0.216964,10.1793,20380
0.170307,9.80736,20381
0.247525,10.1959,20382
0.187748,9.80388,20383
0.226276,10.2274,20384
0.179844,9.78768,20385
0.19706,10.1696,20386
0.171108,9.81101,20387
0.235013,10.2267,20388
0.172451,9.77338,20389
0.233573,10.2021,20390
0.176483,9.80164,20391
0.236933,10.2491,20392
0.174692,9.7512,20393
0.207333,10.1852,20394
0.184644,9.8096,20395
0.227044,10.234,20396
0.174979,9.76835,20397
0.243205,10.2032,20398
0.186884,9.79943,20399
0.182499,10.2024,20400
0.194372,9.80151,20401
0.236741,10.1963,20402
0.170883,9.8137,20403
0.183172,10.1999,20404
0.17098,9.78327,20405
0.2185,10.1976,20406
0.17514,9.81635,20407
0.226213,10.1916,20408
0.163427,9.8072,20409
0.213828,10.1899,20410
0.170307,9.81383,20411
0.231173,10.218,20412
0.177283,9.76509,20413
0.207108,10.1878,20414
0.174915,9.83108,20415
0.213092,10.1814,20416
0.175972,9.80189,20417
0.236644,10.2075,20418
0.17722,9.79623,20419
0.236741,10.2255,20420
0.181123,9.77828,20421
0.20106,10.1761,20422
0.169412,9.81485,20423
0.230948,10.2054,20424
0.183812,9.79792,20425
0.200484,10.1849,20426
0.156452,9.80851,20427
0.236996,10.1954,20428
0.17482,9.81475,20429
0.231908,10.2438,20430
0.185316,9.75827,20431
0.238213,10.1933,20432
0.167619,9.80125,20433
0.233604,10.1877,20434
0.190404,9.81943,20435
0.194916,10.183,20436
0.184035,9.80445,20437
0.224549,10.2591,20438
0.186179,9.75562,20439
0.208612,10.1765,20440
0.1905,9.80976,20441
0.233957,10.2009,20442
0.191844,9.80704,20443
0.222693,10.2048,20444
0.180259,9.80452,20445
0.210404,10.1872,20446
0.169092,9.81181,20447
0.200868,10.1708,20448
0.190788,9.83364,20449
0.199268,10.1689,20450
0.171491,9.82519,20451
0.239333,10.1898,20452
0.18394,9.7976,20453
0.207492,10.186,20454
0.181539,9.816,20455
0.235365,10.195,20456
0.174467,9.80583,20457
0.239429,10.1956,20458
0.181636,9.79885,20459
0.223941,10.203,20460
0.198436,9.8048,20461
0.254149,10.1973,20462
0.168164,9.79226,20463
0.234596,10.2062,20464
0.176452,9.79607,20465
0.218693,10.2067,20466
0.167875,9.78992,20467
0.198916,10.2511,20468
0.154115,9.75245,20469
0.222916,10.1956,20470
0.157187,9.80083,20471
0.225893,10.2004,20472
0.178403,9.81175,20473
0.233765,10.2043,20474
0.195108,9.79261,20475
0.216229,10.2373,20476
0.171427,9.75757,20477
0.235684,10.2143,20478
0.171683,9.78973,20479
0.243877,10.1955,20480
0.166916,9.80461,20481
0.231429,10.2239,20482
0.190596,9.77629,20483
0.238405,10.1967,20484
0.186147,9.80295,20485
0.229349,10.2261,20486
0.160451,9.77712,20487
0.234789,10.198,20488
0.182851,9.80048,20489
0.230341,10.2283,20490
0.179492,9.78346,20491
0.245605,10.1951,20492
0.193636,9.79773,20493
0.224292,10.193,20494
0.1801,9.79859,20495
0.216676,10.2387,20496
0.161091,9.75632,20497
0.210628,10.1918,20498
0.197636,9.82938,20499
0.204036,10.1821,20500
0.185348,9.82023,20501
0.216804,10.1954,20502
0.195428,9.79747,20503
0.220164,10.246,20504
0.176963,9.74999,20505
0.207556,10.1856,20506
0.163843,9.8208,20507
0.194436,10.1732,20508
0.177188,9.82471,20509
0.241893,10.1969,20510
0.190084,9.80183,20511
0.20154,10.1934,20512
0.178244,9.8016,20513
0.224389,10.2173,20514
0.178307,9.78285,20515
0.211812,10.1835,20516
0.167267,9.82356,20517
0.23274,10.2508,20518
0.183716,9.74397,20519
0.228228,10.1965,20520
0.171907,9.80804,20521
0.21274,10.1785,20522
0.160228,9.80832,20523
0.242789,10.1984,20524
0.180579,9.80016,20525
0.424392,9.98916,20526
0.190404,10.0151,20527
0.206148,10.1884,20528
0.164515,9.81239,20529
0.2233,10.1931,20530
0.186052,9.80707,20531
0.186116,10.2026,20532
0.190116,9.80768,20533
0.235589,10.2195,20534
0.183972,9.76967,20535
0.207268,10.1847,20536
0.172804,9.82032,20537
0.226948,10.192,20538
0.183684,9.80263,20539
0.226372,10.1972,20540
0.186179,9.80519,20541
0.226629,10.2023,20542
0.175203,9.80068,20543
0.21578,10.261,20544
0.168131,9.73216,20545
0.216773,10.1962,20546
0.170756,9.80512,20547
0.228613,10.1844,20548
0.17114,9.81661,20549
0.223076,10.1987,20550
0.188931,9.79927,20551
0.239589,10.1965,20552
0.187876,9.82138,20553
0.199684,10.1665,20554
0.173604,9.83069,20555
0.202404,10.1814,20556
0.17034,9.80192,20557
0.238597,10.2146,20558
0.180899,9.79008,20559
0.224101,10.2074,20560
0.167651,9.78368,20561
0.215397,10.207,20562
0.19722,9.80186,20563
0.209636,10.1978,20564
0.174308,9.79843,20565
0.201028,10.1892,20566
0.168356,9.812,20567
0.233764,10.2254,20568
0.190692,9.78819,20569
0.219236,10.1779,20570
0.187908,9.80519,20571
0.213061,10.1981,20572
0.187588,9.80557,20573
0.211173,10.1872,20574
0.19642,9.82106,20575
0.213508,10.1778,20576
0.180356,9.81139,20577
0.195844,10.1906,20578
0.163075,9.8089,20579
0.248485,10.2026,20580
0.182724,9.81047,20581
0.220228,10.1925,20582
0.174404,9.80535,20583
0.21322,10.1888,20584
0.168132,9.79859,20585
0.196868,10.2159,20586
0.155011,9.78247,20587
0.244037,10.2327,20588
0.185827,9.77527,20589
0.234629,10.1984,20590
0.188739,9.8056,20591
0.232389,10.1854,20592
0.175364,9.81751,20593
0.226949,10.1911,20594
0.19194,9.79981,20595
0.201444,10.223,20596
0.168227,9.77933,20597
0.154883,9.98359,20598
0.196228,10.0069,20599
0.223781,10.2068,20600
0.176515,9.81338,20601
0.221829,10.1817,20602
0.19466,9.81405,20603
0.213476,10.1758,20604
0.181572,9.81664,20605
0.210724,10.197,20606
0.171075,9.79786,20607
0.212996,10.2036,20608
0.177475,9.80125,20609
0.248261,10.2054,20610
0.178532,9.79789,20611
0.214084,10.1937,20612
0.190596,9.80442,20613
0.263845,10.1952,20614
0.174563,9.80864,20615
0.212388,10.1929,20616
0.168387,9.79789,20617
0.211204,10.2023,20618
0.176259,9.80471,20619
0.228772,10.1779,20620
0.181348,9.81527,20621
0.215652,10.2055,20622
0.168516,9.80631,20623
0.213764,10.2262,20624
0.185316,9.7648,20625
0.203908,10.1856,20626
0.179171,9.8193,20627
0.22682,10.1991,20628
0.173156,9.79952,20629
0.221637,10.1947,20630
0.198212,9.80922,20631
0.200612,10.1894,20632
0.187012,9.80365,20633
0.22506,10.1929,20634
0.182083,9.80579,20635
0.190916,10.191,20636
0.154531,9.8017,20637
0.205092,10.197,20638
0.1801,9.81111,20639
0.222629,10.2101,20640
0.190724,9.79178,20641
0.234724,10.1763,20642
0.180996,9.8264,20643
0.234404,10.1954,20644
0.170147,9.80016,20645
0.187268,10.1782,20646
0.167331,9.83664,20647
0.18858,10.2154,20648
0.154147,9.76675,20649
0.237733,10.2091,20650
0.190628,9.81053,20651
0.240837,10.1783,20652
0.178115,9.80691,20653
0.197892,10.2114,20654
0.169091,9.78019,20655
0.198212,10.1897,20656
0.17098,9.81101,20657
0.199204,10.1927,20658
0.153891,9.80727,20659
0.200292,10.1866,20660
0.193188,9.82154,20661
0.2177,10.1965,20662
0.156195,9.79559,20663
0.216613,10.2339,20664
0.177892,9.78928,20665
0.221605,10.1818,20666
0.169668,9.79597,20667
0.222469,10.2029,20668
0.169604,9.80128,20669
0.232453,10.2062,20670
0.165667,9.79536,20671
0.222084,10.1969,20672
0.195012,9.79907,20673
0.198564,10.2002,20674
0.173923,9.82234,20675
0.222853,10.1808,20676
0.18602,9.79866,20677
0.199716,10.1876,20678
0.162403,9.80573,20679
0.199844,10.1932,20680
0.172163,9.81475,20681
0.20282,10.2076,20682
0.177539,9.78883,20683
0.214468,10.2029,20684
0.167588,9.79555,20685
0.21994,10.2386,20686
0.164612,9.76144,20687
0.207044,10.2551,20688
0.172195,9.75798,20689
0.232676,10.1855,20690
0.168836,9.82016,20691
0.220708,10.1998,20692
0.187651,9.78851,20693
0.23946,10.2006,20694
0.191908,9.80688,20695
0.233509,10.1981,20696
0.161571,9.7897,20697
0.240997,10.1991,20698
0.179491,9.80042,20699
0.239973,10.2118,20700
0.194116,9.79267,20701
0.231173,10.2415,20702
0.178852,9.75802,20703
0.20346,10.1848,20704
0.168355,9.80887,20705
0.225092,10.1957,20706
0.158595,9.80499,20707
0.251877,10.217,20708
0.168963,9.79319,20709
0.224805,10.1848,20710
0.181956,9.81914,20711
0.217636,10.192,20712
0.168868,9.79907,20713
0.226116,10.2607,20714
0.179108,9.73392,20715
0.213797,10.1937,20716
0.156067,9.80595,20717
0.230949,10.2096,20718
0.185796,9.79469,20719
0.234277,10.1962,20720
0.186276,9.82227,20721
0.236517,10.2188,20722
0.178244,9.76608,20723
0.194468,10.1855,20724
0.180292,9.81261,20725
0.218372,10.2022,20726
0.165923,9.79024,20727
0.212612,10.2696,20728
0.157315,9.73408,20729
0.214148,10.1984,20730
0.163844,9.80538,20731
0.195716,10.2188,20732
0.173539,9.7809,20733
0.224164,10.1961,20734
0.171716,9.80301,20735
0.210596,10.2294,20736
0.167652,9.76739,20737
0.218948,10.2284,20738
0.170596,9.79395,20739
0.233989,10.192,20740
0.168067,9.80448,20741
0.223525,10.1818,20742
0.181283,9.80352,20743
0.235428,10.1998,20744
0.173219,9.7993,20745
0.227749,10.2041,20746
0.171044,9.79603,20747
0.197924,10.1897,20748
0.160515,9.80762,20749
0.193828,10.1999,20750
0.176484,9.80973,20751
0.211812,10.199,20752
0.170084,9.78979,20753
0.210276,10.2329,20754
0.178915,9.78096,20755
0.217924,10.1947,20756
0.170724,9.80166,20757
0.241252,10.2154,20758
0.183619,9.79626,20759
0.214884,10.1798,20760
0.18458,9.81559,20761
0.214436,10.187,20762
0.166244,9.80403,20763
0.207172,10.2121,20764
0.159588,9.77824,20765
0.22202,10.2064,20766
0.178243,9.79667,20767
0.210725,10.2246,20768
0.164484,9.78435,20769
0.211972,10.1807,20770
0.162307,9.82723,20771
0.197923,10.1738,20772
0.173252,9.82775,20773
0.219908,10.2121,20774
0.164931,9.78013,20775
0.212836,10.203,20776
0.178019,9.79699,20777
0.2105,10.1812,20778
0.159683,9.81194,20779
0.200836,10.2146,20780
0.165955,9.80154,20781
0.198468,10.2014,20782
0.170243,9.77869,20783
0.239141,10.2004,20784
0.187556,9.81319,20785
0.240773,10.2241,20786
0.172771,9.76029,20787
0.236261,10.2036,20788
0.178531,9.80707,20789
0.216612,10.1963,20790
0.171107,9.80199,20791
0.223364,10.195,20792
0.172163,9.80397,20793
0.219204,10.1888,20794
0.172419,9.82275,20795
0.232484,10.1796,20796
0.19626,9.80448,20797
0.20666,10.2077,20798
0.167715,9.80835,20799
0.232516,10.1921,20800
0.195076,9.79226,20801
0.218724,10.2121,20802
0.158307,9.7936,20803
0.228836,10.2059,20804
0.193412,9.78944,20805
0.203812,10.2141,20806
0.157155,9.78378,20807
0.237957,10.2042,20808
0.175812,9.81267,20809
0.215076,10.1973,20810
0.183332,9.80672,20811
0.212741,10.1836,20812
0.17642,9.81581,20813
0.233669,10.1762,20814
0.170883,9.81514,20815
0.210628,10.1782,20816
0.180579,9.80941,20817
0.230917,10.1998,20818
0.179267,9.80291,20819
0.236644,10.2285,20820
0.183459,9.77357,20821
0.218692,10.1969,20822
0.173604,9.80035,20823
0.201572,10.1964,20824
0.17994,9.80413,20825
0.2201,10.2619,20826
0.170372,9.74256,20827
0.19034,10.1734,20828
0.170436,9.82701,20829
0.205733,10.1854,20830
0.161571,9.8073,20831
0.21594,10.2072,20832
0.178468,9.79427,20833
0.2273,10.201,20834
0.172131,9.80045,20835
0.227364,10.2067,20836
0.171875,9.79462,20837
0.208324,10.1844,20838
0.184644,9.82019,20839
0.222245,10.2019,20840
0.191076,9.80989,20841
0.185764,10.1774,20842
0.184355,9.80163,20843
0.228837,10.1989,20844
0.171843,9.80067,20845
0.214533,10.217,20846
0.157283,9.78266,20847
0.214276,10.245,20848
0.187491,9.7695,20849
0.210852,10.1793,20850
0.186179,9.81997,20851
0.232709,10.2169,20852
0.175779,9.77504,20853
0.195363,10.1838,20854
0.163459,9.80701,20855
0.229253,10.2305,20856
0.176771,9.79415,20857
0.2321,10.1834,20858
0.178564,9.79866,20859
0.234116,10.2467,20860
0.168292,9.75811,20861
0.22506,10.2181,20862
0.182468,9.77443,20863
0.232261,10.2379,20864
0.184324,9.77018,20865
0.19578,10.1814,20866
0.181284,9.81344,20867
0.21002,10.1964,20868
0.178308,9.81968,20869
0.243205,10.1898,20870
0.191236,9.81296,20871
0.211332,10.1709,20872
0.158275,9.80995,20873
0.223236,10.2421,20874
0.185732,9.76765,20875
0.237541,10.1949,20876
0.170595,9.80314,20877
0.229093,10.2009,20878
0.186019,9.80061,20879
0.259365,10.1949,20880
0.176068,9.79354,20881
0.216868,10.2048,20882
0.17386,9.79875,20883
0.227749,10.223,20884
0.181731,9.79357,20885
0.241765,10.2129,20886
0.181667,9.77315,20887
0.197188,10.1939,20888
0.162083,9.81629,20889
0.215908,10.1942,20890
0.188388,9.79059,20891
0.210981,10.216,20892
0.178244,9.78944,20893
0.228612,10.2009,20894
0.182787,9.80022,20895
0.22666,10.2109,20896
0.177636,9.79219,20897
0.228676,10.2003,20898
0.183331,9.80659,20899
0.239589,10.19,20900
0.184836,9.80195,20901
0.22154,10.1961,20902
0.188579,9.80576,20903
0.214788,10.1819,20904
0.163075,9.81043,20905
0.226948,10.2002,20906
0.177507,9.81168,20907
0.209188,10.1762,20908
0.171972,9.81882,20909
0.225412,10.1887,20910
0.180003,9.82058,20911
0.203364,10.1744,20912
0.17514,9.80598,20913
0.237796,10.204,20914
0.181635,9.79971,20915
0.235301,10.2062,20916
0.169252,9.79907,20917
0.256197,10.1995,20918
0.170627,9.79757,20919
0.236452,10.2066,20920
0.161219,9.7856,20921
0.18602,10.2156,20922
0.179492,9.80579,20923
0.223397,10.1869,20924
0.170532,9.8016,20925
0.205476,10.1883,20926
0.174467,9.8063,20927
0.218597,10.2004,20928
0.169988,9.81398,20929
0.233701,10.2167,20930
0.182051,9.77974,20931
0.2249,10.223,20932
0.166819,9.76512,20933
0.231109,10.2135,20934
0.186596,9.8048,20935
0.221636,10.2193,20936
0.163267,9.7639,20937
0.220133,10.2706,20938
0.173731,9.73248,20939
0.205957,10.2014,20940
0.166596,9.8007,20941
0.237444,10.2404,20942
0.168483,9.7543,20943
0.23546,10.2038,20944
0.180292,9.8008,20945
0.228965,10.2239,20946
0.157091,9.77274,20947
0.23226,10.2064,20948
0.182756,9.80282,20949
0.20634,10.1842,20950
0.173699,9.82022,20951
0.205508,10.1798,20952
0.173892,9.8097,20953
0.199396,10.1849,20954
0.165283,9.82435,20955
0.228068,10.2079,20956
0.180835,9.78902,20957
0.211716,10.18,20958
0.184676,9.82794,20959
0.196708,10.1771,20960
0.178084,9.81258,20961
0.233573,10.2004,20962
0.188676,9.80816,20963
0.220517,10.181,20964
0.188419,9.81831,20965
0.231141,10.1906,20966
0.176803,9.80173,20967
0.199812,10.2094,20968
0.167396,9.78083,20969
0.217988,10.206,20970
0.179684,9.80579,20971
0.221412,10.2062,20972
0.17674,9.78201,20973
0.232037,10.215,20974
0.161699,9.79306,20975
0.2121,10.2079,20976
0.166787,9.79181,20977
0.196292,10.1802,20978
0.157891,9.82003,20979
0.210756,10.1814,20980
0.179715,9.81901,20981
0.200772,10.1827,20982
0.18714,9.80845,20983
0.215492,10.2161,20984
0.205284,9.8032,20985
0.247589,10.2018,20986
0.18298,9.78115,20987
0.210501,10.2165,20988
0.175075,9.79907,20989
0.228197,10.1915,20990
0.178596,9.80118,20991
0.209956,10.2418,20992
0.169828,9.75401,20993
0.228997,10.1907,20994
0.168868,9.80534,20995
0.219333,10.2,20996
0.172099,9.80848,20997
0.203492,10.1893,20998
0.189988,9.8201,20999
0.202276,10.2,21000
0.185891,9.78301,21001
0.212804,10.1942,21002
0.178243,9.80928,21003
0.207236,10.178,21004
0.171491,9.8192,21005
0.190499,10.1853,21006
0.179652,9.82477,21007
0.239365,10.1822,21008
0.18346,9.82294,21009
0.249477,10.1897,21010
0.177955,9.81005,21011
0.232388,10.2212,21012
0.182532,9.76617,21013
0.208292,10.19,21014
0.181827,9.81597,21015
0.225637,10.1917,21016
0.169603,9.81382,21017
0.20474,10.175,21018
0.154499,9.80438,21019
0.213156,10.2215,21020
0.193476,9.80102,21021
0.236036,10.1852,21022
0.177411,9.80755,21023
0.238052,10.2003,21024
0.171203,9.79277,21025
0.200035,10.1874,21026
0.159491,9.80365,21027
0.236165,10.2139,21028
0.172035,9.79686,21029
0.210308,10.1869,21030
0.165923,9.80432,21031
0.215781,10.1713,21032
0.191012,9.8472,21033
0.231332,10.2079,21034
0.176964,9.7775,21035
0.204708,10.2137,21036
0.179491,9.80214,21037
0.232645,10.1947,21038
0.17018,9.7919,21039
0.230757,10.2005,21040
0.167876,9.79638,21041
0.202628,10.1849,21042
0.179907,9.81635,21043
0.192164,10.1867,21044
0.170595,9.81907,21045
0.221092,10.1967,21046
0.19242,9.80435,21047
0.201284,10.1791,21048
0.171459,9.82637,21049
0.225573,10.2549,21050
0.18554,9.75024,21051
0.258629,10.1917,21052
0.177252,9.79776,21053
0.21514,10.2252,21054
0.164419,9.76624,21055
0.231396,10.196,21056
0.18666,9.81296,21057
0.20618,10.1901,21058
0.176931,9.81853,21059
0.239044,10.2048,21060
0.182179,9.78829,21061
0.21242,10.2047,21062
0.175395,9.79142,21063
0.242917,10.1915,21064
0.175267,9.80438,21065
0.187524,10.1926,21066
0.19386,9.82131,21067
0.206052,10.1734,21068
0.161091,9.82346,21069
0.211461,10.1744,21070
0.178724,9.82934,21071
0.230085,10.2076,21072
0.172452,9.79389,21073
0.24042,10.1806,21074
0.17802,9.80707,21075
0.244197,10.2032,21076
0.183012,9.80006,21077
0.219396,10.2349,21078
0.18618,9.76541,21079
0.200164,10.1822,21080
0.187492,9.81517,21081
0.239269,10.2015,21082
0.1841,9.79354,21083
0.213444,10.2134,21084
0.175427,9.80384,21085
0.233829,10.2265,21086
0.188932,9.77347,21087
0.208324,10.1708,21088
0.17306,9.81312,21089
0.232612,10.2051,21090
0.188196,9.81155,21091
0.224005,10.1823,21092
0.182819,9.80438,21093
0.219684,10.2285,21094
0.156035,9.76281,21095
0.239173,10.2285,21096
0.182244,9.77539,21097
0.210916,10.1914,21098
0.170627,9.82182,21099
0.42932,9.9737,21100
0.170724,10.0109,21101
0.210852,10.1893,21102
0.171748,9.82502,21103
0.202916,10.1889,21104
0.173571,9.80128,21105
0.213796,10.1821,21106
0.171715,9.82816,21107
0.224676,10.186,21108
0.182916,9.80009,21109
0.198468,10.1868,21110
0.188483,9.81264,21111
0.2001,10.2141,21112
0.181924,9.78521,21113
0.190276,10.1794,21114
0.175843,9.82483,21115
0.226437,10.2087,21116
0.195204,9.79475,21117
0.204932,10.1894,21118
0.177187,9.81757,21119
0.244357,10.1958,21120
0.173251,9.79136,21121
0.228517,10.2052,21122
0.180451,9.79753,21123
0.229573,10.2592,21124
0.200292,9.74032,21125
0.205284,10.1944,21126
0.171267,9.80099,21127
0.237125,10.2044,21128
0.186723,9.80141,21129
0.233189,10.2008,21130
0.173668,9.79789,21131
0.230244,10.2014,21132
0.175843,9.79472,21133
0.2057,10.1923,21134
0.167907,9.80502,21135
0.21562,10.1993,21136
0.174308,9.80739,21137
0.208068,10.1928,21138
0.175908,9.81987,21139
0.222852,10.2174,21140
0.162403,9.76915,21141
0.218341,10.227,21142
0.178724,9.77328,21143
0.239364,10.2019,21144
0.170083,9.79462,21145
0.238757,10.2355,21146
0.170819,9.77507,21147
0.215493,10.2101,21148
0.17082,9.78605,21149
0.194276,10.2322,21150
0.152515,9.75846,21151
0.180451,10.1832,21152
0.172611,9.81846,21153
0.20234,10.1931,21154
0.171172,9.81225,21155
0.208036,10.1614,21156
0.164099,9.84371,21157
0.21626,10.2083,21158
0.177283,9.79059,21159
0.211076,10.1637,21160
0.172259,9.83744,21161
0.209668,10.2174,21162
0.180132,9.78755,21163
0.238245,10.1899,21164
0.168611,9.79558,21165
0.215524,10.1948,21166
0.189539,9.81568,21167
0.207748,10.2008,21168
0.158659,9.788,21169
0.21242,10.2024,21170
0.173027,9.80025,21171
0.220484,10.2353,21172
0.18202,9.76797,21173
0.254213,10.2333,21174
0.17738,9.76601,21175
0.204132,10.2128,21176
0.192259,9.78419,21177
0.234277,10.2109,21178
0.186116,9.79171,21179
0.218404,10.1991,21180
0.179715,9.79257,21181
0.241157,10.1989,21182
0.1985,9.80842,21183
0.214468,10.1868,21184
0.16442,9.80672,21185
0.218244,10.2044,21186
0.173732,9.79881,21187
0.214276,10.2302,21188
0.183363,9.77737,21189
0.216804,10.1885,21190
0.170595,9.80432,21191
0.208292,10.1708,21192
0.191876,9.83408,21193
0.231108,10.2048,21194
0.179076,9.79772,21195
0.218148,10.1941,21196
0.172676,9.79712,21197
0.232229,10.2112,21198
0.160963,9.78579,21199
0.217476,10.203,21200
0.181667,9.7999,21201
0.214148,10.2066,21202
0.174276,9.79757,21203
0.254597,10.2658,21204
0.184003,9.74627,21205
0.238052,10.2202,21206
0.168291,9.76464,21207
0.227237,10.1987,21208
0.176068,9.81942,21209
0.230308,10.1826,21210
0.179747,9.81917,21211
0.233637,10.2102,21212
0.167619,9.77206,21213
0.232036,10.2277,21214
0.171075,9.78147,21215
0.223333,10.1861,21216
0.169411,9.812,21217
0.23178,10.1948,21218
0.162467,9.79475,21219
0.227812,10.2139,21220
0.178019,9.79264,21221
0.250213,10.1956,21222
0.195716,9.80477,21223
0.225828,10.2212,21224
0.170467,9.77824,21225
0.227524,10.1977,21226
0.166755,9.79459,21227
0.223172,10.2013,21228
0.174179,9.81997,21229
0.20714,10.1694,21230
0.174947,9.8143,21231
0.209252,10.2228,21232
0.177539,9.77341,21233
0.22858,10.2135,21234
0.185892,9.79123,21235
0.248517,10.2029,21236
0.167331,9.80073,21237
0.215044,10.1781,21238
0.177796,9.83299,21239
0.245125,10.2149,21240
0.180068,9.77024,21241
0.235909,10.2308,21242
0.187332,9.77622,21243
0.235461,10.1986,21244
0.185699,9.80134,21245
0.233829,10.1982,21246
0.19498,9.79069,21247
0.200228,10.2062,21248
0.160611,9.80736,21249
0.242116,10.1873,21250
0.181284,9.80659,21251
0.247397,10.197,21252
0.170532,9.79245,21253
0.250405,10.2062,21254
0.170979,9.81286,21255
0.228772,10.2084,21256
0.182756,9.78201,21257
0.23178,10.2076,21258
0.185796,9.78768,21259
0.223908,10.2007,21260
0.178787,9.80265,21261
0.248901,10.2281,21262
0.168131,9.77324,21263
0.2249,10.2317,21264
0.185284,9.76598,21265
0.252708,10.1984,21266
0.181828,9.80336,21267
0.211556,10.1858,21268
0.171843,9.80697,21269
0.220356,10.2108,21270
0.183331,9.79507,21271
0.216644,10.1951,21272
0.175972,9.80371,21273
0.20826,10.2055,21274
0.181284,9.7966,21275
0.236037,10.2256,21276
0.176899,9.77981,21277
0.204036,10.1785,21278
0.180323,9.81603,21279
0.20522,10.1873,21280
0.152003,9.80835,21281
0.242788,10.2034,21282
0.171812,9.79593,21283
0.238949,10.2281,21284
0.194627,9.776,21285
0.217668,10.1882,21286
0.188356,9.82582,21287
0.207716,10.1824,21288
0.190596,9.804,21289
0.210116,10.1921,21290
0.156451,9.80569,21291
0.228293,10.2306,21292
0.188036,9.78608,21293
0.237285,10.1876,21294
0.188131,9.81181,21295
0.238853,10.1872,21296
0.188419,9.81433,21297
0.20458,10.1849,21298
0.176964,9.80838,21299
0.244933,10.2194,21300
0.177347,9.77296,21301
0.254821,10.2075,21302
0.189796,9.79859,21303
0.235876,10.2001,21304
0.164867,9.80451,21305
0.209732,10.2358,21306
0.175459,9.75577,21307
0.201379,10.2093,21308
0.164996,9.788,21309
0.2129,10.1839,21310
0.154979,9.80636,21311
0.238405,10.2147,21312
0.175619,9.79116,21313
0.223492,10.2009,21314
0.179939,9.80105,21315
0.242084,10.197,21316
0.177827,9.80249,21317
0.190596,10.197,21318
0.151811,9.80086,21319
0.224901,10.2033,21320
0.170052,9.80486,21321
0.233476,10.2672,21322
0.18058,9.73299,21323
0.207556,10.2104,21324
0.156707,9.78403,21325
0.22538,10.1969,21326
0.165411,9.796,21327
0.230244,10.2041,21328
0.165219,9.80012,21329
0.232869,10.1958,21330
0.173059,9.80816,21331
0.224741,10.2043,21332
0.162052,9.79926,21333
0.218276,10.1477,21334
0.180452,9.84736,21335
0.2057,10.2145,21336
0.181028,9.7942,21337
0.215076,10.1849,21338
0.164195,9.81955,21339
0.233764,10.1819,21340
0.176323,9.81763,21341
0.242116,10.1882,21342
0.160739,9.80105,21343
0.237573,10.1988,21344
0.182531,9.81017,21345
0.249029,10.2014,21346
0.1793,9.79145,21347
0.215332,10.1889,21348
0.164964,9.81971,21349
0.246085,10.1899,21350
0.183043,9.79763,21351
0.2289,10.2449,21352
0.171907,9.75696,21353
0.233892,10.2012,21354
0.169571,9.8,21355
0.238596,10.206,21356
0.193283,9.80169,21357
0.218532,10.1789,21358
0.159875,9.8056,21359
0.252517,10.2176,21360
0.179684,9.79219,21361
0.221125,10.174,21362
0.171075,9.81917,21363
0.234596,10.2109,21364
0.187715,9.79539,21365
0.252965,10.2282,21366
0.174115,9.77065,21367
0.201796,10.1853,21368
0.16714,9.8103,21369
0.222981,10.2055,21370
0.1905,9.80176,21371
0.215908,10.1811,21372
0.173187,9.81209,21373
0.226692,10.1971,21374
0.188932,9.81977,21375
0.246725,10.1946,21376
0.182819,9.79328,21377
0.212644,10.1837,21378
0.167683,9.80784,21379
0.234628,10.2088,21380
0.181923,9.79885,21381
0.236837,10.195,21382
0.184195,9.81891,21383
0.224964,10.2361,21384
0.184516,9.74675,21385
0.21834,10.2471,21386
0.17578,9.74979,21387
0.223012,10.2232,21388
0.180611,9.78057,21389
0.210916,10.1827,21390
0.180324,9.83264,21391
0.235461,10.1763,21392
0.162371,9.82044,21393
0.212484,10.1866,21394
0.161379,9.81369,21395
0.222532,10.1869,21396
0.18586,9.79801,21397
0.216132,10.192,21398
0.170435,9.80566,21399
0.260965,10.2041,21400
0.184292,9.8022,21401
0.477962,9.99526,21402
0.186275,10.0077,21403
0.232964,10.1999,21404
0.180707,9.791,21405
0.216548,10.2022,21406
0.179459,9.8055,21407
0.247941,10.2253,21408
0.164963,9.77251,21409
0.200676,10.1863,21410
0.181828,9.81033,21411
0.230084,10.1723,21412
0.168867,9.83408,21413
0.22746,10.1958,21414
0.17946,9.79814,21415
0.239301,10.2026,21416
0.181539,9.81357,21417
0.231876,10.1863,21418
0.178115,9.79811,21419
0.223652,10.1946,21420
0.178052,9.80489,21421
0.235301,10.199,21422
0.161251,9.80252,21423
0.199876,10.1894,21424
0.187683,9.82016,21425
0.218053,10.1925,21426
0.176387,9.79769,21427
0.236548,10.2368,21428
0.168836,9.76697,21429
0.231588,10.1851,21430
0.176227,9.82348,21431
0.211396,10.1857,21432
0.169571,9.80384,21433
0.246437,10.2027,21434
0.192163,9.80201,21435
0.208676,10.2066,21436
0.158883,9.78688,21437
0.215236,10.1921,21438
0.174148,9.80825,21439
0.21514,10.2086,21440
0.183523,9.79046,21441
0.231877,10.2142,21442
0.177828,9.78476,21443
0.243268,10.2303,21444
0.179523,9.77721,21445
0.232645,10.2257,21446
0.186724,9.77798,21447
0.227589,10.2018,21448
0.191171,9.79017,21449
0.206308,10.1876,21450
0.170051,9.80521,21451
0.22346,10.2068,21452
0.17018,9.80188,21453
0.202628,10.1877,21454
0.169507,9.82253,21455
0.228964,10.2256,21456
0.172355,9.77817,21457
0.205636,10.1722,21458
0.16538,9.80147,21459
0.231204,10.2192,21460
0.181988,9.79164,21461
0.237348,10.2268,21462
0.172163,9.78534,21463
0.217093,10.1784,21464
0.177155,9.81721,21465
0.2169,10.1887,21466
0.168004,9.79936,21467
0.251044,10.2085,21468
0.182275,9.79926,21469
0.204675,10.1798,21470
0.166499,9.81456,21471
0.218084,10.2334,21472
0.179363,9.76966,21473
0.236708,10.2029,21474
0.162563,9.79884,21475
0.221636,10.2284,21476
0.192836,9.78499,21477
0.244004,10.1872,21478
0.166723,9.80729,21479
0.215972,10.1901,21480
0.185828,9.79344,21481
0.208932,10.2105,21482
0.177699,9.79638,21483
0.249829,10.2,21484
0.161635,9.80166,21485
0.240677,10.2095,21486
0.187236,9.79779,21487
0.253861,10.1859,21488
0.166531,9.80556,21489
0.220164,10.1913,21490
0.178691,9.80563,21491
0.197732,10.1918,21492
0.185315,9.80841,21493
0.197924,10.1845,21494
0.188388,9.81689,21495
0.245316,10.2263,21496
0.181411,9.77535,21497
0.225765,10.2067,21498
0.169315,9.80217,21499
0.237573,10.1972,21500
0.1881,9.79187,21501
0.236773,10.2003,21502
0.19226,9.80083,21503
0.262757,10.2268,21504
0.179331,9.77449,21505
0.211908,10.1866,21506
0.163587,9.81155,21507
0.233636,10.207,21508
0.179619,9.78764,21509
0.206948,10.2198,21510
0.178179,9.77926,21511
0.254341,10.2081,21512
0.18906,9.79792,21513
0.223844,10.2193,21514
0.175427,9.7799,21515
0.210852,10.1868,21516
0.169123,9.81068,21517
0.226628,10.2124,21518
0.175011,9.78863,21519
0.211428,10.1973,21520
0.184068,9.82038,21521
0.22906,10.189,21522
0.183588,9.79939,21523
0.21274,10.1869,21524
0.176772,9.8135,21525
0.218052,10.2269,21526
0.173795,9.78361,21527
0.226692,10.1837,21528
0.176772,9.80016,21529
0.251844,10.1984,21530
0.177252,9.8032,21531
0.215812,10.1828,21532
0.179555,9.83008,21533
0.20298,10.175,21534
0.164259,9.80812,21535
0.21146,10.2031,21536
0.173508,9.79478,21537
0.227236,10.2056,21538
0.161379,9.79152,21539
0.238052,10.2061,21540
0.185636,9.79702,21541
0.208868,10.2092,21542
0.186019,9.81155,21543
0.236036,10.1967,21544
0.185028,9.78575,21545
0.237061,10.2143,21546
0.161091,9.79811,21547
0.223524,10.1893,21548
0.175556,9.79852,21549
0.2145,10.1915,21550
0.19466,9.80937,21551
0.236228,10.1996,21552
0.180867,9.80281,21553
0.210948,10.1889,21554
0.161252,9.80422,21555
0.2425,10.2043,21556
0.166052,9.79769,21557
0.235396,10.1965,21558
0.184067,9.80716,21559
0.227908,10.2024,21560
0.179108,9.79215,21561
0.190435,10.1999,21562
0.183203,9.82067,21563
0.247045,10.196,21564
0.171843,9.792,21565
0.230853,10.2063,21566
0.169635,9.79392,21567
0.217092,10.1939,21568
0.163427,9.81235,21569
0.238725,10.1935,21570
0.155043,9.79097,21571
0.211236,10.2038,21572
0.186083,9.80156,21573
0.21722,10.1952,21574
0.174947,9.80803,21575
0.228004,10.1922,21576
0.181155,9.80784,21577
0.202852,10.1801,21578
0.159395,9.80924,21579
0.205988,10.1987,21580
0.165315,9.82035,21581
0.238437,10.1894,21582
0.177603,9.81337,21583
0.237733,10.1898,21584
0.193923,9.79222,21585
0.229573,10.2735,21586
0.184548,9.74678,21587
0.227364,10.1908,21588
0.173283,9.787,21589
0.219396,10.2179,21590
0.177188,9.79292,21591
0.200419,10.2282,21592
0.171011,9.77807,21593
0.241253,10.2173,21594
0.178723,9.77382,21595
0.226084,10.2346,21596
0.163075,9.76335,21597
0.202532,10.18,21598
0.165123,9.81686,21599
0.218532,10.1953,21600
0.180803,9.81632,21601
0.204324,10.2382,21602
0.174787,9.74959,21603
0.22826,10.2021,21604
0.155266,9.79696,21605
0.208548,10.2066,21606
0.158563,9.79193,21607
0.23482,10.2675,21608
0.164163,9.73836,21609
0.233956,10.1762,21610
0.172868,9.82662,21611
0.2233,10.2254,21612
0.174435,9.77283,21613
0.231237,10.2365,21614
0.177411,9.76105,21615
0.242884,10.2275,21616
0.182115,9.79027,21617
0.233316,10.1877,21618
0.175171,9.79433,21619
0.223268,10.2325,21620
0.180899,9.76921,21621
0.247685,10.2351,21622
0.174084,9.76806,21623
0.224132,10.2004,21624
0.170115,9.79948,21625
0.22538,10.2132,21626
0.174115,9.80009,21627
0.21626,10.1904,21628
0.172995,9.79113,21629
0.219716,10.2729,21630
0.172739,9.72611,21631
0.237061,10.2039,21632
0.176004,9.81296,21633
0.231589,10.2196,21634
0.169859,9.7647,21635
0.243717,10.1963,21636
0.182339,9.81257,21637
0.205124,10.2456,21638
0.167075,9.74326,21639
0.231556,10.2117,21640
0.187139,9.79027,21641
0.240453,10.2034,21642
0.182531,9.81555,21643
0.223364,10.1861,21644
0.183396,9.80409,21645
0.241092,10.1938,21646
0.179491,9.81526,21647
0.233253,10.1913,21648
0.185092,9.79936,21649
0.231684,10.2086,21650
0.156131,9.79616,21651
0.2305,10.1961,21652
0.175971,9.80748,21653
0.234693,10.1957,21654
0.187236,9.79801,21655
0.207588,10.1871,21656
0.168739,9.8008,21657
0.241989,10.1979,21658
0.182723,9.82176,21659
0.226052,10.1869,21660
0.174403,9.79862,21661
0.213956,10.187,21662
0.166819,9.82278,21663
0.255077,10.1813,21664
0.173091,9.80844,21665
0.24186,10.1967,21666
0.186819,9.80979,21667
0.23322,10.2617,21668
0.173283,9.74233,21669
0.237861,10.1908,21670
0.204132,9.81363,21671
0.242116,10.1892,21672
0.176963,9.79769,21673
0.236357,10.1943,21674
0.187236,9.80329,21675
0.255845,10.2157,21676
0.186499,9.79324,21677
0.252836,10.1967,21678
0.190116,9.79356,21679
0.248325,10.2116,21680
0.172227,9.78416,21681
0.223108,10.2072,21682
0.173251,9.7982,21683
0.23338,10.1891,21684
0.1801,9.81228,21685
0.215428,10.1901,21686
0.176035,9.81276,21687
0.222533,10.2128,21688
0.169444,9.79459,21689
0.222628,10.2116,21690
0.191876,9.77804,21691
0.233732,10.214,21692
0.159171,9.79545,21693
0.220324,10.2147,21694
0.177443,9.77033,21695
0.236164,10.2109,21696
0.177028,9.79516,21697
0.236837,10.2013,21698
0.181124,9.79875,21699
0.211748,10.1934,21700
0.183875,9.80892,21701
0.187364,10.232,21702
0.187875,9.77027,21703
0.237668,10.1891,21704
0.18106,9.80927,21705
0.206244,10.1848,21706
0.178884,9.80902,21707
0.204772,10.1827,21708
0.17434,9.81657,21709
0.200739,10.2137,21710
0.163619,9.80143,21711
0.191076,10.1725,21712
0.168739,9.82518,21713
0.255013,10.1951,21714
0.174339,9.79878,21715
0.232484,10.1928,21716
0.17466,9.80764,21717
0.252453,10.2037,21718
0.172803,9.79337,21719
0.220548,10.1944,21720
0.191684,9.81763,21721
0.229156,10.183,21722
0.165379,9.80476,21723
0.225796,10.219,21724
0.162915,9.78307,21725
0.22874,10.2272,21726
0.178724,9.76812,21727
0.240645,10.2068,21728
0.190691,9.79443,21729
0.211716,10.1885,21730
0.162083,9.80444,21731
0.207716,10.2085,21732
0.180579,9.80137,21733
0.221092,10.232,21734
0.18538,9.77852,21735
0.218052,10.1805,21736
0.154435,9.81587,21737
0.224965,10.198,21738
0.169091,9.80092,21739
0.22842,10.1979,21740
0.181379,9.80463,21741
0.205412,10.174,21742
0.179268,9.82396,21743
0.213796,10.1872,21744
0.1865,9.81667,21745
0.247365,10.1868,21746
0.186915,9.80745,21747
0.239333,10.25,21748
0.177251,9.75526,21749
0.201348,10.2066,21750
0.188836,9.79379,21751
0.213796,10.1756,21752
0.161923,9.82108,21753
0.228612,10.1812,21754
0.182308,9.80787,21755
0.207556,10.2043,21756
0.1977,9.81196,21757
0.250244,10.1944,21758
0.177347,9.80057,21759
0.248069,10.199,21760
0.184131,9.78819,21761
0.208548,10.2198,21762
0.177828,9.78425,21763
0.223237,10.2149,21764
0.185348,9.77795,21765
0.250469,10.2044,21766
0.189635,9.80809,21767
0.23994,10.1989,21768
0.181155,9.79078,21769
0.217924,10.2006,21770
0.195108,9.81775,21771
0.212068,10.1963,21772
0.173092,9.78883,21773
0.207652,10.2077,21774
0.191843,9.7982,21775
0.247493,10.1965,21776
0.165955,9.7918,21777
0.224165,10.2017,21778
0.18378,9.81788,21779
0.20762,10.1778,21780
0.183396,9.8239,21781
0.236741,10.1963,21782
0.164867,9.79964,21783
0.233029,10.1877,21784
0.190659,9.80758,21785
0.228965,10.1906,21786
0.191684,9.80188,21787
0.238884,10.2245,21788
0.184899,9.77516,21789
0.21018,10.1908,21790
0.17354,9.80828,21791
0.232228,10.2085,21792
0.195203,9.80819,21793
0.226565,10.1782,21794
0.176548,9.80764,21795
0.233573,10.1975,21796
0.185571,9.79619,21797
0.235493,10.2019,21798
0.189315,9.80115,21799
0.205764,10.2129,21800
0.169315,9.78879,21801
0.200067,10.1857,21802
0.162116,9.81702,21803
0.231845,10.2285,21804
0.196036,9.77007,21805
0.212292,10.1874,21806
0.181188,9.82777,21807
0.231973,10.1845,21808
0.181251,9.80099,21809
0.218724,10.1956,21810
0.175075,9.80767,21811
0.192548,10.1994,21812
0.180931,9.81055,21813
0.260485,10.1927,21814
0.186692,9.79071,21815
0.205028,10.2243,21816
0.171971,9.77836,21817
0.238341,10.1994,21818
0.175811,9.80505,21819
0.214212,10.2438,21820
0.180803,9.75625,21821
0.232133,10.2065,21822
0.183587,9.80223,21823
0.244517,10.2102,21824
0.186147,9.79023,21825
0.2057,10.1706,21826
0.167555,9.81574,21827
0.233636,10.2246,21828
0.174211,9.78092,21829
0.200036,10.1829,21830
0.19034,9.82508,21831
0.217028,10.1825,21832
0.176739,9.80671,21833
0.235012,10.2088,21834
0.18058,9.78409,21835
0.245412,10.2067,21836
0.175332,9.80297,21837
0.244453,10.222,21838
0.17194,9.7863,21839
0.19578,10.2325,21840
0.187555,9.74918,21841
0.218084,10.19,21842
0.184099,9.81884,21843
0.240356,10.1978,21844
0.182179,9.81145,21845
0.21946,10.1801,21846
0.178148,9.80914,21847
0.200132,10.1728,21848
0.176227,9.82367,21849
0.199748,10.1831,21850
0.166339,9.82003,21851
0.408872,10.1387,21852
0.175683,9.85686,21853
0.200868,10.1914,21854
0.177539,9.82211,21855
0.224485,10.2234,21856
0.167363,9.75794,21857
0.227781,10.201,21858
0.183492,9.81929,21859
0.215044,10.1802,21860
0.176131,9.80479,21861
0.224196,10.1978,21862
0.166659,9.80047,21863
0.226756,10.1969,21864
0.182243,9.82003,21865
0.201763,10.1725,21866
0.155107,9.81622,21867
0.221188,10.1953,21868
0.175011,9.79702,21869
0.19658,10.1956,21870
0.184836,9.81551,21871
0.222916,10.1946,21872
0.180515,9.80617,21873
0.239045,10.1881,21874
0.175235,9.80563,21875
0.21818,10.2729,21876
0.167332,9.71884,21877
0.228037,10.2347,21878
0.161507,9.77017,21879
0.206628,10.1876,21880
0.180068,9.81382,21881
0.252005,10.2013,21882
0.157475,9.81027,21883
0.236517,10.1883,21884
0.184355,9.81273,21885
0.224996,10.2104,21886
0.168547,9.78175,21887
0.241444,10.2129,21888
0.185924,9.78998,21889
0.211684,10.1883,21890
0.186979,9.80706,21891
0.199523,10.1791,21892
0.18346,9.83427,21893
0.229221,10.1828,21894
0.188004,9.80217,21895
0.239589,10.2253,21896
0.158499,9.77167,21897
0.217604,10.1959,21898
0.183972,9.81004,21899
0.205444,10.174,21900
0.182435,9.82943,21901
0.238116,10.1618,21902
0.178883,9.8302,21903
0.207588,10.1851,21904
0.158115,9.81363,21905
0.22522,10.1996,21906
0.172163,9.80137,21907
0.205764,10.1952,21908
0.162371,9.80457,21909
0.22506,10.1965,21910
0.176483,9.81276,21911
0.224229,10.1939,21912
0.173091,9.81926,21913
0.214372,10.2194,21914
0.173123,9.76028,21915
0.23082,10.2009,21916
0.186852,9.79769,21917
0.231364,10.2035,21918
0.19146,9.79174,21919
0.206084,10.1908,21920
0.183267,9.82063,21921
0.235237,10.195,21922
0.1833,9.80431,21923
0.217732,10.1897,21924
0.161379,9.81715,21925
0.211556,10.2196,21926
0.170467,9.7653,21927
0.229092,10.2007,21928
0.180867,9.81235,21929
0.2105,10.1754,21930
0.179107,9.8214,21931
0.21098,10.1835,21932
0.167907,9.8039,21933
0.22346,10.2098,21934
0.18314,9.81298,21935
0.231653,10.1844,21936
0.177699,9.79465,21937
0.20394,10.2175,21938
0.167748,9.77862,21939
0.216196,10.2108,21940
0.183683,9.79631,21941
0.199908,10.1929,21942
0.158979,9.80566,21943
0.246917,10.2042,21944
0.163619,9.79414,21945
0.241669,10.2061,21946
0.193731,9.81411,21947
0.23194,10.1776,21948
0.180483,9.80723,21949
0.195812,10.2116,21950
0.185156,9.78636,21951
0.219812,10.2063,21952
0.17946,9.78783,21953
0.213892,10.2162,21954
0.173699,9.79734,21955
0.19946,10.1817,21956
0.177731,9.82499,21957
0.236996,10.1903,21958
0.162211,9.80931,21959
0.233925,10.1831,21960
0.172515,9.80239,21961
0.192388,10.2196,21962
0.182851,9.7807,21963
0.210372,10.1899,21964
0.188356,9.81846,21965
0.215972,10.268,21966
0.182659,9.7318,21967
0.247653,10.2042,21968
0.175491,9.79084,21969
0.216388,10.188,21970
0.157987,9.80697,21971
0.18714,10.1659,21972
0.183619,9.8374,21973
0.231716,10.1924,21974
0.170243,9.81148,21975
0.224036,10.2066,21976
0.1825,9.78492,21977
0.233316,10.2028,21978
0.185827,9.80099,21979
0.200324,10.1934,21980
0.156963,9.80367,21981
0.207011,10.1898,21982
0.170947,9.81174,21983
0.229765,10.2048,21984
0.195364,9.79558,21985
0.215812,10.2265,21986
0.176387,9.77106,21987
0.214597,10.1995,21988
0.177667,9.81167,21989
0.214276,10.1823,21990
0.169859,9.80287,21991
0.222756,10.2289,21992
0.178019,9.77724,21993
0.227749,10.1901,21994
0.182467,9.81567,21995
0.224516,10.2204,21996
0.174499,9.7837,21997
0.220388,10.1913,21998
0.180515,9.80118,21999
0.202052,10.23,22000
0.185699,9.76742,22001
0.201508,10.2146,22002
0.176259,9.78486,22003
0.434056,9.9912,22004
0.190052,10.017,22005
0.213956,10.1861,22006
0.173731,9.80969,22007
0.203524,10.2092,22008
0.171427,9.78278,22009
0.220388,10.2118,22010
0.180036,9.79961,22011
0.20426,10.1893,22012
0.174915,9.8062,22013
0.232612,10.2022,22014
0.176643,9.79497,22015
0.24266,10.1974,22016
0.173795,9.80486,22017
0.2297,10.1945,22018
0.168099,9.80716,22019
0.197955,10.1829,22020
0.187396,9.81273,22021
0.231364,10.1997,22022
0.165347,9.79874,22023
0.229508,10.1938,22024
0.168035,9.80834,22025
0.204804,10.1889,22026
0.163715,9.81161,22027
0.231236,10.2018,22028
0.17914,9.80169,22029
0.201604,10.1887,22030
0.17786,9.80879,22031
0.228644,10.2064,22032
0.1841,9.79295,22033
0.242117,10.2059,22034
0.175876,9.79641,22035
0.242981,10.2037,22036
0.174308,9.79529,22037
0.223588,10.1988,22038
0.184356,9.79532,22039
0.195204,10.2604,22040
0.179204,9.74428,22041
0.2193,10.1987,22042
0.156131,9.79468,22043
0.223716,10.2123,22044
0.178948,9.79279,22045
0.239589,10.2043,22046
0.163971,9.79967,22047
0.229061,10.2004,22048
0.181444,9.79663,22049
0.198468,10.1964,22050
0.174468,9.80223,22051
0.23194,10.2401,22052
0.172067,9.77762,22053
0.182275,10.1712,22054
0.170467,9.81561,22055
0.229988,10.2106,22056
0.160099,9.79074,22057
0.22458,10.2233,22058
0.179235,9.77964,22059
0.195139,10.212,22060
0.165603,9.77878,22061
0.212708,10.2697,22062
0.162563,9.73509,22063
0.227044,10.2044,22064
0.181443,9.79538,22065
0.204324,10.1914,22066
0.187715,9.81327,22067
0.232484,10.2012,22068
0.176355,9.79385,22069
0.2065,10.2085,22070
0.171523,9.79618,22071
0.231204,10.262,22072
0.160227,9.72917,22073
0.22026,10.2044,22074
0.178595,9.79913,22075
0.233156,10.203,22076
0.174723,9.79535,22077
0.230884,10.1975,22078
0.172483,9.79855,22079
0.201507,10.2045,22080
0.158851,9.79929,22081
0.216709,10.1903,22082
0.167395,9.80262,22083
0.216516,10.201,22084
0.187875,9.80946,22085
0.21162,10.1914,22086
0.160227,9.80092,22087
0.184515,10.1885,22088
0.172739,9.81058,22089
0.213796,10.2115,22090
0.170244,9.79564,22091
0.219269,10.1968,22092
0.185476,9.8031,22093
0.227108,10.2074,22094
0.181187,9.80002,22095
0.20266,10.1798,22096
0.173987,9.82959,22097
0.223364,10.1755,22098
0.167331,9.80406,22099
0.199044,10.1931,22100
0.15421,9.81183,22101
0.23338,10.198,22102
0.177412,9.80047,22103
0.194052,10.2102,22104
0.159971,9.78482,22105
0.215748,10.1876,22106
0.159203,9.81145,22107
0.225604,10.1916,22108
0.160483,9.82284,22109
0.227652,10.1845,22110
0.181731,9.8013,22111
0.209028,10.1898,22112
0.172067,9.81161,22113
0.220676,10.1945,22114
0.180483,9.80639,22115
0.23242,10.2045,22116
0.181059,9.8015,22117
0.234884,10.1963,22118
0.180228,9.80018,22119
0.209956,10.1932,22120
0.181091,9.81174,22121
0.221284,10.1918,22122
0.159043,9.79926,22123
0.235172,10.2024,22124
0.171427,9.80412,22125
0.193763,10.1788,22126
0.155459,9.81622,22127
0.223364,10.2028,22128
0.176676,9.79993,22129
0.203204,10.1877,22130
0.166371,9.80873,22131
0.223876,10.2335,22132
0.178211,9.76818,22133
0.210532,10.2048,22134
0.168643,9.78908,22135
0.227876,10.2208,22136
0.183427,9.78914,22137
0.225444,10.1921,22138
0.176643,9.80364,22139
0.208708,10.2168,22140
0.160771,9.78486,22141
0.228868,10.1899,22142
0.158467,9.80962,22143
0.229988,10.1983,22144
0.170628,9.80185,22145
0.242789,10.2328,22146
0.174211,9.77183,22147
0.21674,10.1966,22148
0.177571,9.80198,22149
0.211748,10.2144,22150
0.154563,9.77999,22151
0.185988,10.1939,22152
0.183619,9.81145,22153
0.228548,10.2077,22154
0.167044,9.78428,22155
0.200355,10.1988,22156
0.171683,9.80322,22157
0.240708,10.2747,22158
0.188516,9.74633,22159
0.205412,10.1809,22160
0.166691,9.80546,22161
0.216676,10.2223,22162
0.156643,9.77311,22163
0.238884,10.192,22164
0.160163,9.80748,22165
0.2121,10.2213,22166
0.193955,9.79772,22167
0.242212,10.1919,22168
0.172931,9.79142,22169
0.203332,10.1941,22170
0.173283,9.79794,22171
0.200963,10.1996,22172
0.181252,9.81042,22173
0.214724,10.2181,22174
0.179267,9.77618,22175
0.192644,10.2216,22176
0.188132,9.77532,22177
0.248165,10.1993,22178
0.180612,9.80722,22179
0.200708,10.1982,22180
0.157443,9.80242,22181
0.244485,10.2137,22182
0.164547,9.78002,22183
0.240164,10.2076,22184
0.19546,9.79586,22185
0.222628,10.202,22186
0.174211,9.80098,22187
0.225476,10.1965,22188
0.18314,9.80476,22189
0.225764,10.2249,22190
0.17034,9.77301,22191
0.191075,10.1993,22192
0.181155,9.80815,22193
0.232772,10.1945,22194
0.176003,9.81394,22195
0.2225,10.1694,22196
0.172035,9.81119,22197
0.22074,10.2267,22198
0.171492,9.77369,22199
0.22922,10.2006,22200
0.153091,9.80601,22201
0.229284,10.1913,22202
0.180259,9.80655,22203
0.246917,10.2069,22204
0.170755,9.79615,22205
0.217604,10.2083,22206
0.170659,9.77791,22207
0.20634,10.2102,22208
0.169699,9.81103,22209
0.221956,10.1972,22210
0.188675,9.79237,22211
0.22346,10.2007,22212
0.170691,9.79948,22213
0.197188,10.1852,22214
0.183076,9.80934,22215
0.1969,10.1938,22216
0.173347,9.82463,22217
0.191715,10.1673,22218
0.179075,9.82284,22219
0.233829,10.2051,22220
0.174627,9.78975,22221
0.231588,10.2079,22222
0.166115,9.79138,22223
0.233701,10.1936,22224
0.177667,9.81343,22225
0.202756,10.1886,22226
0.173763,9.81199,22227
0.226693,10.203,22228
0.174403,9.79084,22229
0.210852,10.1969,22230
0.152355,9.79948,22231
0.2185,10.2116,22232
0.188356,9.7925,22233
0.245764,10.1975,22234
0.180995,9.80671,22235
0.200196,10.1861,22236
0.174435,9.80825,22237
0.204996,10.1955,22238
0.174659,9.8031,22239
0.249541,10.221,22240
0.179204,9.77909,22241
0.226084,10.2009,22242
0.178307,9.79887,22243
0.231268,10.2083,22244
0.163779,9.79759,22245
0.18554,10.1867,22246
0.191844,9.81695,22247
0.226692,10.1763,22248
0.177444,9.81983,22249
0.21882,10.2007,22250
0.1905,9.81164,22251
0.233285,10.1976,22252
0.184996,9.79423,22253
0.244197,10.2008,22254
0.171459,9.7934,22255
0.20474,10.2141,22256
0.1865,9.78319,22257
0.227748,10.2228,22258
0.188739,9.78716,22259
0.22506,10.2007,22260
0.195268,9.80665,22261
0.212964,10.1806,22262
0.166563,9.8054,22263
0.227236,10.2062,22264
0.184099,9.80802,22265
0.234724,10.191,22266
0.170339,9.8061,22267
0.200484,10.1969,22268
0.171203,9.79052,22269
0.223717,10.2066,22270
0.183172,9.80972,22271
0.192324,10.1833,22272
0.185091,9.81001,22273
0.247845,10.1739,22274
0.192676,9.8327,22275
0.223972,10.191,22276
0.18378,9.80834,22277
0.233925,10.192,22278
0.183716,9.80482,22279
0.245573,10.2144,22280
0.182691,9.78809,22281
0.208932,10.1747,22282
0.17578,9.8055,22283
0.224228,10.2036,22284
0.171907,9.79929,22285
0.223076,10.2547,22286
0.162051,9.74009,22287
0.227044,10.206,22288
0.189956,9.80674,22289
0.218628,10.2406,22290
0.1889,9.75577,22291
0.205732,10.1847,22292
0.182179,9.8253,22293
0.213348,10.1638,22294
0.179523,9.84025,22295
0.235557,10.1877,22296
0.179235,9.81007,22297
0.233541,10.1965,22298
0.173604,9.78914,22299
0.204036,10.187,22300
0.173507,9.81231,22301
0.226532,10.2049,22302
0.184899,9.79007,22303
0.233028,10.2121,22304
0.175459,9.79033,22305
0.2025,10.2119,22306
0.172483,9.79554,22307
0.237541,10.1963,22308
0.183139,9.79935,22309
0.201476,10.2549,22310
0.155523,9.74213,22311
0.227332,10.2004,22312
0.17898,9.80044,22313
0.193987,10.1898,22314
0.169731,9.80396,22315
0.228229,10.2311,22316
0.192868,9.78517,22317
0.240197,10.2202,22318
0.177924,9.78661,22319
0.227044,10.2576,22320
0.193412,9.73327,22321
0.215236,10.2536,22322
0.188099,9.73941,22323
0.225508,10.2256,22324
0.176291,9.77957,22325
0.209412,10.1835,22326
0.17178,9.81189,22327
0.22842,10.2001,22328
0.191844,9.80773,22329
0.205027,10.18,22330
0.170435,9.81122,22331
0.22154,10.204,22332
0.184099,9.79772,22333
0.206756,10.2148,22334
0.166051,9.78956,22335
0.219748,10.1986,22336
0.176739,9.80559,22337
0.21082,10.1861,22338
0.180195,9.82223,22339
0.213444,10.1838,22340
0.184484,9.80258,22341
0.227428,10.256,22342
0.186628,9.74037,22343
0.208036,10.1934,22344
0.163299,9.80393,22345
0.227108,10.2022,22346
0.18922,9.80313,22347
0.246436,10.2038,22348
0.188835,9.79487,22349
0.226692,10.219,22350
0.178243,9.78908,22351
0.208419,10.2054,22352
0.177603,9.78815,22353
0.202852,10.1818,22354
0.182979,9.82562,22355
0.231652,10.2191,22356
0.178532,9.76853,22357
0.23066,10.2069,22358
0.18954,9.80127,22359
0.215652,10.1886,22360
0.168995,9.79877,22361
0.233189,10.1936,22362
0.191843,9.81881,22363
0.242117,10.1887,22364
0.178275,9.80965,22365
0.226725,10.1995,22366
0.188291,9.79609,22367
0.22554,10.2019,22368
0.185603,9.8047,22369
0.236964,10.1947,22370
0.167523,9.8006,22371
0.221636,10.2112,22372
0.180707,9.78844,22373
0.233477,10.2316,22374
0.164867,9.76383,22375
0.240644,10.1978,22376
0.190531,9.80386,22377
0.208196,10.1853,22378
0.174467,9.8071,22379
0.218308,10.2011,22380
0.173443,9.81062,22381
0.237348,10.2695,22382
0.172996,9.72732,22383
0.235588,10.2046,22384
0.172387,9.7973,22385
0.220484,10.2217,22386
0.179652,9.78559,22387
0.219204,10.2232,22388
0.173923,9.76985,22389
0.225956,10.225,22390
0.172483,9.76991,22391
0.20858,10.2371,22392
0.172451,9.76556,22393
0.214276,10.187,22394
0.180324,9.81893,22395
0.221732,10.1995,22396
0.171523,9.81311,22397
0.224452,10.1811,22398
0.173219,9.80098,22399
0.236036,10.2019,22400
0.184611,9.80165,22401
0.198756,10.2191,22402
0.18602,9.77695,22403
0.178051,10.1832,22404
0.172035,9.81925,22405
0.215364,10.2002,22406
0.163331,9.81064,22407
0.217028,10.1855,22408
0.181028,9.79977,22409
0.213987,10.2053,22410
0.181859,9.79513,22411
0.20474,10.2072,22412
0.162307,9.79228,22413
0.211588,10.2227,22414
0.168963,9.77333,22415
0.198212,10.1779,22416
0.168868,9.82975,22417
0.22058,10.1823,22418
0.168483,9.83029,22419
0.218916,10.2121,22420
0.189604,9.76917,22421
0.207556,10.1858,22422
0.195524,9.83497,22423
0.195939,10.1769,22424
0.161027,9.80377,22425
0.215396,10.184,22426
0.183587,9.82018,22427
0.200836,10.1869,22428
0.179939,9.82668,22429
0.231205,10.1888,22430
0.175203,9.79487,22431
0.19018,10.1871,22432
0.182372,9.81308,22433
0.187907,10.1798,22434
0.177283,9.8181,22435
0.225189,10.197,22436
0.174724,9.82393,22437
0.251269,10.1866,22438
0.181411,9.80546,22439
0.234724,10.2208,22440
0.1873,9.78671,22441
0.168483,10.1602,22442
0.183619,9.83007,22443
0.19306,10.1914,22444
0.172868,9.81727,22445
0.215716,10.2144,22446
0.170339,9.7708,22447
0.208452,10.1886,22448
0.164579,9.80354,22449
0.2209,10.229,22450
0.179876,9.77756,22451
0.207236,10.189,22452
0.168643,9.81503,22453
0.208292,10.1971,22454
0.17626,9.79733,22455
0.258181,10.2035,22456
0.165155,9.79865,22457
0.208004,10.1991,22458
0.180804,9.80725,22459
0.21194,10.2216,22460
0.175459,9.76962,22461
0.200931,10.1888,22462
0.17802,9.81109,22463
0.248197,10.1995,22464
0.158083,9.81634,22465
0.229188,10.1895,22466
0.183684,9.79877,22467
0.225188,10.1925,22468
0.174691,9.82063,22469
0.221316,10.1851,22470
0.179364,9.80764,22471
0.1905,10.1842,22472
0.176899,9.81682,22473
0.241252,10.1947,22474
0.173571,9.79743,22475
0.214244,10.2028,22476
0.175939,9.79813,22477
0.22762,10.2217,22478
0.178692,9.79205,22479
0.210436,10.1827,22480
0.175139,9.81119,22481
0.221668,10.1952,22482
0.172643,9.79848,22483
0.214724,10.1711,22484
0.168324,9.82338,22485
0.209412,10.1898,22486
0.157315,9.81109,22487
0.243941,10.1994,22488
0.172643,9.80069,22489
0.243812,10.2091,22490
0.168067,9.79173,22491
0.19418,10.2228,22492
0.183844,9.77797,22493
0.238949,10.1744,22494
0.166468,9.82201,22495
0.2281,10.1948,22496
0.164899,9.80856,22497
0.2177,10.2288,22498
0.177283,9.77404,22499
0.225028,10.197,22500
0.186819,9.79541,22501
0.2105,10.195,22502
0.181571,9.81145,22503
0.241028,10.1737,22504
0.192708,9.82495,22505
0.240581,10.2105,22506
0.160067,9.78757,22507
0.225956,10.2141,22508
0.183748,9.78834,22509
0.242724,10.2026,22510
0.1825,9.79832,22511
0.212804,10.1918,22512
0.177027,9.81394,22513
0.221252,10.1892,22514
0.169444,9.8036,22515
0.218404,10.1963,22516
0.190531,9.81234,22517
0.199107,10.1787,22518
0.163235,9.80834,22519
0.211843,10.2394,22520
0.192803,9.7694,22521
0.195331,10.1843,22522
0.191459,9.81263,22523
0.210308,10.2009,22524
0.172579,9.80409,22525
0.215652,10.2013,22526
0.181667,9.79448,22527
0.19082,10.1846,22528
0.183524,9.81247,22529
0.233221,10.1994,22530
0.166787,9.7981,22531
0.22138,10.2333,22532
0.171235,9.7677,22533
0.234372,10.2313,22534
0.178596,9.7669,22535
0.190212,10.1923,22536
0.182083,9.81199,22537
0.232932,10.2061,22538
0.174915,9.79055,22539
0.22154,10.2095,22540
0.175395,9.79701,22541
0.221764,10.2211,22542
0.167555,9.77928,22543
0.229764,10.2294,22544
0.175715,9.76396,22545
0.237221,10.2085,22546
0.174979,9.79516,22547
0.2209,10.2076,22548
0.169379,9.8045,22549
0.226244,10.1828,22550
0.171427,9.80204,22551
0.225701,10.2032,22552
0.163811,9.79285,22553
0.241157,10.2013,22554
0.179844,9.80581,22555
0.224548,10.2679,22556
0.160579,9.72629,22557
0.229445,10.188,22558
0.175715,9.81717,22559
0.212676,10.1819,22560
0.178595,9.81925,22561
0.204163,10.1876,22562
0.162275,9.8062,22563
0.234661,10.2165,22564
0.174947,9.79241,22565
0.23194,10.2013,22566
0.161667,9.79356,22567
0.21418,10.1908,22568
0.173443,9.81327,22569
0.233573,10.1983,22570
0.179363,9.7973,22571
0.205891,10.2158,22572
0.168163,9.77852,22573
0.20538,10.1969,22574
0.174724,9.81839,22575
0.21882,10.1922,22576
0.173988,9.80165,22577
0.221764,10.1994,22578
0.173156,9.79893,22579
0.227684,10.2304,22580
0.182691,9.76876,22581
0.199203,10.1894,22582
0.168323,9.80658,22583
0.238181,10.2178,22584
0.175907,9.8022,22585
0.236324,10.1885,22586
0.177603,9.79509,22587
0.194275,10.2116,22588
0.161187,9.78463,22589
0.191075,10.2366,22590
0.170723,9.77448,22591
0.214276,10.2073,22592
0.159587,9.79093,22593
0.25018,10.2016,22594
0.186212,9.80965,22595
0.240229,10.1859,22596
0.184995,9.81471,22597
0.216548,10.1737,22598
0.193379,9.82575,22599
0.201828,10.199,22600
0.197508,9.79356,22601
0.230661,10.1825,22602
0.174371,9.8222,22603
0.250564,10.1981,22604
0.179395,9.79071,22605
0.232388,10.1952,22606
0.179396,9.81804,22607
0.23434,10.1872,22608
0.171011,9.81378,22609
0.24202,10.1939,22610
0.188963,9.79653,22611
0.226468,10.1964,22612
0.172067,9.79484,22613
0.22826,10.1985,22614
0.186308,9.8085,22615
0.230884,10.2304,22616
0.178883,9.7661,22617
0.236644,10.2404,22618
0.162179,9.7614,22619
0.223524,10.2039,22620
0.200964,9.79285,22621
0.240004,10.198,22622
0.162691,9.81541,22623
0.230052,10.2116,22624
0.174947,9.79295,22625
0.206116,10.1765,22626
0.164707,9.80741,22627
0.220484,10.2055,22628
0.170115,9.80562,22629
0.221284,10.1875,22630
0.188292,9.81676,22631
0.201252,10.1714,22632
0.168387,9.81634,22633
0.232356,10.1936,22634
0.177508,9.80632,22635
0.238756,10.1981,22636
0.181444,9.81205,22637
0.232485,10.1855,22638
0.186915,9.8173,22639
0.213028,10.1703,22640
0.165027,9.82322,22641
0.214692,10.1892,22642
0.170595,9.81282,22643
0.229828,10.1985,22644
0.192099,9.79112,22645
0.241413,10.2024,22646
0.194147,9.80329,22647
0.239876,10.1905,22648
0.165379,9.81189,22649
0.204676,10.1906,22650
0.182115,9.80204,22651
0.218276,10.1899,22652
0.169251,9.81983,22653
0.189955,10.1679,22654
0.157795,9.81119,22655
0.2233,10.1988,22656
0.172675,9.80456,22657
0.226884,10.23,22658
0.180771,9.77276,22659
0.217796,10.2013,22660
0.175299,9.80738,22661
0.214436,10.187,22662
0.159843,9.80207,22663
0.230628,10.2024,22664
0.182819,9.81135,22665
0.224164,10.1973,22666
0.170243,9.79394,22667
0.216548,10.1902,22668
0.166051,9.80684,22669
0.215972,10.2147,22670
0.175524,9.80069,22671
0.217348,10.184,22672
0.174179,9.79788,22673
0.230277,10.2026,22674
0.177444,9.79996,22675
0.229828,10.2053,22676
0.172675,9.79279,22677
0.200995,10.1926,22678
0.164963,9.80712,22679
0.211556,10.2784,22680
0.172707,9.74194,22681
0.228932,10.2028,22682
0.181188,9.78101,22683
0.224932,10.2657,22684
0.168899,9.73304,22685
0.22074,10.2225,22686
0.180707,9.77173,22687
0.218916,10.2034,22688
0.17146,9.80271,22689
0.214788,10.1951,22690
0.166147,9.81743,22691
0.20938,10.1708,22692
0.167331,9.83052,22693
0.23562,10.1816,22694
0.193443,9.81365,22695
0.237092,10.2089,22696
0.188483,9.78504,22697
0.235556,10.2038,22698
0.178404,9.80274,22699
0.242693,10.2042,22700
0.172163,9.79372,22701
0.238661,10.193,22702
0.156707,9.79653,22703
0.226788,10.2135,22704
0.176899,9.79301,22705
0.244708,10.1965,22706
0.162211,9.81436,22707
0.225124,10.2139,22708
0.184323,9.76965,22709
0.239973,10.2385,22710
0.192004,9.77231,22711
0.21194,10.1856,22712
0.188003,9.81672,22713
0.216132,10.1859,22714
0.175363,9.80767,22715
0.228772,10.2065,22716
0.173956,9.80715,22717
0.23386,10.2495,22718
0.188899,9.74395,22719
0.226917,10.1941,22720
0.182371,9.79244,22721
0.250756,10.2145,22722
0.183044,9.79154,22723
0.21066,10.1972,22724
0.185443,9.80312,22725
0.243716,10.2327,22726
0.180259,9.77144,22727
0.251076,10.2027,22728
0.176099,9.78981,22729
0.227684,10.2019,22730
0.173891,9.81228,22731
0.236485,10.2371,22732
0.182819,9.75164,22733
0.202916,10.1834,22734
0.188804,9.82892,22735
0.212932,10.1896,22736
0.175331,9.79304,22737
0.236101,10.1965,22738
0.183907,9.80172,22739
0.224516,10.2023,22740
0.159651,9.79839,22741
0.246885,10.212,22742
0.168451,9.79826,22743
0.22762,10.1766,22744
0.183107,9.81612,22745
0.253028,10.197,22746
0.185508,9.80965,22747
0.252356,10.2228,22748
0.183811,9.77778,22749
0.222692,10.2147,22750
0.163619,9.78364,22751
0.232964,10.1869,22752
0.173443,9.80491,22753
0.230084,10.1993,22754
0.180963,9.81797,22755
0.214724,10.1814,22756
0.162787,9.81637,22757
0.221348,10.1932,22758
0.178211,9.80991,22759
0.229252,10.1763,22760
0.171395,9.81032,22761
0.201379,10.2104,22762
0.173315,9.7964,22763
0.236068,10.1935,22764
0.181316,9.80405,22765
0.227204,10.1993,22766
0.171011,9.80175,22767
0.233924,10.1996,22768
0.180387,9.80091,22769
0.235204,10.2001,22770
0.177027,9.80872,22771
0.205156,10.195,22772
0.178179,9.80143,22773
0.217412,10.1851,22774
0.159651,9.81522,22775
0.258149,10.1911,22776
0.186276,9.80069,22777
0.252549,10.1999,22778
0.176739,9.80178,22779
0.205796,10.1797,22780
0.176963,9.81042,22781
0.198147,10.193,22782
0.166339,9.8237,22783
0.222372,10.1925,22784
0.190212,9.81052,22785
0.243685,10.1846,22786
0.171875,9.79989,22787
0.22378,10.2307,22788
0.173283,9.76507,22789
0.230277,10.2022,22790
0.186436,9.79852,22791
0.196355,10.2136,22792
0.170851,9.78555,22793
0.223684,10.1984,22794
0.185443,9.80191,22795
0.218564,10.1986,22796
0.174371,9.80386,22797
0.220932,10.195,22798
0.165315,9.80479,22799
0.233829,10.2091,22800
0.182211,9.7958,22801
0.204804,10.1824,22802
0.169891,9.81103,22803
0.224772,10.2037,22804
0.180067,9.80146,22805
0.222948,10.1981,22806
0.174403,9.79996,22807
0.198307,10.1821,22808
0.176195,9.82143,22809
0.241381,10.2006,22810
0.172323,9.79391,22811
0.204772,10.2136,22812
0.160963,9.78197,22813
0.220932,10.2717,22814
0.181859,9.73986,22815
0.229604,10.1904,22816
0.171331,9.79836,22817
0.213188,10.2218,22818
0.172963,9.78095,22819
0.227012,10.1968,22820
0.187395,9.80223,22821
0.20426,10.2127,22822
0.170723,9.79403,22823
0.203908,10.1969,22824
0.172259,9.79355,22825
0.208932,10.2301,22826
0.166243,9.77887,22827
0.224964,10.1951,22828
0.184291,9.81899,22829
0.196932,10.1707,22830
0.178307,9.81996,22831
0.197956,10.1803,22832
0.180899,9.81288,22833
0.169028,10.1893,22834
0.164803,9.80549,22835
0.20698,10.2169,22836
0.169987,9.78411,22837
0.223876,10.2036,22838
0.176803,9.8093,22839
0.23386,10.1936,22840
0.17114,9.7965,22841
0.202499,10.2028,22842
0.157891,9.79218,22843
0.193411,10.226,22844
0.178532,9.77528,22845
0.215684,10.2313,22846
0.183748,9.76834,22847
0.227813,10.2043,22848
0.177156,9.80392,22849
0.207844,10.1801,22850
0.171972,9.82975,22851
0.219428,10.2148,22852
0.177635,9.77087,22853
0.2385,10.1739,22854
0.172035,9.82011,22855
0.222884,10.2003,22856
0.155075,9.80027,22857
0.234405,10.2127,22858
0.175491,9.78895,22859
0.219588,10.1739,22860
0.176227,9.82703,22861
0.22522,10.2368,22862
0.190947,9.76546,22863
0.210244,10.1895,22864
0.165155,9.80514,22865
0.217828,10.2105,22866
0.159267,9.79202,22867
0.228708,10.2042,22868
0.183811,9.79659,22869
0.21978,10.2128,22870
0.171171,9.79372,22871
0.23674,10.2232,22872
0.167043,9.77151,22873
0.216676,10.2118,22874
0.185187,9.791,22875
0.211332,10.194,22876
0.171363,9.80386,22877
0.225956,10.2349,22878
0.194211,9.77327,22879
0.230532,10.189,22880
0.159267,9.79909,22881
0.214692,10.2185,22882
0.173251,9.79979,22883
0.224804,10.1894,22884
0.174659,9.7948,22885
0.205892,10.1873,22886
0.181123,9.80994,22887
0.205188,10.1936,22888
0.171716,9.81227,22889
0.21914,10.2065,22890
0.182051,9.78763,22891
0.213699,10.2089,22892
0.162851,9.79787,22893
0.227044,10.2035,22894
0.18314,9.79727,22895
0.22442,10.2093,22896
0.156643,9.78277,22897
0.205924,10.1953,22898
0.168419,9.80456,22899
0.209956,10.1999,22900
0.170019,9.80079,22901
0.19082,10.1982,22902
0.178243,9.80034,22903
0.232932,10.1976,22904
0.183108,9.80584,22905
0.235844,10.1985,22906
0.174947,9.80319,22907
0.199396,10.2102,22908
0.172804,9.78952,22909
0.227236,10.1973,22910
0.179715,9.80943,22911
0.219652,10.1843,22912
0.165635,9.80508,22913
0.22442,10.1978,22914
0.171171,9.80258,22915
0.230884,10.2121,22916
0.180419,9.79096,22917
0.224804,10.2731,22918
0.168515,9.73394,22919
0.245348,10.1972,22920
0.174755,9.79893,22921
0.234404,10.2065,22922
0.157507,9.78491,22923
0.237668,10.2001,22924
0.174563,9.80699,22925
0.239716,10.1987,22926
0.172803,9.81112,22927
0.18778,10.1864,22928
0.165315,9.79855,22929
0.229796,10.2045,22930
0.172835,9.79979,22931
0.168227,10.1883,22932
0.158147,9.80568,22933
0.208836,10.1982,22934
0.169091,9.8021,22935
0.226212,10.2308,22936
0.185571,9.7828,22937
0.404584,9.97935,22938
0.161667,10.0273,22939
0.230053,10.2174,22940
0.158627,9.762,22941
0.21322,10.1946,22942
0.184931,9.81074,22943
0.225636,10.2614,22944
0.185219,9.75746,22945
0.237668,10.1832,22946
0.179811,9.79947,22947
0.222852,10.2075,22948
0.165283,9.78597,22949
0.215716,10.2092,22950
0.183363,9.79295,22951
0.203428,10.1939,22952
0.172771,9.80805,22953
0.221828,10.2302,22954
0.182627,9.76805,22955
0.232164,10.2053,22956
0.178595,9.79794,22957
0.196515,10.1835,22958
0.151939,9.81039,22959
0.223908,10.1959,22960
0.174787,9.80994,22961
0.204228,10.1959,22962
0.16858,9.79791,22963
0.224292,10.2124,22964
0.174371,9.79554,22965
0.23354,10.2226,22966
0.172803,9.77551,22967
0.23386,10.1934,22968
0.165091,9.80658,22969
0.232933,10.2338,22970
0.191236,9.78424,22971
0.215716,10.188,22972
0.166179,9.79016,22973
0.23402,10.2067,22974
0.19082,9.80984,22975
0.227524,10.1874,22976
0.177155,9.79947,22977
0.239236,10.2281,22978
0.175491,9.77064,22979
0.209955,10.1941,22980
0.167043,9.80309,22981
0.239045,10.2067,22982
0.173187,9.79672,22983
0.230308,10.2084,22984
0.189284,9.78971,22985
0.230341,10.2003,22986
0.175747,9.80232,22987
0.225796,10.2054,22988
0.1873,9.80024,22989
0.2305,10.2006,22990
0.168099,9.81269,22991
0.203268,10.174,22992
0.173251,9.81042,22993
0.23178,10.2093,22994
0.163651,9.78216,22995
0.236676,10.2079,22996
0.181315,9.80194,22997
0.24394,10.2031,22998
0.192963,9.81147,22999
0.221284,10.1708,23000
0.179267,9.81471,23001
0.203876,10.1876,23002
0.184131,9.8061,23003
0.188004,10.1824,23004
0.155299,9.81544,23005
0.2217,10.2062,23006
0.188931,9.81615,23007
0.205604,10.1717,23008
0.160675,9.82511,23009
0.223748,10.191,23010
0.186275,9.79519,23011
0.233284,10.2038,23012
0.186755,9.79675,23013
0.202692,10.183,23014
0.179651,9.81512,23015
0.21738,10.2137,23016
0.183075,9.80152,23017
0.222148,10.1885,23018
0.178179,9.81525,23019
0.229189,10.182,23020
0.161795,9.79295,23021
0.200867,10.2051,23022
0.19626,9.80395,23023
0.231044,10.2037,23024
0.182595,9.80792,23025
0.216932,10.1748,23026
0.163459,9.80472,23027
0.217508,10.2314,23028
0.167811,9.78085,23029
0.226372,10.206,23030
0.171587,9.79032,23031
0.212004,10.2104,23032
0.179011,9.78536,23033
0.214436,10.1965,23034
0.18794,9.80146,23035
0.209156,10.1963,23036
0.167331,9.8053,23037
0.232581,10.201,23038
0.183779,9.81023,23039
0.232388,10.1965,23040
0.17578,9.81013,23041
0.209252,10.2383,23042
0.179619,9.76421,23043
0.229285,10.1999,23044
0.186051,9.78277,23045
0.231045,10.199,23046
0.180963,9.80715,23047
0.225988,10.1976,23048
0.176163,9.79439,23049
0.222916,10.184,23050
0.182276,9.81391,23051
0.214916,10.1803,23052
0.174627,9.82053,23053
0.224932,10.1998,23054
0.181827,9.79723,23055
0.21338,10.2554,23056
0.184835,9.74939,23057
0.189188,10.1784,23058
0.169603,9.81618,23059
0.22586,10.1928,23060
0.178916,9.81336,23061
0.228356,10.2259,23062
0.180227,9.77474,23063
0.201284,10.182,23064
0.163139,9.81349,23065
0.215843,10.2534,23066
0.174435,9.75154,23067
0.223812,10.1905,23068
0.177444,9.80562,23069
0.241253,10.2053,23070
0.162275,9.79867,23071
0.190532,10.197,23072
0.174435,9.80434,23073
0.214755,10.1952,23074
0.183875,9.80242,23075
0.217892,10.1734,23076
0.173731,9.82731,23077
0.241508,10.1987,23078
0.175587,9.80242,23079
0.22618,10.1831,23080
0.186339,9.82437,23081
0.241829,10.1866,23082
0.176515,9.80328,23083
0.221124,10.2298,23084
0.184419,9.78991,23085
0.230756,10.1735,23086
0.176323,9.81528,23087
0.20506,10.2014,23088
0.169475,9.78232,23089
0.210916,10.2221,23090
0.159459,9.78085,23091
0.179812,10.2047,23092
0.174275,9.80162,23093
0.226021,10.205,23094
0.176451,9.79122,23095
0.225924,10.2067,23096
0.178244,9.8101,23097
0.258885,10.1892,23098
0.172579,9.7957,23099
0.218788,10.1981,23100
0.182915,9.80322,23101
0.230116,10.1918,23102
0.180291,9.80709,23103
0.224356,10.2012,23104
0.176995,9.80421,23105
0.18906,10.1788,23106
0.172963,9.81461,23107
0.200548,10.1833,23108
0.177796,9.82466,23109
0.250437,10.1969,23110
0.175267,9.79515,23111
0.242244,10.1979,23112
0.189795,9.8076,23113
0.210756,10.1816,23114
0.159971,9.80981,23115
0.197156,10.2843,23116
0.178883,9.72082,23117
0.21642,10.1998,23118
0.174371,9.79698,23119
0.214404,10.2058,23120
0.18602,9.79666,23121
0.218564,10.1964,23122
0.179108,9.80731,23123
0.225444,10.1983,23124
0.184451,9.79746,23125
0.226309,10.215,23126
0.183683,9.78942,23127
0.192932,10.2076,23128
0.167779,9.78498,23129
0.21626,10.2239,23130
0.180803,9.77938,23131
0.208547,10.1969,23132
0.196771,9.8037,23133
0.203876,10.1751,23134
0.160419,9.82181,23135
0.232772,10.1783,23136
0.175044,9.82703,23137
0.205924,10.1786,23138
0.167267,9.83298,23139
0.228804,10.208,23140
0.175907,9.78155,23141
0.204067,10.219,23142
0.175203,9.78011,23143
0.213187,10.2275,23144
0.172067,9.77304,23145
0.23002,10.2215,23146
0.167651,9.77826,23147
0.231716,10.1975,23148
0.181539,9.8045,23149
0.235908,10.1919,23150
0.173476,9.80546,23151
0.199779,10.2109,23152
0.1825,9.79803,23153
0.200356,10.1792,23154
0.159779,9.81743,23155
0.228676,10.1895,23156
0.184451,9.80034,23157
0.197668,10.2121,23158
0.170467,9.78712,23159
0.222116,10.1953,23160
0.184163,9.82546,23161
0.214244,10.1853,23162
0.186723,9.81579,23163
0.201315,10.1751,23164
0.190947,9.80978,23165
0.211172,10.1851,23166
0.174819,9.80795,23167
0.2377,10.2759,23168
0.179588,9.73128,23169
0.220836,10.196,23170
0.170883,9.81797,23171
0.2353,10.1876,23172
0.183203,9.79781,23173
0.20586,10.2091,23174
0.182723,9.78709,23175
0.224132,10.2023,23176
0.180931,9.8004,23177
0.232228,10.1956,23178
0.176483,9.8035,23179
0.249412,10.2507,23180
0.174819,9.75614,23181
0.234949,10.1901,23182
0.168675,9.79656,23183
0.22394,10.1946,23184
0.190404,9.81343,23185
0.201732,10.2119,23186
0.167971,9.78149,23187
0.23818,10.236,23188
0.176835,9.7699,23189
0.217092,10.2092,23190
0.173347,9.78565,23191
0.188996,10.1946,23192
0.167491,9.80622,23193
0.214404,10.1958,23194
0.179651,9.80542,23195
0.19322,10.1863,23196
0.188227,9.81218,23197
0.200131,10.1898,23198
0.167619,9.80568,23199
0.233476,10.2064,23200
0.184963,9.80203,23201
0.236164,10.1979,23202
0.170019,9.8029,23203
0.205636,10.1847,23204
0.168771,9.80693,23205
0.172867,10.145,23206
0.175491,9.85928,23207
0.213636,10.2077,23208
0.188515,9.79346,23209
0.199972,10.2026,23210
0.176259,9.79666,23211
0.223268,10.2155,23212
0.181443,9.78606,23213
0.203396,10.2178,23214
0.174755,9.7813,23215
0.22602,10.2331,23216
0.164579,9.76296,23217
0.219876,10.2048,23218
0.1849,9.80472,23219
0.248772,10.2028,23220
0.182851,9.78866,23221
0.239525,10.2107,23222
0.171491,9.79131,23223
0.204035,10.1972,23224
0.178755,9.80235,23225
0.211524,10.2073,23226
0.163171,9.79022,23227
0.237892,10.2138,23228
0.167907,9.78763,23229
0.231556,10.2052,23230
0.177028,9.79992,23231
0.221476,10.2267,23232
0.170467,9.77179,23233
0.227332,10.2405,23234
0.165123,9.75506,23235
0.224324,10.2051,23236
0.169315,9.80338,23237
0.225796,10.2137,23238
0.178851,9.79509,23239
0.229668,10.1874,23240
0.172451,9.79922,23241
0.195844,10.1991,23242
0.188099,9.80872,23243
0.208931,10.1805,23244
0.170339,9.81054,23245
0.22154,10.219,23246
0.178276,9.78286,23247
0.201988,10.1863,23248
0.184611,9.81637,23249
0.219108,10.1833,23250
0.181252,9.81211,23251
0.198596,10.1859,23252
0.175299,9.81314,23253
0.223588,10.201,23254
0.180868,9.80437,23255
0.220996,10.196,23256
0.162083,9.79262,23257
0.212356,10.198,23258
0.155651,9.80507,23259
0.215748,10.2049,23260
0.181827,9.79838,23261
0.185316,10.2003,23262
0.170339,9.80059,23263
0.235812,10.2218,23264
0.172387,9.7763,23265
0.210084,10.1914,23266
0.163779,9.8035,23267
0.195683,10.2143,23268
0.162755,9.78872,23269
0.229668,10.2094,23270
0.174372,9.79301,23271
0.203651,10.187,23272
0.160195,9.81016,23273
0.221764,10.1991,23274
0.161411,9.80488,23275
0.221284,10.208,23276
0.171363,9.79061,23277
0.184739,10.1938,23278
0.164963,9.8027,23279
0.217988,10.2073,23280
0.183491,9.79691,23281
0.209476,10.187,23282
0.163907,9.81077,23283
0.22266,10.1958,23284
0.169059,9.80664,23285
0.2289,10.2058,23286
0.162883,9.7907,23287
0.20842,10.1899,23288
0.180355,9.81467,23289
0.221444,10.1998,23290
0.174627,9.79864,23291
0.216644,10.1941,23292
0.173219,9.80683,23293
0.185379,10.1935,23294
0.159043,9.80226,23295
0.206724,10.2221,23296
0.177124,9.78072,23297
0.210243,10.2293,23298
0.161379,9.76677,23299
0.215076,10.2123,23300
0.181411,9.79435,23301
0.238661,10.1996,23302
0.180963,9.79982,23303
0.206468,10.1875,23304
0.162435,9.80949,23305
0.221252,10.2012,23306
0.169955,9.79947,23307
0.210115,10.1887,23308
0.166211,9.80654,23309
0.193795,10.197,23310
0.182436,9.80907,23311
0.22666,10.2035,23312
0.176099,9.7955,23313
0.19546,10.1915,23314
0.168259,9.82533,23315
0.217124,10.2376,23316
0.182979,9.74891,23317
0.220964,10.2298,23318
0.169955,9.76923,23319
0.192772,10.1876,23320
0.162627,9.80846,23321
0.192963,10.1995,23322
0.172323,9.80565,23323
0.202179,10.1874,23324
0.155523,9.80818,23325
0.217956,10.1994,23326
0.173059,9.8037,23327
0.194052,10.2127,23328
0.164547,9.78402,23329
0.216932,10.2319,23330
0.163171,9.76517,23331
0.222372,10.2629,23332
0.162915,9.74357,23333
0.218212,10.2009,23334
0.162339,9.7949,23335
0.218372,10.2635,23336
0.177155,9.73745,23337
0.215236,10.2012,23338
0.158211,9.79992,23339
0.22154,10.2307,23340
0.165347,9.76808,23341
0.221636,10.2325,23342
0.176227,9.76882,23343
0.207844,10.1816,23344
0.160867,9.81842,23345
0.227908,10.2189,23346
0.1793,9.80354,23347
0.224644,10.1787,23348
0.183779,9.79979,23349
0.233156,10.1995,23350
0.152099,9.79688,23351
0.238308,10.2142,23352
0.165891,9.78613,23353
0.23146,10.2369,23354
0.179683,9.7749,23355
0.2241,10.1701,23356
0.183555,9.82062,23357
0.207651,10.2149,23358
0.158403,9.78145,23359
0.222532,10.2129,23360
0.171427,9.78574,23361
0.213604,10.2159,23362
0.177731,9.79038,23363
0.232836,10.2055,23364
0.157091,9.79061,23365
0.223652,10.25,23366
0.173955,9.75377,23367
0.226308,10.2277,23368
0.171907,9.77403,23369
0.2569,10.2141,23370
0.167107,9.78706,23371
0.21018,10.2182,23372
0.182659,9.77848,23373
0.196643,10.2062,23374
0.166563,9.79387,23375
0.225092,10.2734,23376
0.181988,9.73073,23377
0.205219,10.1853,23378
0.176771,9.80818,23379
0.205124,10.197,23380
0.162051,9.79986,23381
0.230212,10.2346,23382
0.181027,9.7923,23383
0.23242,10.1789,23384
0.162019,9.80418,23385
0.225508,10.2001,23386
0.177923,9.79726,23387
0.22986,10.1955,23388
0.168675,9.8011,23389
0.220452,10.2145,23390
0.173443,9.78514,23391
0.212099,10.1967,23392
0.184867,9.81362,23393
0.199844,10.1789,23394
0.171267,9.80865,23395
0.242084,10.1973,23396
0.193892,9.8085,23397
0.178819,10.2107,23398
0.186435,9.78801,23399
0.220324,10.2274,23400
0.171075,9.77413,23401
0.204483,10.1902,23402
0.178979,9.81013,23403
0.211908,10.1751,23404
0.17738,9.82715,23405
0.214884,10.2301,23406
0.188195,9.76587,23407
0.205187,10.1856,23408
0.167651,9.81189,23409
0.217988,10.2817,23410
0.179171,9.72145,23411
0.217539,10.1955,23412
0.177828,9.80097,23413
0.192132,10.1892,23414
0.159875,9.80869,23415
0.21034,10.2013,23416
0.180995,9.80485,23417
0.23978,10.1984,23418
0.169315,9.80094,23419
0.219076,10.1933,23420
0.181443,9.80392,23421
0.22442,10.2009,23422
0.171971,9.79941,23423
0.188931,10.1844,23424
0.176835,9.81237,23425
0.22778,10.2045,23426
0.180963,9.80088,23427
0.230724,10.2153,23428
0.171587,9.78613,23429
0.209603,10.1918,23430
0.171907,9.80549,23431
0.219428,10.1997,23432
0.167011,9.79707,23433
0.242757,10.2015,23434
0.168963,9.80296,23435
0.2185,10.1822,23436
0.178947,9.82072,23437
0.244389,10.224,23438
0.181923,9.778,23439
0.233732,10.2127,23440
0.162434,9.78379,23441
0.207044,10.1933,23442
0.178371,9.80066,23443
0.22458,10.1991,23444
0.184291,9.80338,23445
0.196099,10.1869,23446
0.164067,9.82904,23447
0.223236,10.1815,23448
0.181795,9.80632,23449
0.232644,10.196,23450
0.181476,9.80443,23451
0.194212,10.1834,23452
0.19242,9.81381,23453
0.213348,10.1871,23454
0.156899,9.80766,23455
0.224772,10.2601,23456
0.181827,9.7475,23457
0.210852,10.183,23458
0.168035,9.81163,23459
0.21738,10.249,23460
0.178084,9.75432,23461
0.225316,10.2306,23462
0.188868,9.78123,23463
0.226148,10.1906,23464
0.169283,9.81368,23465
0.22666,10.1899,23466
0.180739,9.79467,23467
0.214691,10.193,23468
0.170179,9.81429,23469
0.209124,10.2257,23470
0.180867,9.76421,23471
0.232964,10.2026,23472
0.175139,9.79694,23473
0.198627,10.1862,23474
0.171555,9.81419,23475
0.227076,10.2019,23476
0.162914,9.79608,23477
0.2353,10.206,23478
0.174563,9.80232,23479
0.237284,10.2061,23480
0.183876,9.7884,23481
0.22938,10.2043,23482
0.190563,9.79534,23483
0.196739,10.191,23484
0.173539,9.80904,23485
0.201443,10.1948,23486
0.178659,9.80552,23487
0.216228,10.2051,23488
0.171043,9.79749,23489
0.211044,10.194,23490
0.176259,9.80491,23491
0.200483,10.2364,23492
0.175843,9.76123,23493
0.199684,10.1847,23494
0.185539,9.82072,23495
0.191907,10.1788,23496
0.180099,9.8156,23497
0.218116,10.1837,23498
0.177252,9.81765,23499
0.218819,10.1894,23500
0.181123,9.83137,23501
0.231268,10.1833,23502
0.183428,9.79534,23503
0.193284,10.1819,23504
0.185827,9.83835,23505
0.226244,10.195,23506
0.174403,9.78683,23507
0.239589,10.1982,23508
0.174115,9.8036,23509
0.233956,10.2027,23510
0.181763,9.79454,23511
0.224004,10.228,23512
0.180035,9.77288,23513
0.206819,10.1906,23514
0.180739,9.81057,23515
0.172707,10.1925,23516
0.169091,9.80129,23517
0.214339,10.2009,23518
0.181187,9.80494,23519
0.228772,10.2266,23520
0.192484,9.77512,23521
0.236932,10.1986,23522
0.181347,9.79646,23523
0.213604,10.1946,23524
0.174083,9.80469,23525
0.225124,10.2073,23526
0.165507,9.79179,23527
0.176483,10.1971,23528
0.168707,9.81048,23529
0.22634,10.1934,23530
0.169987,9.80561,23531
0.228164,10.1982,23532
0.182595,9.79806,23533
0.190435,10.1827,23534
0.174339,9.82385,23535
0.20794,10.1877,23536
0.177891,9.80529,23537
0.196963,10.1841,23538
0.175235,9.81553,23539
0.20618,10.1932,23540
0.177155,9.81093,23541
0.196483,10.1819,23542
0.167683,9.81355,23543
0.218308,10.1963,23544
0.172259,9.79896,23545
0.210435,10.2027,23546
0.174595,9.80165,23547
0.22186,10.2033,23548
0.171651,9.79803,23549
0.215011,10.1963,23550
0.176419,9.80616,23551
0.194275,10.1908,23552
0.168291,9.80101,23553
0.19674,10.1951,23554
0.163107,9.82651,23555
0.2201,10.1887,23556
0.157955,9.79489,23557
0.225284,10.1919,23558
0.170403,9.81221,23559
0.221924,10.1987,23560
0.167107,9.80033,23561
0.214692,10.1997,23562
0.183716,9.79902,23563
0.204644,10.2154,23564
0.164931,9.78289,23565
0.224196,10.2059,23566
0.167459,9.79333,23567
0.22154,10.2302,23568
0.185155,9.77006,23569
0.248293,10.2139,23570
0.166947,9.78798,23571
0.234276,10.2227,23572
0.174884,9.77368,23573
0.213539,10.1872,23574
0.162403,9.81416,23575
0.217188,10.1999,23576
0.173283,9.79989,23577
0.192292,10.1836,23578
0.161699,9.81822,23579
0.211428,10.1922,23580
0.162627,9.80638,23581
0.222212,10.2679,23582
0.168931,9.72779,23583
0.248549,10.2239,23584
0.180867,9.78577,23585
0.210532,10.1902,23586
0.178339,9.82734,23587
0.211812,10.1823,23588
0.165731,9.79473,23589
0.214691,10.2103,23590
0.169059,9.79166,23591
0.227812,10.1979,23592
0.176291,9.80475,23593
0.193892,10.1793,23594
0.178115,9.81717,23595
0.217988,10.1995,23596
0.178531,9.80024,23597
0.202947,10.1957,23598
0.18346,9.80696,23599
0.196547,10.1807,23600
0.174499,9.81428,23601
0.192483,10.2078,23602
0.160131,9.79457,23603
0.240292,10.2014,23604
0.168226,9.79624,23605
0.218212,10.2041,23606
0.183331,9.79787,23607
0.223012,10.202,23608
0.162243,9.79672,23609
0.21722,10.1904,23610
0.171683,9.81457,23611
0.216452,10.188,23612
0.174019,9.81109,23613
0.230373,10.251,23614
0.167011,9.74577,23615
0.221796,10.2092,23616
0.170371,9.7948,23617
0.220196,10.1976,23618
0.175811,9.79992,23619
0.21642,10.2225,23620
0.175587,9.77701,23621
0.222436,10.2315,23622
0.178852,9.7714,23623
0.253444,10.1976,23624
0.160483,9.79796,23625
0.220452,10.2686,23626
0.165347,9.72964,23627
0.208004,10.2068,23628
0.180515,9.7963,23629
0.200612,10.1925,23630
0.174531,9.80968,23631
0.20378,10.1863,23632
0.173283,9.81531,23633
0.203876,10.1771,23634
0.153891,9.81688,23635
0.209731,10.2077,23636
0.1881,9.81121,23637
0.22058,10.1898,23638
0.162595,9.79112,23639
0.200548,10.2267,23640
0.175971,9.78673,23641
0.210403,10.1821,23642
0.176036,9.82292,23643
0.199236,10.2044,23644
0.165699,9.77656,23645
0.199876,10.2111,23646
0.162403,9.7906,23647
0.213444,10.1985,23648
0.180644,9.80293,23649
0.198468,10.2103,23650
0.160898,9.78958,23651
0.203076,10.2056,23652
0.159042,9.79336,23653
0.223172,10.2022,23654
0.172867,9.79707,23655
0.243172,10.2289,23656
0.160963,9.77137,23657
0.233285,10.2049,23658
0.164035,9.79598,23659
0.239397,10.2019,23660
0.173155,9.80037,23661
0.22218,10.2058,23662
0.163619,9.79134,23663
0.200612,10.1951,23664
0.173379,9.80846,23665
0.194883,10.1969,23666
0.169283,9.79854,23667
0.183268,10.1867,23668
0.178403,9.81966,23669
0.205379,10.1918,23670
0.173891,9.80363,23671
0.228484,10.2297,23672
0.17242,9.77205,23673
0.218948,10.2044,23674
0.169283,9.79512,23675
0.219396,10.1915,23676
0.178019,9.80693,23677
0.225604,10.1933,23678
0.182243,9.80808,23679
0.214724,10.2119,23680
0.181539,9.78869,23681
0.2001,10.1856,23682
0.183587,9.82257,23683
0.212996,10.1745,23684
0.179363,9.81649,23685
0.19338,10.1913,23686
0.159779,9.80587,23687
0.218308,10.2042,23688
0.178435,9.80021,23689
0.219908,10.225,23690
0.167203,9.77205,23691
0.222468,10.2361,23692
0.186435,9.7748,23693
0.225924,10.2217,23694
0.170595,9.76638,23695
0.20698,10.2006,23696
0.179459,9.80388,23697
0.229284,10.2256,23698
0.173027,9.77432,23699
0.219044,10.2028,23700
0.155555,9.79457,23701
0.189508,10.1933,23702
0.182083,9.80917,23703
0.21514,10.2175,23704
0.154115,9.77969,23705
0.207267,10.2,23706
0.177539,9.80152,23707
0.219524,10.1984,23708
0.160483,9.79835,23709
0.2057,10.2422,23710
0.182435,9.76443,23711
0.215363,10.2262,23712
0.178019,9.77217,23713
0.220932,10.1967,23714
0.162658,9.79963,23715
0.211907,10.2073,23716
0.178883,9.80565,23717
0.237604,10.2233,23718
0.171715,9.7668,23719
0.21114,10.1952,23720
0.174403,9.8044,23721
0.171587,10.1823,23722
0.178499,9.81848,23723
0.208292,10.1755,23724
0.156067,9.82049,23725
0.206371,10.2306,23726
0.176195,9.77028,23727
0.215492,10.2029,23728
0.182371,9.79918,23729
0.205283,10.1936,23730
0.183204,9.80555,23731
0.213892,10.2004,23732
0.174115,9.80161,23733
0.202532,10.1894,23734
0.174179,9.81153,23735
0.223236,10.208,23736
0.181923,9.78894,23737
0.214596,10.1957,23738
0.168771,9.80568,23739
0.242949,10.1968,23740
0.175235,9.80328,23741
0.201508,10.2102,23742
0.182819,9.78702,23743
0.218372,10.1982,23744
0.186371,9.81476,23745
0.207267,10.1905,23746
0.167971,9.79483,23747
0.205284,10.2061,23748
0.167523,9.80097,23749
0.219972,10.1989,23750
0.178467,9.79908,23751
0.2193,10.1982,23752
0.179235,9.80072,23753
0.203556,10.1897,23754
0.171107,9.8083,23755
0.219332,10.2135,23756
0.177923,9.79131,23757
0.21978,10.1975,23758
0.15485,9.79409,23759
0.213252,10.2347,23760
0.182627,9.77134,23761
0.222948,10.2288,23762
0.163683,9.76798,23763
0.213667,10.2324,23764
0.169283,9.77128,23765
0.217124,10.191,23766
0.173635,9.80782,23767
0.213668,10.1931,23768
0.173699,9.80485,23769
0.217156,10.2357,23770
0.178371,9.76433,23771
0.211812,10.2623,23772
0.165923,9.73236,23773
0.23274,10.2146,23774
0.175619,9.79016,23775
0.202563,10.2133,23776
0.161571,9.78481,23777
0.205412,10.1944,23778
0.178211,9.81141,23779
0.220164,10.2018,23780
0.180419,9.79496,23781
0.221892,10.2062,23782
0.174659,9.79515,23783
0.18986,10.1897,23784
0.168579,9.80792,23785
0.23578,10.1972,23786
0.178051,9.80696,23787
0.223683,10.199,23788
0.182947,9.79928,23789
0.225092,10.1937,23790
0.182179,9.80833,23791
0.1857,10.1969,23792
0.18074,9.80222,23793
0.232036,10.2021,23794
0.167587,9.79099,23795
0.232804,10.2037,23796
0.188356,9.80302,23797
0.225956,10.2678,23798
0.181827,9.73188,23799
0.227492,10.2062,23800
0.188419,9.79419,23801
0.240101,10.2083,23802
0.170755,9.79208,23803
0.199588,10.1884,23804
0.179107,9.80913,23805
0.216004,10.2038,23806
0.170627,9.79588,23807
0.186147,10.1917,23808
0.175555,9.80932,23809
0.221284,10.2026,23810
0.163235,9.79553,23811
0.191107,10.1989,23812
0.167139,9.80532,23813
0.214019,10.1968,23814
0.157858,9.79342,23815
0.21802,10.2128,23816
0.191395,9.79262,23817
0.237445,10.2057,23818
0.179364,9.79524,23819
0.210275,10.2013,23820
0.177059,9.79992,23821
0.212227,10.2281,23822
0.181252,9.77483,23823
0.249188,10.2034,23824
0.174659,9.79105,23825
0.218628,10.2355,23826
0.183075,9.76596,23827
0.194532,10.1906,23828
0.174563,9.80836,23829
0.230468,10.1985,23830
0.178723,9.80385,23831
0.213124,10.1945,23832
0.183651,9.80414,23833
0.201412,10.1852,23834
0.184803,9.81617,23835
0.224868,10.1951,23836
0.173827,9.80577,23837
0.2297,10.2025,23838
0.187972,9.79979,23839
0.240229,10.2394,23840
0.187267,9.75896,23841
0.24506,10.2012,23842
0.184708,9.80286,23843
0.22922,10.1965,23844
0.169507,9.7955,23845
0.220036,10.2234,23846
0.183555,9.77902,23847
0.232292,10.2,23848
0.176771,9.79832,23849
0.232004,10.2229,23850
0.171715,9.7738,23851
0.206564,10.2156,23852
0.168387,9.78235,23853
0.222404,10.2498,23854
0.161763,9.75454,23855
0.200739,10.1964,23856
0.161891,9.80043,23857
0.213827,10.2303,23858
0.170947,9.77399,23859
0.200196,10.1889,23860
0.183587,9.81044,23861
0.191043,10.2033,23862
0.176739,9.79796,23863
0.205988,10.1959,23864
0.159363,9.8036,23865
0.21786,10.2187,23866
0.173251,9.78328,23867
0.207972,10.1949,23868
0.165795,9.80145,23869
0.214436,10.2244,23870
0.187715,9.78084,23871
0.202628,10.2121,23872
0.168803,9.78129,23873
0.216228,10.1996,23874
0.180931,9.82472,23875
0.224164,10.1868,23876
0.163107,9.79076,23877
0.209668,10.1998,23878
0.190916,9.80158,23879
0.239684,10.2152,23880
0.174147,9.78968,23881
0.188675,10.1985,23882
0.173731,9.79899,23883
0.191523,10.1889,23884
0.175299,9.80843,23885
0.221859,10.2037,23886
0.159843,9.79409,23887
0.18842,10.1928,23888
0.160195,9.80859,23889
0.219811,10.2044,23890
0.187587,9.79915,23891
0.190819,10.1971,23892
0.186083,9.80356,23893
0.234116,10.2009,23894
0.160963,9.79566,23895
0.229284,10.2014,23896
0.180035,9.80254,23897
0.242341,10.1812,23898
0.174403,9.82203,23899
0.226116,10.2087,23900
0.172995,9.78827,23901
0.220388,10.1986,23902
0.171843,9.79787,23903
0.213316,10.2038,23904
0.160899,9.79608,23905
0.229476,10.211,23906
0.154723,9.78667,23907
0.22154,10.2124,23908
0.176835,9.79185,23909
0.209668,10.1872,23910
0.179459,9.81985,23911
0.226052,10.1994,23912
0.180387,9.81249,23913
0.209444,10.1951,23914
0.178371,9.7867,23915
0.191619,10.1869,23916
0.190051,9.80926,23917
0.194148,10.2035,23918
0.176675,9.7996,23919
0.231972,10.2334,23920
0.174723,9.77067,23921
0.221604,10.1925,23922
0.178307,9.80232,23923
0.213668,10.2281,23924
0.189443,9.77054,23925
0.210019,10.2134,23926
0.168131,9.78366,23927
0.224868,10.2334,23928
0.178307,9.77483,23929
0.204131,10.2025,23930
0.169955,9.79108,23931
0.213347,10.2045,23932
0.181443,9.7987,23933
0.191332,10.1814,23934
0.163971,9.81473,23935
0.217283,10.2026,23936
0.171363,9.80177,23937
0.199076,10.1859,23938
0.162883,9.81137,23939
0.217123,10.1931,23940
0.180931,9.80782,23941
0.206659,10.1858,23942
0.180964,9.81767,23943
0.205923,10.1984,23944
0.180419,9.79713,23945
0.18938,10.231,23946
0.182467,9.7908,23947
0.197731,10.1676,23948
0.171491,9.8122,23949
0.19914,10.2093,23950
0.169058,9.79336,23951
0.207652,10.209,23952
0.172611,9.78712,23953
0.198371,10.187,23954
0.184035,9.82468,23955
0.207204,10.1775,23956
0.180483,9.81281,23957
0.209027,10.2267,23958
0.173827,9.77348,23959
0.205316,10.2155,23960
0.186211,9.78888,23961
0.239524,10.1919,23962
0.182147,9.80299,23963
0.215492,10.1976,23964
0.173539,9.80276,23965
0.197507,10.2121,23966
0.160899,9.78267,23967
0.191204,10.1928,23968
0.178147,9.8138,23969
0.22154,10.2005,23970
0.178947,9.79908,23971
0.208484,10.1979,23972
0.167619,9.80222,23973
0.211844,10.1946,23974
0.178563,9.80244,23975
0.194244,10.1843,23976
0.166915,9.81259,23977
0.232004,10.206,23978
0.175875,9.7994,23979
0.19258,10.1892,23980
0.170435,9.80414,23981
0.210851,10.2059,23982
0.176067,9.80142,23983
0.203139,10.1895,23984
0.166659,9.80785,23985
0.212292,10.2075,23986
0.171267,9.79256,23987
0.219204,10.2168,23988
0.175427,9.78302,23989
0.208068,10.1931,23990
0.172547,9.80264,23991
0.218884,10.2406,23992
0.187651,9.7627,23993
0.218628,10.1988,23994
0.177635,9.80171,23995
0.215876,10.1893,23996
0.184003,9.81198,23997
0.215332,10.2085,23998
0.179043,9.79361,23999
0.430503,9.98664,24000
0.197732,10.0091,24001
0.237509,10.2037,24002
0.170211,9.8011,24003
0.211812,10.1994,24004
0.176547,9.79915,24005
0.187907,10.1855,24006
0.183875,9.81367,24007
0.224516,10.1937,24008
0.177219,9.80568,24009
0.20682,10.1886,24010
0.178179,9.8116,24011
0.204579,10.1995,24012
0.172003,9.80171,24013
0.229188,10.2265,24014
0.176036,9.77457,24015
0.204036,10.1885,24016
0.167811,9.80875,24017
0.210147,10.2307,24018
0.181987,9.7675,24019
0.220356,10.2038,24020
0.159138,9.79739,24021
0.215044,10.233,24022
0.174531,9.76836,24023
0.217284,10.2071,24024
0.182723,9.7939,24025
0.208131,10.189,24026
0.169027,9.80654,24027
0.2201,10.197,24028
0.167587,9.80427,24029
0.195139,10.1853,24030
0.180131,9.82084,24031
0.212996,10.1959,24032
0.175939,9.79998,24033
0.219044,10.2122,24034
0.175139,9.78824,24035
0.2249,10.1976,24036
0.186307,9.80196,24037
0.232772,10.2041,24038
0.173155,9.79604,24039
0.237892,10.1999,24040
0.158914,9.79921,24041
0.188771,10.2099,24042
0.189796,9.79374,24043
0.203907,10.1819,24044
0.159139,9.81457,24045
0.214692,10.1996,24046
0.173251,9.80292,24047
0.215363,10.1984,24048
0.176196,9.80219,24049
0.214276,10.2458,24050
0.171811,9.75547,24051
0.188324,10.2228,24052
0.176355,9.77364,24053
0.212291,10.1897,24054
0.164482,9.81255,24055
0.212356,10.2295,24056
0.176803,9.76427,24057
0.207587,10.2282,24058
0.165059,9.77886,24059
0.207652,10.2171,24060
0.162178,9.77553,24061
0.244132,10.2336,24062
0.175363,9.77873,24063
0.206212,10.1956,24064
0.153507,9.79793,24065
0.223332,10.211,24066
0.181379,9.78753,24067
0.222308,10.2025,24068
0.176164,9.79588,24069
0.227396,10.2289,24070
0.179395,9.77143,24071
0.188611,10.1904,24072
0.185475,9.81313,24073
0.237412,10.2017,24074
0.172707,9.79739,24075
0.221796,10.1952,24076
0.165315,9.80382,24077
0.240772,10.2058,24078
0.183395,9.79342,24079
0.208836,10.2015,24080
0.186819,9.80126,24081
0.200196,10.187,24082
0.172259,9.81108,24083
0.23258,10.1993,24084
0.162499,9.79806,24085
0.216579,10.1917,24086
0.160483,9.80903,24087
0.211299,10.2329,24088
0.196067,9.77639,24089
0.201379,10.1881,24090
0.177731,9.80667,24091
0.196067,10.1919,24092
0.186916,9.81191,24093
0.196516,10.1847,24094
0.181123,9.81022,24095
0.221476,10.1978,24096
0.176291,9.80001,24097
0.222148,10.2049,24098
0.180323,9.79483,24099
0.226308,10.2385,24100
0.184995,9.76443,24101
0.237892,10.1997,24102
0.170243,9.79735,24103
0.19578,10.2161,24104
0.166211,9.78155,24105
0.22074,10.1995,24106
0.185699,9.8043,24107
0.208675,10.1923,24108
0.171587,9.80827,24109
0.196932,10.1921,24110
0.179043,9.80705,24111
0.219268,10.2081,24112
0.174179,9.79313,24113
0.199363,10.1958,24114
0.165603,9.7994,24115
0.216676,10.2084,24116
0.182467,9.79684,24117
0.227236,10.198,24118
0.186851,9.80203,24119
0.247301,10.2687,24120
0.172611,9.73748,24121
0.224324,10.2208,24122
0.186915,9.77387,24123
0.21802,10.2133,24124
0.178915,9.78398,24125
0.224164,10.2306,24126
0.176772,9.77098,24127
0.199555,10.2065,24128
0.177091,9.79204,24129
0.211267,10.189,24130
0.170819,9.81313,24131
0.237765,10.2023,24132
0.170819,9.79876,24133
0.496201,9.98612,24134
0.175587,10.0098,24135
0.195971,10.2512,24136
0.158147,9.74366,24137
0.212708,10.2648,24138
0.185891,9.74036,24139
0.219268,10.2303,24140
0.176451,9.77031,24141
0.200196,10.2103,24142
0.1849,9.78929,24143
0.215972,10.1807,24144
0.161987,9.82049,24145
0.228804,10.2058,24146
0.174691,9.79361,24147
0.234084,10.2267,24148
0.186019,9.77566,24149
0.217924,10.2192,24150
0.188067,9.77979,24151
0.247588,10.234,24152
0.181539,9.76583,24153
0.20378,10.186,24154
0.185443,9.81348,24155
0.196931,10.193,24156
0.161251,9.80542,24157
0.219332,10.239,24158
0.181764,9.76407,24159
0.213764,10.1836,24160
0.166883,9.81147,24161
0.22426,10.2051,24162
0.187011,9.79985,24163
0.232356,10.1965,24164
0.169891,9.80759,24165
0.2249,10.1953,24166
0.180323,9.79675,24167
0.197891,10.1925,24168
0.173571,9.81003,24169
0.251109,10.2049,24170
0.186211,9.79732,24171
0.223076,10.2069,24172
0.172771,9.79175,24173
0.210916,10.1915,24174
0.153155,9.80379,24175
0.232068,10.2112,24176
0.151234,9.79332,24177
0.21146,10.2039,24178
0.182147,9.79694,24179
0.209732,10.1857,24180
0.156803,9.80852,24181
0.184836,10.1902,24182
0.184579,9.81444,24183
0.241636,10.1995,24184
0.174531,9.79639,24185
0.192355,10.1896,24186
0.16173,9.81134,24187
0.20458,10.1912,24188
0.181091,9.81095,24189
0.223076,10.1945,24190
0.183043,9.80529,24191
0.226372,10.2218,24192
0.179651,9.77857,24193
0.216324,10.1971,24194
0.191587,9.80183,24195
0.217956,10.1915,24196
0.177635,9.81009,24197
0.245028,10.2071,24198
0.172675,9.7939,24199
0.244069,10.202,24200
0.172195,9.79694,24201
0.209892,10.203,24202
0.175363,9.79566,24203
0.246212,10.2099,24204
0.176099,9.79214,24205
0.212964,10.2489,24206
0.161155,9.74516,24207
0.231492,10.201,24208
0.185412,9.82363,24209
0.200836,10.1669,24210
0.162819,9.81079,24211
0.179171,10.2019,24212
0.191043,9.80241,24213
0.243908,10.204,24214
0.180259,9.79876,24215
0.204995,10.2051,24216
0.194883,9.80977,24217
0.205187,10.1727,24218
0.18442,9.81915,24219
0.24586,10.1997,24220
0.182852,9.79662,24221
0.230756,10.1944,24222
0.184995,9.79467,24223
0.224132,10.208,24224
0.175971,9.7963,24225
0.202083,10.1913,24226
0.173443,9.80289,24227
0.217284,10.2099,24228
0.171811,9.79399,24229
0.200675,10.1834,24230
0.169411,9.81118,24231
0.225411,10.2422,24232
0.175715,9.76177,24233
0.224292,10.1972,24234
0.165571,9.80279,24235
0.226404,10.2702,24236
0.168066,9.73236,24237
0.219236,10.1868,24238
0.172355,9.81659,24239
0.227076,10.193,24240
0.191235,9.80126,24241
0.217412,10.1957,24242
0.181315,9.80564,24243
0.231876,10.2052,24244
0.183267,9.79447,24245
0.192131,10.1944,24246
0.157282,9.81073,24247
0.230148,10.2,24248
0.179587,9.79662,24249
0.225315,10.2202,24250
0.183363,9.78436,24251
0.23706,10.2308,24252
0.166755,9.76491,24253
0.220676,10.2283,24254
0.198979,9.76887,24255
0.202948,10.193,24256
0.163299,9.80532,24257
0.223619,10.2197,24258
0.172163,9.7866,24259
0.23482,10.2056,24260
0.163907,9.78711,24261
0.205699,10.2195,24262
0.170659,9.7842,24263
0.228708,10.1885,24264
0.180803,9.81067,24265
0.208707,10.2164,24266
0.170947,9.78599,24267
0.234405,10.1974,24268
0.165859,9.79918,24269
0.202244,10.1949,24270
0.173827,9.80478,24271
0.246308,10.2123,24272
0.187075,9.79815,24273
0.235332,10.1984,24274
0.167651,9.79329,24275
0.211876,10.188,24276
0.176996,9.82897,24277
0.223268,10.1865,24278
0.157443,9.79108,24279
0.225284,10.2266,24280
0.165443,9.78052,24281
0.197059,10.1911,24282
0.192772,9.81393,24283
0.227364,10.2654,24284
0.168802,9.73915,24285
0.210212,10.1778,24286
0.165378,9.81515,24287
0.226403,10.2088,24288
0.193796,9.78641,24289
0.228356,10.2728,24290
0.187268,9.74865,24291
0.223524,10.183,24292
0.165059,9.79662,24293
0.232644,10.2026,24294
0.187332,9.79809,24295
0.221252,10.1939,24296
0.162595,9.81441,24297
0.18538,10.1633,24298
0.162211,9.83409,24299
0.214692,10.2154,24300
0.18234,9.7771,24301
0.222148,10.226,24302
0.176451,9.77786,24303
0.217188,10.198,24304
0.181571,9.80119,24305
0.209379,10.2497,24306
0.169347,9.74951,24307
0.20954,10.1943,24308
0.17818,9.81687,24309
0.226724,10.1958,24310
0.174915,9.79025,24311
0.225796,10.2035,24312
0.188163,9.79601,24313
0.231524,10.2086,24314
0.175107,9.79489,24315
0.205155,10.2201,24316
0.166115,9.7954,24317
0.255556,10.2265,24318
0.180355,9.75975,24319
0.238724,10.2006,24320
0.171491,9.8049,24321
0.238052,10.1878,24322
0.179395,9.80807,24323
0.197507,10.1885,24324
0.178851,9.80698,24325
0.226052,10.2011,24326
0.163459,9.79463,24327
0.221636,10.2017,24328
0.172419,9.80084,24329
0.22666,10.2033,24330
0.178019,9.80036,24331
0.228356,10.24,24332
0.177187,9.76097,24333
0.214467,10.2687,24334
0.187875,9.73895,24335
0.201123,10.1799,24336
0.177539,9.8073,24337
0.222851,10.1882,24338
0.169251,9.81009,24339
0.23546,10.2052,24340
0.18234,9.79982,24341
0.194595,10.2255,24342
0.159203,9.77114,24343
0.225604,10.2042,24344
0.182787,9.80471,24345
0.20922,10.1812,24346
0.172899,9.81927,24347
0.231684,10.2074,24348
0.179075,9.78558,24349
0.22618,10.2087,24350
0.184963,9.79025,24351
0.210852,10.2314,24352
0.158978,9.76811,24353
0.215428,10.2348,24354
0.179811,9.78737,24355
0.236292,10.1824,24356
0.168707,9.79851,24357
0.228324,10.1972,24358
0.184131,9.81191,24359
0.208292,10.1792,24360
0.185795,9.82487,24361
0.209924,10.1757,24362
0.172099,9.8081,24363
0.213796,10.205,24364
0.181859,9.80039,24365
0.219684,10.2662,24366
0.15885,9.72596,24367
0.22586,10.2018,24368
0.174595,9.80132,24369
0.20874,10.191,24370
0.162179,9.80558,24371
0.23194,10.2361,24372
0.183043,9.7747,24373
0.228868,10.2027,24374
0.173891,9.79505,24375
0.221731,10.2249,24376
0.183203,9.77364,24377
0.220068,10.1887,24378
0.179523,9.80737,24379
0.230308,10.213,24380
0.179588,9.78702,24381
0.205412,10.1886,24382
0.162531,9.8106,24383
0.2401,10.2047,24384
0.169155,9.79419,24385
0.229892,10.2348,24386
0.15853,9.76449,24387
0.237476,10.2417,24388
0.178403,9.76925,24389
0.210915,10.2096,24390
0.181027,9.78394,24391
0.188868,10.1881,24392
0.174915,9.81233,24393
0.243492,10.1837,24394
0.19034,9.82282,24395
0.219236,10.2245,24396
0.155554,9.76993,24397
0.2457,10.2019,24398
0.174915,9.79425,24399
0.22426,10.2031,24400
0.178723,9.80036,24401
0.203203,10.2192,24402
0.179427,9.78052,24403
0.226404,10.2433,24404
0.179299,9.75559,24405
0.229732,10.2016,24406
0.166915,9.79748,24407
0.224484,10.2032,24408
0.178403,9.80903,24409
0.2129,10.2038,24410
0.166499,9.78433,24411
0.187203,10.2093,24412
0.161922,9.79326,24413
0.242948,10.2268,24414
0.188324,9.79118,24415
0.239684,10.1914,24416
0.176003,9.80497,24417
0.225059,10.1897,24418
0.201155,9.79156,24419
0.22858,10.206,24420
0.188291,9.79623,24421
0.237956,10.2399,24422
0.182947,9.76618,24423
0.228804,10.202,24424
0.173091,9.78743,24425
0.237956,10.195,24426
0.169155,9.81399,24427
0.230244,10.1952,24428
0.173283,9.80017,24429
0.204387,10.1893,24430
0.178019,9.82058,24431
0.211364,10.1814,24432
0.184163,9.80903,24433
0.216899,10.2102,24434
0.172611,9.79012,24435
0.214404,10.2101,24436
0.171875,9.78711,24437
0.229508,10.207,24438
0.182308,9.79406,24439
0.2217,10.1945,24440
0.174595,9.80935,24441
0.236772,10.1977,24442
0.178883,9.80737,24443
0.245989,10.1967,24444
0.16685,9.7939,24445
0.24506,10.225,24446
0.168611,9.79239,24447
0.217348,10.1919,24448
0.175555,9.79297,24449
0.2385,10.2238,24450
0.180835,9.78295,24451
0.230244,10.2256,24452
0.175395,9.76596,24453
0.205987,10.1904,24454
0.159587,9.8065,24455
0.219332,10.2015,24456
0.167427,9.79879,24457
0.228516,10.2038,24458
0.174755,9.8067,24459
0.207332,10.1873,24460
0.157507,9.80574,24461
0.219652,10.209,24462
0.180291,9.79393,24463
0.215555,10.1856,24464
0.176899,9.81137,24465
0.199459,10.2176,24466
0.169506,9.7786,24467
0.206883,10.1937,24468
0.174819,9.80503,24469
0.187459,10.1818,24470
0.167523,9.81828,24471
0.235396,10.195,24472
0.172259,9.81015,24473
0.179875,10.1872,24474
0.182915,9.81121,24475
0.205252,10.1942,24476
0.168899,9.82414,24477
0.2049,10.1749,24478
0.163651,9.8075,24479
0.224452,10.206,24480
0.170467,9.80292,24481
0.201315,10.2071,24482
0.174019,9.7873,24483
0.213603,10.204,24484
0.158627,9.79431,24485
0.23402,10.2026,24486
0.165859,9.79348,24487
0.232324,10.2154,24488
0.181795,9.79406,24489
0.201731,10.185,24490
0.180035,9.80599,24491
0.210756,10.2225,24492
0.185123,9.79969,24493
0.235428,10.1877,24494
0.163683,9.80948,24495
0.231748,10.2083,24496
0.162626,9.773,24497
0.230884,10.1951,24498
0.158787,9.80772,24499
0.233604,10.2265,24500
0.176259,9.77668,24501
0.253669,10.198,24502
0.178915,9.80455,24503
0.230564,10.2259,24504
0.170787,9.78442,24505
0.234212,10.1889,24506
0.162467,9.79262,24507
0.21658,10.1949,24508
0.188259,9.81252,24509
0.207972,10.1977,24510
0.163811,9.7953,24511
0.216931,10.2082,24512
0.177155,9.79114,24513
0.249796,10.2098,24514
0.185316,9.81095,24515
0.232068,10.1881,24516
0.193412,9.79671,24517
0.243652,10.2008,24518
0.183107,9.79889,24519
0.220419,10.1992,24520
0.187172,9.8089,24521
0.254692,10.1943,24522
0.183971,9.79639,24523
0.224132,10.1978,24524
0.185987,9.81966,24525
0.242052,10.1868,24526
0.180387,9.79486,24527
0.199779,10.1906,24528
0.174339,9.81492,24529
0.213476,10.2101,24530
0.176771,9.77985,24531
0.234724,10.21,24532
0.17978,9.79185,24533
0.201827,10.1914,24534
0.174723,9.80913,24535
0.236804,10.2013,24536
0.162051,9.81863,24537
0.224132,10.196,24538
0.188387,9.7906,24539
0.211267,10.1832,24540
0.185763,9.81642,24541
0.199364,10.2118,24542
0.173891,9.78346,24543
0.23642,10.2015,24544
0.175011,9.79908,24545
0.229508,10.2608,24546
0.162339,9.74039,24547
0.228868,10.1935,24548
0.15901,9.80071,24549
0.2305,10.2585,24550
0.181891,9.76525,24551
0.220899,10.1929,24552
0.173987,9.79364,24553
0.199267,10.1768,24554
0.173123,9.81281,24555
0.22522,10.238,24556
0.176195,9.76442,24557
0.222852,10.1977,24558
0.180067,9.80132,24559
0.208644,10.1971,24560
0.154371,9.80266,24561
0.180707,10.2048,24562
0.176931,9.80474,24563
0.221444,10.212,24564
0.189379,9.785,24565
0.20858,10.1843,24566
0.160227,9.80919,24567
0.222115,10.2034,24568
0.175747,9.79924,24569
0.217508,10.231,24570
0.183811,9.77127,24571
0.222212,10.2605,24572
0.176995,9.73831,24573
0.211203,10.2018,24574
0.178595,9.79693,24575
0.242276,10.1989,24576
0.160867,9.79975,24577
0.214947,10.19,24578
0.178948,9.81146,24579
0.200963,10.1929,24580
0.165667,9.80686,24581
0.217412,10.2298,24582
0.177699,9.7699,24583
0.219236,10.2286,24584
0.173635,9.76983,24585
0.212835,10.1885,24586
0.172643,9.81098,24587
0.231684,10.2053,24588
0.164642,9.79425,24589
0.230628,10.2384,24590
0.179427,9.77034,24591
0.204388,10.2066,24592
0.174179,9.79239,24593
0.204739,10.1947,24594
0.185859,9.80289,24595
0.215139,10.198,24596
0.165603,9.79601,24597
0.217284,10.2608,24598
0.169027,9.76023,24599
0.220964,10.1794,24600
0.189155,9.8097,24601
0.226339,10.1872,24602
0.181507,9.80961,24603
0.217027,10.2646,24604
0.169603,9.7313,24605
0.206915,10.2365,24606
0.162755,9.7625,24607
0.206211,10.191,24608
0.173411,9.81585,24609
0.206019,10.2082,24610
0.165635,9.78362,24611
0.211204,10.2105,24612
0.179651,9.78977,24613
0.218596,10.1984,24614
0.181859,9.80401,24615
0.227492,10.212,24616
0.178179,9.78823,24617
0.224963,10.2663,24618
0.166147,9.73297,24619
0.217156,10.1976,24620
0.173923,9.81847,24621
0.217795,10.1813,24622
0.178403,9.80193,24623
0.23066,10.1951,24624
0.170467,9.81444,24625
0.198243,10.1782,24626
0.163011,9.81252,24627
0.219652,10.2566,24628
0.174915,9.7466,24629
0.217732,10.179,24630
0.174627,9.8163,24631
0.222467,10.218,24632
0.18842,9.78945,24633
0.212067,10.1778,24634
0.161219,9.81447,24635
0.229028,10.2139,24636
0.182755,9.79495,24637
0.219491,10.1957,24638
0.175811,9.80273,24639
0.22138,10.1835,24640
0.171715,9.81409,24641
0.239236,10.202,24642
0.172931,9.7946,24643
0.227684,10.1961,24644
0.189283,9.80868,24645
0.223651,10.2677,24646
0.173635,9.73533,24647
0.264645,10.2039,24648
0.183523,9.80065,24649
0.227556,10.192,24650
0.175939,9.80103,24651
0.237412,10.2111,24652
0.198915,9.78724,24653
0.205124,10.1831,24654
0.179299,9.82189,24655
0.236964,10.1929,24656
0.179715,9.80321,24657
0.197635,10.2094,24658
0.181923,9.79377,24659
0.208932,10.1856,24660
0.170211,9.80369,24661
0.247236,10.2358,24662
0.182979,9.78125,24663
0.217027,10.174,24664
0.191907,9.82733,24665
0.229316,10.1946,24666
0.189475,9.79748,24667
0.2065,10.1905,24668
0.178563,9.80305,24669
0.197827,10.1918,24670
0.188067,9.80666,24671
0.215236,10.2211,24672
0.176899,9.78394,24673
0.205604,10.1982,24674
0.166179,9.79393,24675
0.232228,10.2228,24676
0.179139,9.78641,24677
0.217668,10.1928,24678
0.165955,9.81677,24679
0.227043,10.1828,24680
0.168835,9.79799,24681
0.218308,10.2478,24682
0.175651,9.77665,24683
0.203779,10.1688,24684
0.180707,9.81114,24685
0.201764,10.1887,24686
0.170915,9.81338,24687
0.197892,10.2148,24688
0.182083,9.78625,24689
0.218404,10.2288,24690
0.172995,9.77076,24691
0.193891,10.2069,24692
0.174371,9.79409,24693
0.251045,10.2015,24694
0.17277,9.79671,24695
0.237636,10.2054,24696
0.184163,9.81277,24697
0.201987,10.1678,24698
0.177923,9.83297,24699
0.181443,10.1698,24700
0.169027,9.80938,24701
0.191939,10.2046,24702
0.185283,9.79591,24703
0.221443,10.2208,24704
0.185507,9.7889,24705
0.245924,10.2274,24706
0.175587,9.76551,24707
0.206851,10.1856,24708
0.160387,9.80644,24709
0.189923,10.1959,24710
0.166499,9.8163,24711
0.230404,10.1984,24712
0.174659,9.79457,24713
0.209379,10.1822,24714
0.186596,9.81828,24715
0.220324,10.2339,24716
0.182307,9.76945,24717
0.203043,10.1931,24718
0.180675,9.81172,24719
0.230916,10.1879,24720
0.176547,9.80669,24721
0.225092,10.236,24722
0.173283,9.77732,24723
0.219876,10.1807,24724
0.180835,9.82254,24725
0.23002,10.2124,24726
0.177539,9.76602,24727
0.229124,10.2061,24728
0.188836,9.80058,24729
0.245508,10.2087,24730
0.168259,9.79089,24731
0.225028,10.2161,24732
0.174851,9.78141,24733
0.199684,10.2183,24734
0.178979,9.78097,24735
0.20842,10.1912,24736
0.182755,9.81415,24737
0.224132,10.1886,24738
0.172707,9.80241,24739
0.221219,10.274,24740
0.178339,9.72868,24741
0.201347,10.2537,24742
0.162915,9.7514,24743
0.235588,10.197,24744
0.181732,9.80074,24745
0.238564,10.2027,24746
0.173123,9.79428,24747
0.187971,10.2405,24748
0.171715,9.76068,24749
0.216036,10.2073,24750
0.178883,9.79348,24751
0.24602,10.2342,24752
0.179779,9.76337,24753
0.199427,10.1981,24754
0.18282,9.80404,24755
0.24394,10.1891,24756
0.173347,9.82106,24757
0.207139,10.1763,24758
0.184867,9.82026,24759
0.183075,10.1759,24760
0.15437,9.8137,24761
0.201763,10.2119,24762
0.194147,9.79447,24763
0.21258,10.1918,24764
0.183428,9.80791,24765
0.212292,10.1986,24766
0.180611,9.7961,24767
0.200259,10.1891,24768
0.159459,9.81674,24769
0.208772,10.1842,24770
0.181219,9.8122,24771
0.218563,10.2038,24772
0.164195,9.79709,24773
0.206052,10.1985,24774
0.177379,9.79825,24775
0.217764,10.1984,24776
0.179459,9.8066,24777
0.197411,10.2011,24778
0.185059,9.80689,24779
0.217508,10.197,24780
0.1793,9.79108,24781
0.237892,10.2327,24782
0.168963,9.77213,24783
0.203172,10.2116,24784
0.173603,9.78212,24785
0.22762,10.2084,24786
0.164483,9.79495,24787
0.240548,10.2009,24788
0.185891,9.80532,24789
0.220932,10.1934,24790
0.185731,9.80554,24791
0.223236,10.2215,24792
0.184036,9.7929,24793
0.204324,10.1705,24794
0.171299,9.80506,24795
0.224836,10.1938,24796
0.186435,9.81015,24797
0.195011,10.1915,24798
0.168547,9.80765,24799
0.192131,10.2112,24800
0.181924,9.79175,24801
0.194723,10.1921,24802
0.181795,9.80458,24803
0.21898,10.2323,24804
0.193379,9.7705,24805
0.237156,10.2019,24806
0.177763,9.79777,24807
0.201859,10.1963,24808
0.167874,9.79623,24809
0.195523,10.1875,24810
0.167715,9.8137,24811
0.219939,10.2318,24812
0.179075,9.77149,24813
0.213668,10.1987,24814
0.161603,9.79908,24815
0.208772,10.1814,24816
0.179267,9.82452,24817
0.214627,10.2107,24818
0.173827,9.78109,24819
0.224419,10.206,24820
0.169859,9.79652,24821
0.193283,10.1972,24822
0.168995,9.80484,24823
0.225636,10.2049,24824
0.173891,9.7969,24825
0.222564,10.2341,24826
0.180227,9.77281,24827
0.205476,10.2096,24828
0.173379,9.78132,24829
0.231524,10.2069,24830
0.167906,9.79319,24831
0.222084,10.2126,24832
0.194691,9.79271,24833
0.231652,10.1897,24834
0.168163,9.80692,24835
0.233028,10.1951,24836
0.160386,9.80045,24837
0.228324,10.2047,24838
0.180227,9.80055,24839
0.227012,10.2073,24840
0.176515,9.78855,24841
0.226788,10.2015,24842
0.185475,9.80273,24843
0.22282,10.2239,24844
0.179043,9.77828,24845
0.217668,10.2347,24846
0.182339,9.76314,24847
0.199587,10.2162,24848
0.180771,9.78641,24849
0.226468,10.2362,24850
0.189508,9.76017,24851
0.201027,10.2124,24852
0.169795,9.7905,24853
0.196675,10.1951,24854
0.192644,9.80349,24855
0.208067,10.1879,24856
0.176163,9.82753,24857
0.22938,10.1826,24858
0.173827,9.80045,24859
0.231012,10.2144,24860
0.175651,9.78007,24861
0.22186,10.2088,24862
0.190403,9.8066,24863
0.197667,10.1868,24864
0.165891,9.801,24865
0.216548,10.2098,24866
0.182083,9.79271,24867
0.193475,10.1872,24868
0.167011,9.81069,24869
0.22378,10.2247,24870
0.170499,9.77825,24871
0.184483,10.2002,24872
0.173987,9.80372,24873
0.20346,10.1863,24874
0.173474,9.82861,24875
0.228548,10.1879,24876
0.165091,9.79584,24877
0.223108,10.2263,24878
0.191011,9.78817,24879
0.217924,10.1961,24880
0.166722,9.79165,24881
0.238564,10.2192,24882
0.195428,9.77316,24883
0.22682,10.206,24884
0.174979,9.79501,24885
0.209635,10.1905,24886
0.177155,9.81485,24887
0.17866,10.1864,24888
0.173475,9.80916,24889
0.221091,10.2056,24890
0.178083,9.80349,24891
0.192515,10.1926,24892
0.190371,9.80439,24893
0.24826,10.1945,24894
0.188899,9.80708,24895
0.261604,10.2112,24896
0.199747,9.79962,24897
0.211972,10.1775,24898
0.176291,9.81668,24899
0.233764,10.1965,24900
0.19738,9.79149,24901
0.203939,10.2033,24902
0.177411,9.79738,24903
0.239908,10.2303,24904
0.187043,9.77537,24905
0.232227,10.1989,24906
0.174019,9.80279,24907
0.202083,10.1821,24908
0.170179,9.81002,24909
0.231652,10.2237,24910
0.176931,9.78388,24911
0.232388,10.1865,24912
0.175043,9.8064,24913
0.215812,10.1879,24914
0.178147,9.82199,24915
0.227236,10.1984,24916
0.183779,9.7921,24917
0.213475,10.1889,24918
0.178979,9.81466,24919
0.225092,10.2321,24920
0.187843,9.76682,24921
0.223203,10.2077,24922
0.193187,9.80903,24923
0.225731,10.193,24924
0.188132,9.78932,24925
0.209956,10.1963,24926
0.188547,9.80868,24927
0.22954,10.1991,24928
0.193443,9.80196,24929
0.245732,10.1917,24930
0.16589,9.79645,24931
0.196772,10.1963,24932
0.182435,9.8089,24933
0.184323,10.1914,24934
0.172003,9.81402,24935
0.208963,10.2442,24936
0.185379,9.74644,24937
0.2361,10.1994,24938
0.167907,9.80826,24939
0.229764,10.2009,24940
0.179139,9.79879,24941
0.20234,10.2061,24942
0.175683,9.78375,24943
0.218275,10.1979,24944
0.169827,9.81668,24945
0.243524,10.1907,24946
0.180163,9.79962,24947
0.201156,10.191,24948
0.171555,9.82289,24949
0.2169,10.2063,24950
0.174051,9.78039,24951
0.219268,10.2254,24952
0.180355,9.77716,24953
0.195715,10.215,24954
0.16365,9.77837,24955
0.242596,10.1993,24956
0.185507,9.81092,24957
0.201859,10.1788,24958
0.182659,9.8242,24959
0.20522,10.2007,24960
0.188291,9.7897,24961
0.204355,10.2591,24962
0.191939,9.74042,24963
0.216292,10.1969,24964
0.178947,9.80292,24965
0.233572,10.2046,24966
0.180483,9.80087,24967
0.205667,10.2366,24968
0.166979,9.75437,24969
0.214852,10.1871,24970
0.174531,9.83591,24971
0.221379,10.1846,24972
0.181539,9.79303,24973
0.208676,10.1919,24974
0.185059,9.80743,24975
0.20682,10.2136,24976
0.176995,9.78948,24977
0.192931,10.1961,24978
0.175779,9.80301,24979
0.215203,10.2038,24980
0.188163,9.7993,24981
0.192068,10.2074,24982
0.188547,9.79242,24983
0.22506,10.2206,24984
0.159715,9.77165,24985
0.224835,10.2068,24986
0.161219,9.81575,24987
0.232228,10.1861,24988
0.187556,9.7969,24989
0.215652,10.2297,24990
0.184003,9.77037,24991
0.192611,10.1992,24992
0.188451,9.81159,24993
0.219459,10.1991,24994
0.187267,9.79037,24995
0.207716,10.2173,24996
0.181091,9.792,24997
0.199811,10.21,24998
0.172067,9.79613,24999
0.213571,10.1816,25000
0.175331,9.8049,25001
0.188515,10.2002,25002
0.169635,9.7928,25003
0.224131,10.2093,25004
0.167395,9.80215,25005
0.217924,10.205,25006
0.184548,9.78858,25007
0.210116,10.1959,25008
0.167043,9.80356,25009
0.189315,10.2474,25010
0.165955,9.74912,25011
0.203108,10.1913,25012
0.165955,9.82903,25013
0.212419,10.1644,25014
0.172259,9.81536,25015
0.229732,10.2295,25016
0.16237,9.77821,25017
0.195779,10.1863,25018
0.177539,9.808,25019
0.215108,10.195,25020
0.181283,9.80922,25021
0.200164,10.1863,25022
0.174275,9.80928,25023
0.227588,10.212,25024
0.171843,9.79338,25025
0.21946,10.2319,25026
0.176451,9.7649,25027
0.213571,10.1871,25028
0.166851,9.81197,25029
0.221412,10.2406,25030
0.179747,9.75978,25031
0.217923,10.1988,25032
0.161059,9.7994,25033
0.222788,10.2005,25034
0.177283,9.80845,25035
0.207075,10.1881,25036
0.159619,9.82157,25037
0.220324,10.1875,25038
0.174179,9.79876,25039
0.19818,10.1876,25040
0.168451,9.82477,25041
0.204291,10.17,25042
0.176419,9.81252,25043
0.220068,10.2511,25044
0.171491,9.75776,25045
0.242788,10.1994,25046
0.167267,9.8001,25047
0.198851,10.2144,25048
0.185731,9.78551,25049
0.207011,10.1963,25050
0.188195,9.81796,25051
0.190851,10.1761,25052
0.183459,9.81501,25053
0.235364,10.1894,25054
0.173059,9.81472,25055
0.225444,10.2032,25056
0.171843,9.78637,25057
0.207652,10.1857,25058
0.170147,9.81002,25059
0.212355,10.2434,25060
0.184451,9.76791,25061
0.220228,10.1854,25062
0.166371,9.81921,25063
0.231364,10.1815,25064
0.175075,9.79754,25065
0.229124,10.2115,25066
0.196643,9.80004,25067
0.198179,10.2123,25068
0.184355,9.78548,25069
0.221476,10.1749,25070
0.169219,9.83597,25071
0.228547,10.2371,25072
0.182499,9.7472,25073
0.203939,10.1947,25074
0.160322,9.80525,25075
0.203236,10.1889,25076
0.183907,9.81085,25077
0.21146,10.1997,25078
0.166211,9.79904,25079
0.241124,10.2493,25080
0.181635,9.75783,25081
0.190371,10.206,25082
0.184387,9.79341,25083
0.225315,10.2146,25084
0.168066,9.7753,25085
0.223012,10.2146,25086
0.170211,9.79187,25087
0.222244,10.2271,25088
0.157795,9.76855,25089
0.189603,10.2034,25090
0.181603,9.79924,25091
0.217956,10.2024,25092
0.180835,9.80308,25093
0.208836,10.2005,25094
0.183203,9.79328,25095
0.237124,10.2007,25096
0.180355,9.80084,25097
0.20378,10.1879,25098
0.167843,9.8193,25099
0.23866,10.1881,25100
0.181827,9.80416,25101
0.23226,10.2092,25102
0.16429,9.8072,25103
0.214147,10.1808,25104
0.16829,9.80564,25105
0.2217,10.2096,25106
0.171491,9.79194,25107
0.205347,10.2314,25108
0.165955,9.76189,25109
0.223684,10.2352,25110
0.178723,9.77479,25111
0.199747,10.1773,25112
0.174115,9.81287,25113
0.229955,10.2042,25114
0.173731,9.79536,25115
0.243556,10.2043,25116
0.184708,9.8033,25117
0.260772,10.2106,25118
0.180771,9.78976,25119
0.231044,10.199,25120
0.177411,9.79424,25121
0.250981,10.2277,25122
0.181027,9.78119,25123
0.23482,10.2044,25124
0.171491,9.80756,25125
0.246084,10.1852,25126
0.185667,9.80135,25127
0.22522,10.1951,25128
0.171075,9.79616,25129
0.212483,10.2088,25130
0.176131,9.79655,25131
0.235684,10.1974,25132
0.156674,9.81741,25133
0.234212,10.185,25134
0.185028,9.79428,25135
0.206307,10.201,25136
0.171267,9.80775,25137
0.236068,10.202,25138
0.163971,9.79482,25139
0.209731,10.229,25140
0.187715,9.76992,25141
0.197475,10.188,25142
0.174275,9.82004,25143
0.217796,10.1791,25144
0.189027,9.83213,25145
0.244356,10.2153,25146
0.177763,9.78317,25147
0.248004,10.2059,25148
0.169155,9.77383,25149
0.23706,10.2135,25150
0.175394,9.78618,25151
0.244164,10.2254,25152
0.191587,9.7761,25153
0.21898,10.1966,25154
0.187459,9.80797,25155
0.211972,10.2054,25156
0.188995,9.78775,25157
0.221508,10.203,25158
0.176195,9.80007,25159
0.221059,10.2082,25160
0.189284,9.80035,25161
0.261348,10.1992,25162
0.183427,9.81101,25163
0.22378,10.19,25164
0.17245,9.79456,25165
0.212867,10.1889,25166
0.188131,9.81188,25167
0.24234,10.1976,25168
0.174147,9.81501,25169
0.20698,10.1806,25170
0.182659,9.8122,25171
0.233476,10.1961,25172
0.182563,9.80141,25173
0.253156,10.2056,25174
0.170659,9.78877,25175
0.22346,10.2287,25176
0.185508,9.77767,25177
0.227076,10.2638,25178
0.172451,9.7248,25179
0.23306,10.2204,25180
0.174307,9.79949,25181
0.193347,10.1965,25182
0.188963,9.80621,25183
0.225828,10.1822,25184
0.196611,9.81917,25185
0.219684,10.1736,25186
0.160195,9.80362,25187
0.235524,10.2129,25188
0.186883,9.79664,25189
0.204707,10.1829,25190
0.174787,9.8129,25191
0.215587,10.2056,25192
0.181443,9.79514,25193
0.242852,10.2319,25194
0.180931,9.77479,25195
0.219395,10.2071,25196
0.160035,9.78467,25197
0.241412,10.209,25198
0.167363,9.79588,25199
0.242596,10.2264,25200
0.168611,9.76906,25201
0.23498,10.2018,25202
0.179651,9.80567,25203
0.218403,10.1904,25204
0.187043,9.80573,25205
0.209059,10.219,25206
0.178755,9.78615,25207
0.213092,10.1763,25208
0.180323,9.81268,25209
0.235076,10.194,25210
0.196771,9.80739,25211
0.208067,10.1908,25212
0.183331,9.81821,25213
0.2385,10.2599,25214
0.173155,9.74832,25215
0.211427,10.198,25216
0.186787,9.78183,25217
0.195395,10.1856,25218
0.156003,9.81325,25219
0.211172,10.2044,25220
0.176771,9.79591,25221
0.223844,10.2016,25222
0.173411,9.80855,25223
0.2305,10.2181,25224
0.168515,9.77456,25225
0.220387,10.2018,25226
0.175075,9.80176,25227
0.224996,10.2284,25228
0.17853,9.77168,25229
0.220388,10.2002,25230
0.184515,9.79447,25231
0.220004,10.2049,25232
0.175427,9.79965,25233
0.223684,10.2014,25234
0.185795,9.80141,25235
0.200324,10.1828,25236
0.172643,9.83015,25237
0.23178,10.2151,25238
0.166691,9.78106,25239
0.223844,10.1888,25240
0.174723,9.8154,25241
0.237732,10.177,25242
0.181827,9.8096,25243
0.231684,10.2042,25244
0.189283,9.79741,25245
0.2481,10.1896,25246
0.189635,9.82199,25247
0.241188,10.1971,25248
0.194755,9.78711,25249
0.206916,10.1995,25250
0.162786,9.80983,25251
0.194436,10.1915,25252
0.184003,9.80708,25253
0.219844,10.2414,25254
0.186467,9.75136,25255
0.274276,10.1769,25256
0.185827,9.83776,25257
0.230979,10.1743,25258
0.169283,9.80589,25259
0.247172,10.2011,25260
0.196259,9.80522,25261
0.222212,10.1824,25262
0.166562,9.82647,25263
0.210436,10.1842,25264
0.183843,9.80596,25265
0.234756,10.2008,25266
0.177219,9.80055,25267
0.204835,10.2626,25268
0.174659,9.73447,25269
0.224579,10.1978,25270
0.182275,9.81255,25271
0.25978,10.1923,25272
0.177315,9.8001,25273
0.193891,10.1893,25274
0.181187,9.80986,25275
0.24826,10.2085,25276
0.183267,9.78746,25277
0.204835,10.1841,25278
0.169379,9.81351,25279
0.219235,10.189,25280
0.154147,9.81984,25281
0.234308,10.1999,25282
0.195011,9.79267,25283
0.232036,10.2021,25284
0.186179,9.81815,25285
0.219204,10.1898,25286
0.169762,9.78954,25287
0.185539,10.185,25288
0.164707,9.81392,25289
0.21178,10.206,25290
0.166818,9.80324,25291
0.177891,10.195,25292
0.179971,9.80967,25293
0.236548,10.1914,25294
0.180931,9.79575,25295
0.222628,10.2216,25296
0.180291,9.78039,25297
0.243268,10.2,25298
0.161026,9.80842,25299
0.223939,10.1922,25300
0.183427,9.79895,25301
0.233284,10.196,25302
0.179811,9.80669,25303
0.220995,10.1995,25304
0.176099,9.79587,25305
0.213796,10.1993,25306
0.174723,9.80256,25307
0.222691,10.2007,25308
0.175075,9.79888,25309
0.223588,10.1944,25310
0.177923,9.80627,25311
0.18634,10.1782,25312
0.175875,9.82096,25313
0.202851,10.1852,25314
0.182051,9.81226,25315
0.216579,10.2053,25316
0.165827,9.80039,25317
0.213956,10.2655,25318
0.168195,9.72938,25319
0.203235,10.1929,25320
0.167683,9.81053,25321
0.232323,10.2104,25322
0.179203,9.79047,25323
0.23066,10.1964,25324
0.184163,9.80512,25325
0.221315,10.2102,25326
0.185987,9.80573,25327
0.244612,10.1895,25328
0.157826,9.80736,25329
0.235491,10.1927,25330
0.178819,9.80115,25331
0.219908,10.1903,25332
0.174403,9.80099,25333
0.21498,10.2427,25334
0.165859,9.76301,25335
0.235812,10.1959,25336
0.165858,9.81044,25337
0.18874,10.1818,25338
0.161699,9.81328,25339
0.244036,10.1883,25340
0.188739,9.81088,25341
0.226627,10.2052,25342
0.174019,9.78442,25343
0.250053,10.2243,25344
0.169218,9.78426,25345
0.253189,10.1924,25346
0.174051,9.8049,25347
0.224644,10.195,25348
0.174147,9.80253,25349
0.215107,10.2073,25350
0.159459,9.788,25351
0.214308,10.2012,25352
0.177795,9.80237,25353
0.199843,10.1966,25354
0.182659,9.82477,25355
0.227492,10.1888,25356
0.173507,9.79754,25357
0.202019,10.1989,25358
0.157379,9.79363,25359
0.228036,10.2065,25360
0.177282,9.79364,25361
0.208355,10.1924,25362
0.157763,9.80423,25363
0.225412,10.2142,25364
0.173827,9.80896,25365
0.245796,10.1905,25366
0.171875,9.79661,25367
0.227779,10.2237,25368
0.152194,9.7681,25369
0.22058,10.2117,25370
0.159171,9.78509,25371
0.190531,10.1806,25372
0.166114,9.82099,25373
0.22426,10.2122,25374
0.187107,9.79677,25375
0.218916,10.1908,25376
0.16477,9.79962,25377
0.227748,10.2135,25378
0.157603,9.78602,25379
0.21946,10.2034,25380
0.171491,9.80855,25381
0.188099,10.1763,25382
0.181123,9.81856,25383
0.221028,10.1956,25384
0.165314,9.80343,25385
0.219876,10.2327,25386
0.153027,9.76534,25387
0.223684,10.2283,25388
0.147042,9.77664,25389
0.242628,10.2126,25390
0.180355,9.78509,25391
0.196643,10.2273,25392
0.177507,9.7705,25393
0.186211,10.175,25394
0.189475,9.84451,25395
0.233348,10.2521,25396
0.180579,9.74762,25397
0.226532,10.1829,25398
0.158594,9.79923,25399
0.224195,10.1713,25400
0.186083,9.8264,25401
0.220067,10.2272,25402
0.182724,9.79287,25403
0.252452,10.1938,25404
0.192419,9.80675,25405
0.23242,10.2119,25406
0.192803,9.77789,25407
0.218275,10.2373,25408
0.185475,9.76285,25409
0.200835,10.2383,25410
0.174755,9.74995,25411
0.194947,10.2337,25412
0.161827,9.78157,25413
0.226083,10.1894,25414
0.173122,9.80221,25415
0.23658,10.2309,25416
0.184195,9.77133,25417
0.225892,10.2113,25418
0.172995,9.78368,25419
0.208132,10.1874,25420
0.181219,9.81181,25421
0.218916,10.2524,25422
0.162787,9.74378,25423
0.215811,10.2021,25424
0.169858,9.80432,25425
0.190563,10.1804,25426
0.166946,9.81229,25427
0.227812,10.221,25428
0.163779,9.78583,25429
0.189891,10.1895,25430
0.164323,9.80602,25431
0.220771,10.2011,25432
0.171683,9.79991,25433
0.202243,10.187,25434
0.160226,9.82205,25435
0.21978,10.1992,25436
0.155522,9.79341,25437
0.22906,10.2061,25438
0.184067,9.7897,25439
0.204964,10.2091,25440
0.179107,9.81184,25441
0.231427,10.1871,25442
0.166115,9.79411,25443
0.214692,10.2202,25444
0.168322,9.78035,25445
0.21594,10.202,25446
0.173539,9.79946,25447
0.222307,10.2276,25448
0.165603,9.77235,25449
0.200964,10.1847,25450
0.154467,9.81149,25451
0.23162,10.19,25452
0.175106,9.8193,25453
0.214563,10.1932,25454
0.156482,9.80506,25455
0.231428,10.1973,25456
0.178339,9.79437,25457
0.214755,10.2215,25458
0.174211,9.78294,25459
0.190307,10.2133,25460
0.174307,9.7889,25461
0.198627,10.1944,25462
0.155139,9.7975,25463
0.211331,10.1821,25464
0.178915,9.82195,25465
0.231428,10.199,25466
0.180291,9.80125,25467
0.233732,10.2293,25468
0.164803,9.76835,25469
0.223428,10.1974,25470
0.173347,9.80311,25471
0.236388,10.2283,25472
0.176482,9.77485,25473
0.209347,10.2001,25474
0.184675,9.80119,25475
0.197187,10.185,25476
0.164099,9.81171,25477
0.22266,10.1947,25478
0.169091,9.80666,25479
0.194276,10.1898,25480
0.165475,9.80672,25481
0.211396,10.2208,25482
0.177379,9.78279,25483
0.240996,10.2099,25484
0.164578,9.78391,25485
0.228131,10.2326,25486
0.185699,9.77443,25487
0.216644,10.1986,25488
0.180195,9.80432,25489
0.206947,10.1921,25490
0.175523,9.80355,25491
0.185347,10.1991,25492
0.179043,9.79923,25493
0.225508,10.2214,25494
0.16397,9.77402,25495
0.200579,10.2183,25496
0.170659,9.78352,25497
0.227107,10.2151,25498
0.184899,9.7911,25499
0.215075,10.2309,25500
0.183203,9.76886,25501
0.203748,10.1912,25502
0.169443,9.8001,25503
0.222596,10.2027,25504
0.166371,9.79898,25505
0.217028,10.1974,25506
0.161891,9.80541,25507
0.220804,10.2104,25508
0.181123,9.79245,25509
0.202435,10.1832,25510
0.182083,9.82301,25511
0.218115,10.1851,25512
0.160611,9.804,25513
0.205123,10.1999,25514
0.168387,9.80179,25515
0.226755,10.1998,25516
0.165187,9.80147,25517
0.217123,10.1998,25518
0.165763,9.80307,25519
0.211779,10.2627,25520
0.15453,9.72979,25521
0.190756,10.2034,25522
0.184867,9.80487,25523
0.216996,10.2039,25524
0.181027,9.80506,25525
0.235044,10.191,25526
0.193572,9.79968,25527
0.245924,10.2047,25528
0.175299,9.79389,25529
0.2289,10.203,25530
0.178531,9.80192,25531
0.234884,10.2662,25532
0.191747,9.73178,25533
0.208963,10.187,25534
0.186531,9.81709,25535
0.240484,10.1959,25536
0.190083,9.79296,25537
0.23354,10.2072,25538
0.183267,9.79559,25539
0.201124,10.187,25540
0.180611,9.81223,25541
0.235556,10.1774,25542
0.175586,9.82,25543
0.245732,10.2216,25544
0.178659,9.78813,25545
0.209091,10.2071,25546
0.158403,9.7841,25547
0.229348,10.2031,25548
0.178051,9.80381,25549
0.195459,10.1824,25550
0.173059,9.80816,25551
0.196611,10.2008,25552
0.177059,9.8032,25553
0.225572,10.2115,25554
0.161027,9.78534,25555
0.236644,10.2127,25556
0.183651,9.79251,25557
0.211076,10.2403,25558
0.172835,9.75978,25559
0.194852,10.1853,25560
0.163874,9.81104,25561
0.209411,10.2118,25562
0.188291,9.7912,25563
0.226307,10.2055,25564
0.186019,9.79542,25565
0.23258,10.1947,25566
0.165794,9.80378,25567
0.211076,10.2025,25568
0.180451,9.79578,25569
0.194083,10.2541,25570
0.154179,9.74643,25571
0.190531,10.195,25572
0.185315,9.80576,25573
0.2217,10.197,25574
0.183459,9.80535,25575
0.236708,10.1911,25576
0.164195,9.81011,25577
0.219748,10.2041,25578
0.186083,9.78947,25579
0.197699,10.2154,25580
0.167395,9.7912,25581
0.210691,10.1909,25582
0.187779,9.80963,25583
0.231172,10.207,25584
0.178819,9.79514,25585
0.22666,10.1999,25586
0.157858,9.79379,25587
0.188643,10.1926,25588
0.177091,9.82755,25589
0.220451,10.1822,25590
0.161539,9.79373,25591
0.193028,10.2236,25592
0.179587,9.78627,25593
0.231268,10.202,25594
0.172258,9.81277,25595
0.212131,10.2085,25596
0.168963,9.78019,25597
0.214052,10.191,25598
0.173091,9.8201,25599
0.213412,10.1707,25600
0.170787,9.81658,25601
0.221123,10.2196,25602
0.178659,9.77798,25603
0.223204,10.198,25604
0.182915,9.7983,25605
0.221348,10.2014,25606
0.190179,9.80122,25607
0.199268,10.2165,25608
0.157506,9.77939,25609
0.225508,10.1907,25610
0.153155,9.80618,25611
0.214724,10.2507,25612
0.171171,9.752,25613
0.198723,10.1905,25614
0.178371,9.80899,25615
0.212099,10.2342,25616
0.179555,9.76838,25617
0.233188,10.1969,25618
0.162722,9.79744,25619
0.235716,10.2132,25620
0.188932,9.80298,25621
0.205379,10.1737,25622
0.183523,9.8153,25623
0.229892,10.2047,25624
0.181123,9.79302,25625
0.220899,10.2044,25626
0.178915,9.79776,25627
0.231044,10.1959,25628
0.167202,9.80448,25629
0.194947,10.1844,25630
0.153699,9.80797,25631
0.223108,10.2061,25632
0.172387,9.80416,25633
0.205252,10.2129,25634
0.169058,9.78528,25635
0.212547,10.195,25636
0.174531,9.80448,25637
0.252996,10.1973,25638
0.170754,9.8016,25639
0.22906,10.2015,25640
0.170563,9.80067,25641
0.230916,10.2324,25642
0.161122,9.76054,25643
0.231108,10.2184,25644
0.182947,9.78861,25645
0.245796,10.2332,25646
0.178531,9.7632,25647
0.230404,10.2381,25648
0.183331,9.77504,25649
0.197507,10.2028,25650
0.161987,9.78262,25651
0.220771,10.2163,25652
0.171363,9.7887,25653
0.221508,10.1997,25654
0.154915,9.79322,25655
0.216515,10.2045,25656
0.180995,9.79904,25657
0.20698,10.1992,25658
0.174627,9.80522,25659
0.214532,10.2187,25660
0.184675,9.77891,25661
0.224004,10.1912,25662
0.158883,9.81373,25663
0.23162,10.2,25664
0.167298,9.79283,25665
0.224803,10.2078,25666
0.173474,9.8127,25667
0.232548,10.2135,25668
0.194627,9.78134,25669
0.219972,10.2546,25670
0.186947,9.74346,25671
0.202564,10.1852,25672
0.191107,9.80896,25673
0.238532,10.1654,25674
0.181795,9.83136,25675
0.228451,10.1983,25676
0.159491,9.79946,25677
0.207812,10.2041,25678
0.178563,9.7977,25679
0.229508,10.2098,25680
0.168067,9.78819,25681
0.22186,10.1927,25682
0.183971,9.82707,25683
0.2225,10.1896,25684
0.172067,9.79901,25685
0.224676,10.2223,25686
0.172579,9.77789,25687
0.22682,10.1881,25688
0.194659,9.80877,25689
0.21482,10.1947,25690
0.179843,9.80234,25691
0.198179,10.1925,25692
0.174626,9.80858,25693
0.208035,10.1854,25694
0.182627,9.81264,25695
0.223364,10.2027,25696
0.19178,9.81558,25697
0.220195,10.1954,25698
0.183107,9.78621,25699
0.198403,10.2121,25700
0.179555,9.78096,25701
0.172355,9.99802,25702
0.176163,10.012,25703
0.233027,10.2036,25704
0.188387,9.80506,25705
0.212611,10.1734,25706
0.15821,9.81987,25707
0.199363,10.1775,25708
0.179331,9.83549,25709
0.211972,10.1755,25710
0.162723,9.80976,25711
0.219908,10.2306,25712
0.168162,9.7679,25713
0.200387,10.1879,25714
0.153603,9.81299,25715
0.200452,10.1924,25716
0.169315,9.80138,25717
0.220355,10.2,25718
0.169154,9.80461,25719
0.216675,10.1845,25720
0.165347,9.81539,25721
0.228612,10.2025,25722
0.196355,9.79603,25723
0.219684,10.2302,25724
0.169698,9.77514,25725
0.215523,10.1901,25726
0.180163,9.82307,25727
0.221475,10.2102,25728
0.178115,9.78112,25729
0.209252,10.1866,25730
0.159779,9.80426,25731
0.226532,10.2256,25732
0.168643,9.78816,25733
0.222948,10.199,25734
0.184035,9.78525,25735
0.21834,10.1772,25736
0.169698,9.83725,25737
0.212739,10.1975,25738
0.161474,9.79152,25739
0.213763,10.2231,25740
0.185251,9.78288,25741
0.205091,10.176,25742
0.171139,9.81328,25743
0.199492,10.1838,25744
0.191779,9.8185,25745
0.221315,10.1761,25746
0.171459,9.83123,25747
0.224516,10.2008,25748
0.168515,9.79357,25749
0.210947,10.1895,25750
0.182083,9.81194,25751
0.218435,10.1894,25752
0.164802,9.80355,25753
0.214052,10.1885,25754
0.168643,9.81613,25755
0.225315,10.1968,25756
0.172835,9.80016,25757
0.2377,10.1989,25758
0.181699,9.80128,25759
0.229124,10.1961,25760
0.159139,9.80749,25761
0.2129,10.1886,25762
0.179811,9.82957,25763
0.195363,10.1693,25764
0.159106,9.81917,25765
0.225924,10.1799,25766
0.187907,9.81715,25767
0.214788,10.1955,25768
0.185731,9.81706,25769
0.211011,10.1751,25770
0.176355,9.82237,25771
0.194659,10.1843,25772
0.172387,9.80288,25773
0.226723,10.2052,25774
0.184739,9.78867,25775
0.222915,10.2068,25776
0.17421,9.79539,25777
0.217412,10.2045,25778
0.179203,9.79725,25779
0.196323,10.1858,25780
0.172739,9.82541,25781
0.199332,10.1725,25782
0.17373,9.81677,25783
0.202755,10.1883,25784
0.178563,9.81152,25785
0.217252,10.2606,25786
0.182275,9.73891,25787
0.199587,10.1854,25788
0.184099,9.81606,25789
0.210371,10.1838,25790
0.176323,9.81206,25791
0.199875,10.198,25792
0.185187,9.82134,25793
0.21722,10.1817,25794
0.175138,9.80355,25795
0.204707,10.1806,25796
0.178338,9.82195,25797
0.231012,10.1999,25798
0.17261,9.79718,25799
0.192227,10.1865,25800
0.167331,9.80566,25801
0.230052,10.2021,25802
0.17501,9.8063,25803
0.195363,10.1835,25804
0.15997,9.81472,25805
0.237124,10.1997,25806
0.183171,9.80598,25807
0.22746,10.1899,25808
0.164322,9.80566,25809
0.192995,10.1921,25810
0.167715,9.82128,25811
0.220131,10.1548,25812
0.16221,9.83347,25813
0.218308,10.1924,25814
0.176227,9.80352,25815
0.219428,10.2022,25816
0.187939,9.81642,25817
0.224804,10.208,25818
0.191523,9.79299,25819
0.192899,10.2017,25820
0.156098,9.77741,25821
0.220739,10.207,25822
0.181379,9.7975,25823
0.2497,10.232,25824
0.183491,9.76672,25825
0.183394,10.1991,25826
0.179427,9.81056,25827
0.242372,10.2011,25828
0.192419,9.79097,25829
0.19946,10.1887,25830
0.169667,9.80982,25831
0.192067,10.1984,25832
0.157858,9.79872,25833
0.23578,10.2134,25834
0.169763,9.78275,25835
0.222243,10.2036,25836
0.173731,9.8199,25837
0.208739,10.1773,25838
0.166339,9.81833,25839
0.191331,10.1691,25840
0.179139,9.81904,25841
0.182211,10.1868,25842
0.168131,9.81251,25843
0.250052,10.2,25844
0.166915,9.81446,25845
0.215395,10.1818,25846
0.179555,9.81558,25847
0.216099,10.259,25848
0.166723,9.72608,25849
0.209923,10.1942,25850
0.158307,9.80531,25851
0.231684,10.2135,25852
0.173475,9.78566,25853
0.233476,10.2046,25854
0.182563,9.81619,25855
0.203331,10.1801,25856
0.164419,9.81184,25857
0.206019,10.1779,25858
0.175811,9.81136,25859
0.204323,10.219,25860
0.179395,9.77894,25861
0.215907,10.1874,25862
0.168259,9.81539,25863
0.223555,10.1964,25864
0.173155,9.82272,25865
0.221539,10.181,25866
0.169027,9.79926,25867
0.235076,10.2036,25868
0.175267,9.79757,25869
0.223876,10.1984,25870
0.159139,9.79978,25871
0.24138,10.2185,25872
0.178563,9.78589,25873
0.212836,10.207,25874
0.197988,9.80058,25875
0.188739,10.1803,25876
0.171299,9.81011,25877
0.252037,10.228,25878
0.188259,9.78931,25879
0.258148,10.1853,25880
0.184131,9.80387,25881
0.231972,10.1986,25882
0.185795,9.79542,25883
0.220068,10.1964,25884
0.192644,9.81546,25885
0.215876,10.2113,25886
0.175363,9.78374,25887
0.202787,10.1853,25888
0.171491,9.80832,25889
0.200419,10.1793,25890
0.149442,9.81353,25891
0.216516,10.2084,25892
0.179203,9.7992,25893
0.222212,10.2288,25894
0.176707,9.77094,25895
0.222851,10.2084,25896
0.18125,9.80957,25897
0.211651,10.1649,25898
0.176323,9.83366,25899
0.234532,10.1899,25900
0.157698,9.80425,25901
0.219203,10.1812,25902
0.178467,9.82377,25903
0.230308,10.2072,25904
0.179395,9.78483,25905
0.2169,10.1964,25906
0.169443,9.79136,25907
0.210179,10.2449,25908
0.185347,9.76653,25909
0.228451,10.1859,25910
0.160163,9.80413,25911
0.230148,10.196,25912
0.184579,9.81306,25913
0.194435,10.19,25914
0.193283,9.808,25915
0.209251,10.1803,25916
0.179874,9.81811,25917
0.223779,10.199,25918
0.183587,9.796,25919
0.230852,10.199,25920
0.162083,9.81766,25921
0.224612,10.1797,25922
0.174274,9.80598,25923
0.238308,10.1956,25924
0.173987,9.80717,25925
0.211075,10.2239,25926
0.184579,9.79165,25927
0.219715,10.2043,25928
0.162051,9.78403,25929
0.217507,10.1852,25930
0.175586,9.81081,25931
0.198083,10.1906,25932
0.190499,9.80483,25933
0.234276,10.2065,25934
0.173443,9.79587,25935
0.23226,10.2047,25936
0.175683,9.81299,25937
0.222756,10.2187,25938
0.194339,9.77337,25939
0.237412,10.2069,25940
0.181475,9.8023,25941
0.249188,10.16,25942
0.189347,9.82902,25943
0.229604,10.1946,25944
0.176643,9.81405,25945
0.2417,10.1864,25946
0.184099,9.81261,25947
0.225763,10.1925,25948
0.188195,9.80957,25949
0.237988,10.2152,25950
0.161474,9.76246,25951
0.231684,10.2034,25952
0.173154,9.80202,25953
0.205124,10.2366,25954
0.186083,9.76781,25955
0.221827,10.2078,25956
0.180291,9.79542,25957
0.246724,10.2056,25958
0.177539,9.78128,25959
0.220163,10.2061,25960
0.168931,9.79123,25961
0.227267,10.2116,25962
0.182851,9.80541,25963
0.216612,10.1873,25964
0.172259,9.80243,25965
0.191043,10.1843,25966
0.178019,9.82765,25967
0.248196,10.2019,25968
0.181891,9.79523,25969
0.212324,10.1912,25970
0.162467,9.79805,25971
0.22266,10.1947,25972
0.166722,9.8063,25973
0.202403,10.1973,25974
0.185571,9.80617,25975
0.191107,10.1783,25976
0.176003,9.81498,25977
0.219844,10.2078,25978
0.168867,9.79203,25979
0.192227,10.1957,25980
0.174307,9.81344,25981
0.169858,10.1809,25982
0.173763,9.81613,25983
0.208323,10.2013,25984
0.184227,9.81414,25985
0.209635,10.209,25986
0.177635,9.79075,25987
0.1905,10.1775,25988
0.187491,9.80265,25989
0.210563,10.1964,25990
0.169027,9.81926,25991
0.220963,10.1919,25992
0.178402,9.80461,25993
0.232804,10.1898,25994
0.167171,9.81446,25995
0.231556,10.1838,25996
0.176515,9.80979,25997
0.208547,10.1829,25998
0.185731,9.81757,25999
0.228132,10.2351,26000
0.176963,9.7583,26001
0.212388,10.1814,26002
0.176451,9.83517,26003
0.252196,10.248,26004
0.187331,9.73814,26005
0.218275,10.2243,26006
0.185763,9.77929,26007
0.228803,10.1851,26008
0.170883,9.80617,26009
0.196899,10.2105,26010
0.153155,9.78745,26011
0.207588,10.2309,26012
0.179779,9.78025,26013
0.196739,10.1773,26014
0.171587,9.81545,26015
0.227139,10.1976,26016
0.174242,9.79987,26017
0.224516,10.2054,26018
0.161219,9.79078,26019
0.206275,10.2318,26020
0.183619,9.77405,26021
0.205027,10.1939,26022
0.170083,9.80649,26023
0.23578,10.2581,26024
0.181411,9.75981,26025
0.210947,10.1858,26026
0.177539,9.79651,26027
0.21514,10.2004,26028
0.166371,9.80342,26029
0.25354,10.1981,26030
0.175107,9.81497,26031
0.220292,10.1814,26032
0.179683,9.7976,26033
0.20282,10.1969,26034
0.16541,9.82074,26035
0.251812,10.1614,26036
0.179843,9.82377,26037
0.200868,10.1908,26038
0.161443,9.80537,26039
0.247268,10.2178,26040
0.187075,9.79504,26041
0.254181,10.1972,26042
0.164226,9.80822,26043
0.24746,10.1799,26044
0.178403,9.8127,26045
0.226148,10.1973,26046
0.180515,9.80381,26047
0.243908,10.2006,26048
0.189507,9.79094,26049
0.235716,10.2193,26050
0.160835,9.77942,26051
0.232643,10.2069,26052
0.174274,9.80163,26053
0.229476,10.2258,26054
0.175683,9.77437,26055
0.198147,10.2095,26056
0.156323,9.78028,26057
0.222979,10.2077,26058
0.181827,9.80425,26059
0.234339,10.2171,26060
0.159683,9.77974,26061
0.22746,10.2281,26062
0.167203,9.78384,26063
0.201251,10.1769,26064
0.177027,9.80518,26065
0.222755,10.201,26066
0.166754,9.80621,26067
0.244132,10.1954,26068
0.175235,9.81462,26069
0.218915,10.2498,26070
0.164258,9.73718,26071
0.250788,10.2083,26072
0.161346,9.78867,26073
0.212964,10.2063,26074
0.176963,9.79206,26075
0.240196,10.2064,26076
0.189859,9.79625,26077
0.229892,10.1941,26078
0.176867,9.80502,26079
0.197604,10.19,26080
0.167106,9.80301,26081
0.238116,10.2122,26082
0.178371,9.79721,26083
0.228676,10.2299,26084
0.170114,9.76771,26085
0.198915,10.2119,26086
0.158627,9.78192,26087
0.22906,10.202,26088
0.164451,9.79801,26089
0.223043,10.2341,26090
0.180867,9.78806,26091
0.2161,10.1719,26092
0.185603,9.80921,26093
0.203332,10.1908,26094
0.175043,9.81081,26095
0.228451,10.2001,26096
0.178563,9.79725,26097
0.212643,10.1945,26098
0.177987,9.81424,26099
0.230116,10.206,26100
0.164227,9.78768,26101
0.228676,10.1887,26102
0.165475,9.80925,26103
0.234052,10.2073,26104
0.177986,9.79421,26105
0.239908,10.2396,26106
0.184547,9.77945,26107
0.239108,10.182,26108
0.176867,9.79901,26109
0.222948,10.2322,26110
0.175459,9.7774,26111
0.214052,10.2105,26112
0.179683,9.78912,26113
0.213027,10.193,26114
0.169059,9.80083,26115
0.23434,10.2013,26116
0.180131,9.79993,26117
0.19818,10.2114,26118
0.168034,9.79417,26119
0.188035,10.2056,26120
0.16813,9.78397,26121
0.225796,10.1979,26122
0.165475,9.80221,26123
0.207075,10.1931,26124
0.163331,9.8112,26125
0.224515,10.1918,26126
0.190916,9.82381,26127
0.200707,10.1624,26128
0.174339,9.81696,26129
0.216868,10.1973,26130
0.152291,9.79993,26131
0.233348,10.2384,26132
0.183587,9.77497,26133
0.22474,10.1933,26134
0.182307,9.80141,26135
0.229924,10.1903,26136
0.178083,9.80589,26137
0.209859,10.1924,26138
0.175363,9.80054,26139
0.23306,10.2136,26140
0.186723,9.79264,26141
0.240612,10.2053,26142
0.165155,9.79181,26143
0.204899,10.1876,26144
0.192035,9.81622,26145
0.230916,10.1987,26146
0.176707,9.80141,26147
0.235812,10.2001,26148
0.178051,9.79648,26149
0.219523,10.2168,26150
0.187075,9.78393,26151
0.211363,10.2231,26152
0.195555,9.7832,26153
0.225764,10.2003,26154
0.169891,9.79552,26155
0.251204,10.1979,26156
0.187363,9.80464,26157
0.230532,10.1933,26158
0.181347,9.81497,26159
0.226467,10.2178,26160
0.177987,9.77382,26161
0.203428,10.188,26162
0.15645,9.80393,26163
0.234276,10.2163,26164
0.175683,9.79219,26165
0.222147,10.201,26166
0.180163,9.79376,26167
0.232451,10.2377,26168
0.185891,9.77366,26169
0.211075,10.2223,26170
0.174787,9.76835,26171
0.203139,10.1905,26172
0.165314,9.80953,26173
0.247204,10.2375,26174
0.165762,9.76102,26175
0.226883,10.207,26176
0.178083,9.79558,26177
0.228131,10.2042,26178
0.179715,9.79152,26179
0.22218,10.2283,26180
0.182307,9.77654,26181
0.204388,10.2127,26182
0.186723,9.80573,26183
0.230052,10.1877,26184
0.179234,9.79254,26185
0.199939,10.1894,26186
0.176835,9.80835,26187
0.197475,10.192,26188
0.174755,9.80998,26189
0.235588,10.2022,26190
0.185955,9.7991,26191
0.204227,10.1861,26192
0.169154,9.81571,26193
0.215108,10.1806,26194
0.186178,9.82377,26195
0.224771,10.194,26196
0.187779,9.80617,26197
0.242212,10.1989,26198
0.182531,9.79056,26199
0.2193,10.2101,26200
0.174723,9.7912,26201
0.186435,10.1861,26202
0.182371,9.81712,26203
0.189443,10.1893,26204
0.160963,9.82313,26205
0.219779,10.2362,26206
0.160002,9.74585,26207
0.23882,10.203,26208
0.164642,9.81766,26209
0.225379,10.1803,26210
0.176675,9.80086,26211
0.194915,10.2145,26212
0.163555,9.78512,26213
0.225252,10.2121,26214
0.180451,9.78784,26215
0.235108,10.2032,26216
0.168259,9.79468,26217
0.224932,10.2178,26218
0.175619,9.78621,26219
0.227108,10.2,26220
0.181155,9.79869,26221
0.200387,10.198,26222
0.181891,9.81414,26223
0.226883,10.1907,26224
0.176194,9.80835,26225
0.223812,10.2265,26226
0.174403,9.77232,26227
0.230916,10.1922,26228
0.187139,9.81884,26229
0.23642,10.1934,26230
0.185379,9.78902,26231
0.209923,10.1914,26232
0.172995,9.80963,26233
0.227332,10.2077,26234
0.184035,9.79296,26235
0.225892,10.2118,26236
0.177026,9.78534,26237
0.230179,10.2036,26238
0.16269,9.80064,26239
0.228451,10.2005,26240
0.183747,9.80121,26241
0.21162,10.1813,26242
0.166979,9.81971,26243
0.212035,10.2207,26244
0.178211,9.7792,26245
0.233635,10.2272,26246
0.166947,9.76224,26247
0.226148,10.2015,26248
0.184835,9.80745,26249
0.236964,10.2015,26250
0.181891,9.79654,26251
0.212163,10.185,26252
0.173858,9.8119,26253
0.228675,10.1927,26254
0.181315,9.812,26255
0.227428,10.1827,26256
0.184003,9.82211,26257
0.22842,10.198,26258
0.191555,9.79174,26259
0.232196,10.2079,26260
0.185635,9.79388,26261
0.204996,10.2155,26262
0.185059,9.7991,26263
0.229188,10.1906,26264
0.194659,9.79417,26265
0.213379,10.1899,26266
0.174242,9.811,26267
0.21946,10.2179,26268
0.15885,9.79094,26269
0.212515,10.198,26270
0.169027,9.79404,26271
0.190019,10.1683,26272
0.180195,9.84339,26273
0.220036,10.1717,26274
0.188547,9.82128,26275
0.188867,10.1777,26276
0.193475,9.81638,26277
0.207811,10.1947,26278
0.15693,9.80233,26279
0.216452,10.2383,26280
0.178466,9.76227,26281
0.193283,10.191,26282
0.17021,9.81123,26283
0.227972,10.1899,26284
0.174979,9.8167,26285
0.222372,10.1907,26286
0.188707,9.79939,26287
0.207428,10.222,26288
0.176739,9.77596,26289
0.231651,10.2076,26290
0.191107,9.80064,26291
0.215875,10.1876,26292
0.169027,9.80659,26293
0.178563,10.1611,26294
0.172291,9.85286,26295
0.22906,10.1896,26296
0.178947,9.79731,26297
0.225828,10.204,26298
0.167043,9.79129,26299
0.221411,10.2119,26300
0.192611,9.79632,26301
0.197411,10.2288,26302
0.163715,9.76819,26303
0.247396,10.2063,26304
0.182819,9.80515,26305
0.232356,10.1945,26306
0.180291,9.79772,26307
0.229316,10.2017,26308
0.186051,9.79315,26309
0.224036,10.2066,26310
0.185699,9.79427,26311
0.208228,10.2197,26312
0.163907,9.7782,26313
0.225123,10.2205,26314
0.185699,9.79052,26315
0.220452,10.1957,26316
0.170403,9.79385,26317
0.202051,10.2016,26318
0.168002,9.79696,26319
0.227843,10.2224,26320
0.166146,9.78764,26321
0.229187,10.1861,26322
0.179075,9.80675,26323
0.239172,10.203,26324
0.195907,9.80016,26325
0.206755,10.1875,26326
0.161699,9.8086,26327
0.212995,10.2235,26328
0.165826,9.78028,26329
0.224388,10.1936,26330
0.174819,9.8039,26331
0.205923,10.19,26332
0.163331,9.81452,26333
0.238148,10.1944,26334
0.171619,9.80156,26335
0.229284,10.2029,26336
0.180451,9.81644,26337
0.219459,10.1783,26338
0.170146,9.79955,26339
0.238883,10.2372,26340
0.161603,9.76083,26341
0.227684,10.2346,26342
0.161826,9.76348,26343
0.209635,10.2482,26344
0.181699,9.76009,26345
0.210659,10.1879,26346
0.185379,9.81347,26347
0.201955,10.2087,26348
0.168002,9.79033,26349
0.250372,10.1974,26350
0.168579,9.80355,26351
0.216003,10.1934,26352
0.182467,9.8031,26353
0.25514,10.2298,26354
0.182563,9.77673,26355
0.225316,10.2013,26356
0.179427,9.79692,26357
0.215683,10.2058,26358
0.189347,9.7928,26359
0.219363,10.1963,26360
0.184227,9.80867,26361
0.205092,10.1738,26362
0.17533,9.81824,26363
0.205411,10.189,26364
0.193603,9.81014,26365
0.227331,10.2029,26366
0.167298,9.7918,26367
0.221828,10.2006,26368
0.165731,9.8094,26369
0.221667,10.1892,26370
0.187299,9.80646,26371
0.219236,10.2012,26372
0.176322,9.79942,26373
0.204707,10.1929,26374
0.182563,9.82675,26375
0.241764,10.2032,26376
0.179459,9.77497,26377
0.186723,10.2276,26378
0.166147,9.78035,26379
0.200163,10.1805,26380
0.174243,9.81974,26381
0.221636,10.1977,26382
0.172642,9.79833,26383
0.237284,10.1922,26384
0.170211,9.811,26385
0.215012,10.189,26386
0.173539,9.80809,26387
0.200131,10.188,26388
0.168675,9.80815,26389
0.211427,10.2026,26390
0.170786,9.80195,26391
0.204803,10.1771,26392
0.172771,9.82675,26393
0.239299,10.186,26394
0.169603,9.81315,26395
0.228259,10.1819,26396
0.168994,9.81955,26397
0.227043,10.2223,26398
0.176003,9.76928,26399
0.216419,10.2311,26400
0.170595,9.7728,26401
0.229988,10.2282,26402
0.183074,9.78336,26403
0.227396,10.1902,26404
0.169763,9.81587,26405
0.222499,10.1823,26406
0.172323,9.8056,26407
0.218531,10.1965,26408
0.159715,9.80204,26409
0.248964,10.1863,26410
0.176354,9.81283,26411
0.19786,10.1967,26412
0.169891,9.79411,26413
0.219747,10.2749,26414
0.179491,9.72806,26415
0.217923,10.1952,26416
0.184099,9.80313,26417
0.221027,10.2245,26418
0.181923,9.77657,26419
0.205731,10.2028,26420
0.174947,9.79772,26421
0.201443,10.1862,26422
0.180995,9.81628,26423
0.212867,10.1845,26424
0.179843,9.81424,26425
0.225699,10.197,26426
0.182115,9.80057,26427
0.189923,10.195,26428
0.181603,9.81481,26429
0.224356,10.2599,26430
0.178307,9.74316,26431
0.197507,10.178,26432
0.156195,9.8262,26433
0.446311,9.97011,26434
0.166211,10.0152,26435
0.208739,10.1824,26436
0.185283,9.83654,26437
0.233828,10.1831,26438
0.158978,9.79753,26439
0.224868,10.2344,26440
0.180643,9.76937,26441
0.203203,10.1898,26442
0.186083,9.80368,26443
0.225636,10.2076,26444
0.180003,9.80403,26445
0.19994,10.1825,26446
0.177635,9.8191,26447
0.239108,10.1968,26448
0.174467,9.79305,26449
0.211588,10.2127,26450
0.190147,9.78793,26451
0.197188,10.1908,26452
0.173955,9.8112,26453
0.215875,10.1969,26454
0.182147,9.81081,26455
0.198115,10.1778,26456
0.17869,9.80816,26457
0.203523,10.1908,26458
0.176899,9.8134,26459
0.227043,10.1997,26460
0.172323,9.80335,26461
0.197635,10.2461,26462
0.182947,9.74822,26463
0.22058,10.207,26464
0.175651,9.79385,26465
0.188995,10.1974,26466
0.162083,9.79977,26467
0.219267,10.2004,26468
0.181027,9.80236,26469
0.214628,10.1992,26470
0.172482,9.79913,26471
0.201859,10.2189,26472
0.165219,9.78102,26473
0.22778,10.2119,26474
0.177187,9.79897,26475
0.225572,10.1928,26476
0.173251,9.80956,26477
0.181122,10.1931,26478
0.176643,9.79766,26479
0.220484,10.2267,26480
0.167843,9.76614,26481
0.228836,10.2117,26482
0.186883,9.79347,26483
0.257828,10.2145,26484
0.173891,9.79247,26485
0.224547,10.2589,26486
0.158659,9.73574,26487
0.223203,10.1922,26488
0.171363,9.80492,26489
0.22586,10.1833,26490
0.177858,9.82576,26491
0.22282,10.1807,26492
0.169411,9.80959,26493
0.229731,10.1958,26494
0.180643,9.82643,26495
0.209668,10.1636,26496
0.178883,9.8326,26497
0.216515,10.2012,26498
0.168866,9.78844,26499
0.239844,10.2388,26500
0.184131,9.75404,26501
0.196419,10.193,26502
0.178563,9.81404,26503
0.200547,10.1889,26504
0.168482,9.80988,26505
0.215107,10.1993,26506
0.173026,9.79526,26507
0.227107,10.1942,26508
0.180355,9.81708,26509
0.229123,10.2265,26510
0.16989,9.76566,26511
0.225411,10.1969,26512
0.175171,9.80175,26513
0.241668,10.2134,26514
0.157154,9.7887,26515
0.205443,10.1865,26516
0.163395,9.82681,26517
0.22538,10.1839,26518
0.179107,9.79804,26519
0.205379,10.1753,26520
0.176931,9.82428,26521
0.205091,10.2095,26522
0.161794,9.79011,26523
0.212452,10.2185,26524
0.174371,9.78809,26525
0.240611,10.2239,26526
0.178147,9.78015,26527
0.210947,10.186,26528
0.154402,9.80335,26529
0.220067,10.2501,26530
0.15293,9.74847,26531
0.249636,10.2092,26532
0.161859,9.8014,26533
0.224452,10.1938,26534
0.191267,9.81929,26535
0.198883,10.182,26536
0.173059,9.7927,26537
0.213699,10.2392,26538
0.192131,9.77574,26539
0.220388,10.1894,26540
0.173027,9.80748,26541
0.196707,10.1809,26542
0.159203,9.81001,26543
0.21402,10.2647,26544
0.181059,9.73567,26545
0.21274,10.19,26546
0.170755,9.81609,26547
0.216003,10.2285,26548
0.167075,9.77091,26549
0.225892,10.1944,26550
0.177283,9.8063,26551
0.196707,10.1809,26552
0.152643,9.81388,26553
0.198531,10.2184,26554
0.17837,9.79897,26555
0.227651,10.1942,26556
0.17325,9.80137,26557
0.248388,10.1945,26558
0.170339,9.79177,26559
0.245187,10.2648,26560
0.177762,9.7462,26561
0.189891,10.1771,26562
0.160579,9.80867,26563
0.223715,10.207,26564
0.185442,9.79772,26565
0.217283,10.2705,26566
0.16557,9.73673,26567
0.197348,10.1776,26568
0.16013,9.81289,26569
0.227876,10.2356,26570
0.182819,9.77807,26571
0.206179,10.2016,26572
0.16429,9.78179,26573
0.23162,10.214,26574
0.176451,9.79791,26575
0.233636,10.2085,26576
0.172194,9.78182,26577
0.181571,10.2028,26578
0.176163,9.80425,26579
0.231236,10.2295,26580
0.180675,9.7871,26581
0.210819,10.1741,26582
0.166242,9.80806,26583
0.24442,10.2673,26584
0.181667,9.73401,26585
0.231652,10.1997,26586
0.177955,9.79823,26587
0.232707,10.1948,26588
0.168226,9.79804,26589
0.208004,10.2092,26590
0.153858,9.8111,26591
0.22938,10.1859,26592
0.164547,9.79833,26593
0.240676,10.2008,26594
0.184995,9.80079,26595
0.236387,10.2025,26596
0.183843,9.8007,26597
0.218308,10.1893,26598
0.173987,9.82636,26599
0.232612,10.1833,26600
0.184899,9.7999,26601
0.201283,10.2417,26602
0.169699,9.75954,26603
0.222947,10.1905,26604
0.176579,9.81606,26605
0.233348,10.1919,26606
0.179523,9.81731,26607
0.213539,10.1686,26608
0.183395,9.80943,26609
0.189347,10.1926,26610
0.189251,9.81785,26611
0.237827,10.1934,26612
0.16349,9.79862,26613
0.219076,10.1894,26614
0.155106,9.80937,26615
0.227364,10.1935,26616
0.172451,9.81209,26617
0.243812,10.2008,26618
0.169891,9.79673,26619
0.225315,10.2053,26620
0.179747,9.80265,26621
0.226916,10.1896,26622
0.162754,9.80041,26623
0.22106,10.2007,26624
0.174275,9.80086,26625
0.23258,10.2096,26626
0.180835,9.79004,26627
0.26186,10.2021,26628
0.174947,9.81318,26629
0.217219,10.2214,26630
0.182435,9.76505,26631
0.24426,10.206,26632
0.162595,9.7919,26633
0.213347,10.1944,26634
0.168707,9.80371,26635
0.191715,10.182,26636
0.171555,9.81433,26637
0.2105,10.2004,26638
0.179811,9.80611,26639
0.192963,10.2564,26640
0.168355,9.73919,26641
0.184579,10.1939,26642
0.165251,9.80623,26643
0.234723,10.2055,26644
0.176259,9.80863,26645
0.228771,10.1892,26646
0.186147,9.8014,26647
0.227844,10.1963,26648
0.161827,9.79849,26649
0.212804,10.1687,26650
0.177059,9.83475,26651
0.223811,10.1875,26652
0.167107,9.80796,26653
0.206308,10.1969,26654
0.16317,9.80316,26655
0.218019,10.2222,26656
0.171426,9.79334,26657
0.203555,10.1879,26658
0.174627,9.80179,26659
0.229091,10.1986,26660
0.179651,9.81987,26661
0.182915,10.1759,26662
0.167427,9.81039,26663
0.200131,10.1898,26664
0.169154,9.81119,26665
0.229412,10.1835,26666
0.173315,9.81206,26667
0.223587,10.1975,26668
0.188163,9.8007,26669
0.203972,10.1951,26670
0.179363,9.80854,26671
0.224003,10.2252,26672
0.167138,9.76956,26673
0.186275,10.1935,26674
0.167747,9.80873,26675
0.225827,10.1931,26676
0.176835,9.82521,26677
0.218052,10.2139,26678
0.177923,9.76694,26679
0.198883,10.1994,26680
0.177602,9.80675,26681
0.222148,10.1927,26682
0.173027,9.80003,26683
0.220259,10.1926,26684
0.180835,9.81059,26685
0.2225,10.2346,26686
0.174083,9.76614,26687
0.225987,10.1942,26688
0.165954,9.80035,26689
0.2241,10.1999,26690
0.183427,9.80182,26691
0.180611,10.1956,26692
0.16957,9.80652,26693
0.225636,10.2342,26694
0.170339,9.76415,26695
0.220932,10.2328,26696
0.170114,9.76745,26697
0.21898,10.1889,26698
0.182083,9.83075,26699
0.220067,10.1779,26700
0.161091,9.79961,26701
0.197283,10.1977,26702
0.174819,9.80367,26703
0.223587,10.2048,26704
0.175458,9.80515,26705
0.209187,10.2179,26706
0.177827,9.79318,26707
0.206595,10.1783,26708
0.186211,9.81971,26709
0.2201,10.1844,26710
0.156514,9.78995,26711
0.221188,10.2428,26712
0.165251,9.76316,26713
0.209539,10.1997,26714
0.173474,9.79622,26715
0.236003,10.2004,26716
0.169443,9.80931,26717
0.212195,10.1893,26718
0.162851,9.82351,26719
0.249924,10.1986,26720
0.168867,9.78767,26721
0.198659,10.1887,26722
0.177219,9.81503,26723
0.217283,10.2,26724
0.175363,9.80444,26725
0.218436,10.1993,26726
0.176706,9.78633,26727
0.223268,10.2416,26728
0.162115,9.76172,26729
0.212131,10.1871,26730
0.167266,9.8223,26731
0.250628,10.1974,26732
0.181027,9.79635,26733
0.211107,10.1892,26734
0.172162,9.80796,26735
0.208164,10.1964,26736
0.161923,9.81052,26737
0.221667,10.183,26738
0.168866,9.81283,26739
0.227139,10.221,26740
0.174435,9.7758,26741
0.214179,10.1985,26742
0.181026,9.79903,26743
0.201955,10.1889,26744
0.172963,9.81468,26745
0.218243,10.2002,26746
0.193379,9.8063,26747
0.233764,10.1921,26748
0.183267,9.80303,26749
0.237348,10.2052,26750
0.183427,9.80204,26751
0.192739,10.1868,26752
0.15693,9.79843,26753
0.254116,10.2679,26754
0.17629,9.74508,26755
0.211523,10.1802,26756
0.176707,9.81737,26757
0.229156,10.2169,26758
0.178723,9.77651,26759
0.236611,10.2254,26760
0.189283,9.78547,26761
0.205859,10.1974,26762
0.178787,9.79411,26763
0.23434,10.1983,26764
0.169475,9.80457,26765
0.219907,10.1949,26766
0.177506,9.81865,26767
0.212772,10.1867,26768
0.184419,9.80751,26769
0.2289,10.2146,26770
0.170339,9.77478,26771
0.218788,10.2663,26772
0.16285,9.73334,26773
0.238628,10.2338,26774
0.183971,9.77052,26775
0.248708,10.1937,26776
0.156994,9.80204,26777
0.217379,10.2058,26778
0.195459,9.81209,26779
0.233828,10.1828,26780
0.170691,9.80495,26781
0.230691,10.1972,26782
0.181539,9.81158,26783
0.217668,10.1878,26784
0.189731,9.7943,26785
0.237316,10.2398,26786
0.169762,9.78258,26787
0.223363,10.1791,26788
0.169346,9.80002,26789
0.249124,10.2016,26790
0.176611,9.80636,26791
0.23226,10.2674,26792
0.162051,9.74114,26793
0.230948,10.184,26794
0.177699,9.79814,26795
0.221443,10.2061,26796
0.175714,9.8095,26797
0.242948,10.218,26798
0.180739,9.77923,26799
0.24042,10.1885,26800
0.173795,9.79993,26801
0.22458,10.2121,26802
0.164323,9.79289,26803
0.25482,10.1929,26804
0.180642,9.81107,26805
0.227555,10.1977,26806
0.180515,9.81356,26807
0.234371,10.1782,26808
0.17277,9.80153,26809
0.224676,10.2052,26810
0.167139,9.81468,26811
0.206339,10.1748,26812
0.163715,9.80639,26813
0.217347,10.2201,26814
0.187651,9.78114,26815
0.235747,10.2075,26816
0.196611,9.79558,26817
0.201603,10.2102,26818
0.165443,9.79151,26819
0.24266,10.1993,26820
0.171331,9.79519,26821
0.23066,10.2371,26822
0.188707,9.78217,26823
0.237379,10.1875,26824
0.181539,9.80326,26825
0.211811,10.1783,26826
0.164322,9.80806,26827
0.224772,10.2089,26828
0.181667,9.80633,26829
0.251972,10.1948,26830
0.172227,9.79919,26831
0.237283,10.2185,26832
0.164099,9.78057,26833
0.227043,10.2129,26834
0.164258,9.78822,26835
0.220195,10.1959,26836
0.189379,9.80998,26837
0.212515,10.1841,26838
0.165827,9.80646,26839
0.227812,10.1974,26840
0.186403,9.81011,26841
0.237923,10.1962,26842
0.168195,9.79551,26843
0.239268,10.2293,26844
0.175363,9.77782,26845
0.217187,10.1891,26846
0.182563,9.80975,26847
0.234724,10.2051,26848
0.177219,9.78921,26849
0.245028,10.1977,26850
0.169506,9.819,26851
0.239268,10.2126,26852
0.167714,9.77257,26853
0.201923,10.1918,26854
0.178563,9.81225,26855
0.199715,10.1843,26856
0.170435,9.81807,26857
0.241284,10.1727,26858
0.174787,9.82434,26859
0.236804,10.1962,26860
0.180547,9.79788,26861
0.193443,10.1996,26862
0.16461,9.81126,26863
0.226947,10.1937,26864
0.190147,9.80895,26865
0.222979,10.221,26866
0.175491,9.76924,26867
0.205603,10.1833,26868
0.171459,9.81267,26869
0.236292,10.2019,26870
0.179043,9.79807,26871
0.203363,10.198,26872
0.174178,9.80236,26873
0.239908,10.2136,26874
0.180099,9.78812,26875
0.201795,10.1954,26876
0.186851,9.80521,26877
0.230948,10.197,26878
0.174978,9.81529,26879
0.235844,10.2142,26880
0.166883,9.76498,26881
0.225283,10.1998,26882
0.189763,9.82082,26883
0.207203,10.1806,26884
0.174147,9.80921,26885
0.204771,10.1812,26886
0.187426,9.82323,26887
0.203235,10.1788,26888
0.175555,9.80834,26889
0.211971,10.1957,26890
0.169795,9.8061,26891
0.227908,10.2295,26892
0.176643,9.77215,26893
0.200867,10.1922,26894
0.157763,9.81193,26895
0.216419,10.2576,26896
0.174563,9.73775,26897
0.222467,10.1921,26898
0.183459,9.82409,26899
0.236867,10.1804,26900
0.177859,9.81017,26901
0.234403,10.2008,26902
0.177187,9.79414,26903
0.203747,10.2131,26904
0.177475,9.79145,26905
0.213732,10.1855,26906
0.179587,9.81939,26907
0.224516,10.1677,26908
0.180323,9.82438,26909
0.234788,10.1994,26910
0.174307,9.80502,26911
0.231875,10.2191,26912
0.188611,9.77868,26913
0.222468,10.1914,26914
0.176706,9.80786,26915
0.211172,10.2125,26916
0.185026,9.78361,26917
0.232292,10.1967,26918
0.193187,9.80732,26919
0.236132,10.2644,26920
0.167267,9.72975,26921
0.223876,10.1994,26922
0.186211,9.80114,26923
0.202947,10.2068,26924
0.175619,9.7958,26925
0.217123,10.2031,26926
0.182691,9.80402,26927
0.24906,10.1827,26928
0.159939,9.80847,26929
0.230691,10.2021,26930
0.178787,9.80399,26931
0.183139,10.2044,26932
0.193987,9.79558,26933
0.205635,10.1861,26934
0.180035,9.82201,26935
0.211331,10.1753,26936
0.200099,9.81177,26937
0.208548,10.1847,26938
0.184963,9.81449,26939
0.209475,10.2162,26940
0.165763,9.78438,26941
0.24058,10.217,26942
0.195651,9.78178,26943
0.2137,10.1897,26944
0.161282,9.81689,26945
0.227684,10.2282,26946
0.176386,9.7622,26947
0.235204,10.205,26948
0.177763,9.81635,26949
0.236772,10.1913,26950
0.171906,9.78966,26951
0.208547,10.2214,26952
0.160994,9.7926,26953
0.229892,10.1858,26954
0.177538,9.80182,26955
0.168419,10.2494,26956
0.178819,9.7662,26957
0.198915,10.1747,26958
0.183395,9.82479,26959
0.222115,10.1782,26960
0.17869,9.81782,26961
0.208643,10.1796,26962
0.177858,9.82604,26963
0.189923,10.18,26964
0.168546,9.81695,26965
0.225572,10.1979,26966
0.18029,9.80531,26967
0.231396,10.1871,26968
0.166243,9.79321,26969
0.243491,10.1935,26970
0.197699,9.81394,26971
0.226563,10.1957,26972
0.169795,9.80146,26973
0.201636,10.1828,26974
0.177379,9.83167,26975
0.226275,10.1774,26976
0.189539,9.80697,26977
0.220995,10.2016,26978
0.164002,9.79263,26979
0.204163,10.1902,26980
0.161186,9.80883,26981
0.216355,10.2106,26982
0.181155,9.80073,26983
0.210275,10.1775,26984
0.174979,9.81891,26985
0.214692,10.2099,26986
0.181283,9.8053,26987
0.224707,10.1762,26988
0.175586,9.81177,26989
0.2193,10.2272,26990
0.171907,9.76962,26991
0.202915,10.1843,26992
0.165059,9.81388,26993
0.203043,10.1977,26994
0.166402,9.80338,26995
0.215139,10.1913,26996
0.179298,9.82546,26997
0.243332,10.1894,26998
0.176355,9.7951,26999
0.213091,10.1937,27000
0.181443,9.80758,27001
0.236131,10.2029,27002
0.180483,9.79513,27003
0.211363,10.184,27004
0.170371,9.81567,27005
0.23386,10.2042,27006
0.177603,9.81065,27007
0.24458,10.1908,27008
0.17453,9.80246,27009
0.205187,10.2113,27010
0.181539,9.77714,27011
0.211875,10.256,27012
0.188483,9.76191,27013
0.203012,10.2258,27014
0.171682,9.77174,27015
0.210275,10.1944,27016
0.177795,9.80079,27017
0.246596,10.203,27018
0.184451,9.78748,27019
0.254916,10.272,27020
0.162402,9.72828,27021
0.224419,10.2052,27022
0.190115,9.80658,27023
0.234596,10.2053,27024
0.187971,9.79154,27025
0.203299,10.2141,27026
0.161218,9.77586,27027
0.226019,10.2111,27028
0.186147,9.79337,27029
0.23498,10.2456,27030
0.195939,9.75164,27031
0.228132,10.2689,27032
0.169986,9.73538,27033
0.219971,10.1943,27034
0.168387,9.79945,27035
0.202339,10.1939,27036
0.180707,9.80735,27037
0.221347,10.2066,27038
0.181059,9.80146,27039
0.229027,10.2076,27040
0.177251,9.78908,27041
0.197955,10.1937,27042
0.170755,9.80086,27043
0.197603,10.1864,27044
0.187587,9.8135,27045
0.226883,10.2025,27046
0.17709,9.81641,27047
0.247811,10.1914,27048
0.177507,9.79215,27049
0.197923,10.2119,27050
0.181475,9.78882,27051
0.200963,10.1873,27052
0.169378,9.81497,27053
0.216963,10.207,27054
0.189859,9.80018,27055
0.226084,10.1935,27056
0.165603,9.80236,27057
0.227428,10.2236,27058
0.18077,9.77282,27059
0.227523,10.2252,27060
0.175459,9.76975,27061
0.240899,10.2408,27062
0.178595,9.76143,27063
0.203299,10.2113,27064
0.159778,9.79423,27065
0.235043,10.2097,27066
0.180419,9.78991,27067
0.231556,10.1956,27068
0.174499,9.8047,27069
0.241956,10.1893,27070
0.17805,9.80847,27071
0.193987,10.1865,27072
0.181251,9.81711,27073
0.192899,10.1893,27074
0.174403,9.80172,27075
0.235204,10.2185,27076
0.182883,9.79148,27077
0.227715,10.1999,27078
0.16765,9.80281,27079
0.245444,10.1904,27080
0.185923,9.80914,27081
0.205827,10.1828,27082
0.170659,9.8239,27083
0.205571,10.1796,27084
0.16333,9.81593,27085
0.219684,10.1816,27086
0.180098,9.82348,27087
0.225091,10.1784,27088
0.175874,9.79993,27089
0.213411,10.1844,27090
0.161443,9.83468,27091
0.201764,10.1803,27092
0.153666,9.80319,27093
0.215619,10.2127,27094
0.182083,9.787,27095
0.233124,10.2107,27096
0.17357,9.80207,27097
0.211268,10.2225,27098
0.169603,9.78399,27099
0.23114,10.2554,27100
0.164803,9.7229,27101
0.215108,10.1933,27102
0.162114,9.81663,27103
0.178627,10.1518,27104
0.161187,9.84031,27105
0.213764,10.1987,27106
0.167778,9.8047,27107
0.242596,10.2274,27108
0.184803,9.77007,27109
0.233028,10.1997,27110
0.181506,9.81842,27111
0.231459,10.1876,27112
0.158914,9.79042,27113
0.23002,10.2129,27114
0.174115,9.79906,27115
0.194595,10.1783,27116
0.177154,9.81638,27117
0.21514,10.2312,27118
0.168707,9.7775,27119
0.219332,10.1822,27120
0.180322,9.81385,27121
0.223779,10.1934,27122
0.173219,9.80841,27123
0.223363,10.2109,27124
0.182115,9.78636,27125
0.213956,10.1823,27126
0.169666,9.81698,27127
0.236804,10.1911,27128
0.185059,9.80287,27129
0.219236,10.1955,27130
0.185635,9.80924,27131
0.237892,10.1993,27132
0.176515,9.79874,27133
0.198051,10.2143,27134
0.184739,9.78226,27135
0.202819,10.2168,27136
0.169346,9.78406,27137
0.237923,10.2384,27138
0.188931,9.76399,27139
0.207843,10.2091,27140
0.172418,9.7927,27141
0.222372,10.2112,27142
0.179523,9.78345,27143
0.199907,10.1916,27144
0.189059,9.81423,27145
0.212195,10.1931,27146
0.167267,9.80921,27147
0.224835,10.2385,27148
0.183746,9.76511,27149
0.223683,10.256,27150
0.188579,9.73721,27151
0.221891,10.1902,27152
0.162563,9.80204,27153
0.204707,10.2094,27154
0.170306,9.79193,27155
0.211107,10.1865,27156
0.162211,9.81695,27157
0.208675,10.1809,27158
0.17565,9.82726,27159
0.171139,10.1601,27160
0.163651,9.84639,27161
0.180163,10.1749,27162
0.162595,9.80962,27163
0.178883,10.1571,27164
0.165186,9.85145,27165
0.20634,10.2115,27166
0.161955,9.78998,27167
0.207715,10.1801,27168
0.177282,9.81071,27169
0.205251,10.2123,27170
0.162755,9.80089,27171
0.198659,10.1809,27172
0.189443,9.80671,27173
0.210755,10.1932,27174
0.160642,9.80402,27175
0.217219,10.2006,27176
0.172163,9.80373,27177
0.217507,10.1961,27178
0.185603,9.8079,27179
0.22778,10.2085,27180
0.179299,9.80338,27181
0.228259,10.1957,27182
0.180834,9.78786,27183
0.207843,10.2001,27184
0.174083,9.8037,27185
0.200515,10.1716,27186
0.18029,9.82111,27187
0.230947,10.2177,27188
0.174531,9.78693,27189
0.208484,10.1893,27190
0.156995,9.82325,27191
0.192675,10.1735,27192
0.177443,9.82159,27193
0.204131,10.1818,27194
0.181091,9.81836,27195
0.23498,10.1984,27196
0.180578,9.8022,27197
0.228964,10.2588,27198
0.172962,9.74165,27199
0.24042,10.192,27200
0.183619,9.79759,27201
0.24154,10.202,27202
0.190403,9.79974,27203
0.209956,10.187,27204
0.15869,9.80402,27205
0.220611,10.2225,27206
0.175203,9.78709,27207
0.193987,10.1836,27208
0.17293,9.82748,27209
0.222179,10.1835,27210
0.180194,9.80873,27211
0.229795,10.2309,27212
0.155906,9.76383,27213
0.226372,10.2039,27214
0.178787,9.8013,27215
0.207812,10.1824,27216
0.175875,9.81417,27217
0.23898,10.2363,27218
0.192579,9.76041,27219
0.244452,10.208,27220
0.194306,9.80098,27221
0.229572,10.2072,27222
0.186851,9.8013,27223
0.218499,10.1788,27224
0.167042,9.81071,27225
0.225636,10.1888,27226
0.180867,9.82153,27227
0.22026,10.1753,27228
0.169827,9.80178,27229
0.213731,10.2136,27230
0.179651,9.79119,27231
0.190979,10.1945,27232
0.174562,9.82274,27233
0.198371,10.174,27234
0.170467,9.80581,27235
0.222659,10.2457,27236
0.188483,9.77484,27237
0.177187,10.1716,27238
0.174659,9.81417,27239
0.217283,10.2204,27240
0.170147,9.78501,27241
0.197091,10.1798,27242
0.194467,9.82806,27243
0.198595,10.1754,27244
0.162147,9.81333,27245
0.233283,10.1918,27246
0.174946,9.81388,27247
0.23434,10.1926,27248
0.181954,9.80028,27249
0.211491,10.1913,27250
0.186947,9.81586,27251
0.201635,10.201,27252
0.189603,9.80697,27253
0.215524,10.1708,27254
0.165059,9.81612,27255
0.241988,10.2302,27256
0.173763,9.7678,27257
0.210947,10.1858,27258
0.177794,9.81561,27259
0.233796,10.1935,27260
0.180226,9.80354,27261
0.24138,10.2063,27262
0.172898,9.79484,27263
0.218756,10.2004,27264
0.182307,9.81407,27265
0.219203,10.1823,27266
0.180515,9.81813,27267
0.232611,10.193,27268
0.185091,9.79225,27269
0.213251,10.1956,27270
0.162531,9.79973,27271
0.184291,10.1898,27272
0.183811,9.81983,27273
0.211715,10.1885,27274
0.160546,9.80674,27275
0.253636,10.1961,27276
0.174307,9.81609,27277
0.227267,10.1833,27278
0.179011,9.81567,27279
0.207779,10.1781,27280
0.178115,9.82095,27281
0.192195,10.1898,27282
0.176418,9.81385,27283
0.202627,10.1645,27284
0.168867,9.81439,27285
0.222819,10.2317,27286
0.164386,9.76738,27287
0.218883,10.2132,27288
0.162914,9.7901,27289
0.224131,10.1987,27290
0.163138,9.79817,27291
0.181827,10.2061,27292
0.189443,9.80703,27293
0.206179,10.1865,27294
0.169154,9.81874,27295
0.241284,10.2029,27296
0.175298,9.80114,27297
0.233539,10.1946,27298
0.163107,9.79029,27299
0.226691,10.2219,27300
0.186083,9.77676,27301
0.235684,10.2026,27302
0.178883,9.79529,27303
0.231236,10.2541,27304
0.169315,9.74847,27305
0.223043,10.194,27306
0.175811,9.81545,27307
0.229764,10.2012,27308
0.164706,9.78319,27309
0.227459,10.2104,27310
0.186979,9.79557,27311
0.2305,10.2185,27312
0.182115,9.77951,27313
0.209987,10.1975,27314
0.170498,9.80377,27315
0.199843,10.1931,27316
0.175618,9.81346,27317
0.230339,10.2167,27318
0.182211,9.77762,27319
0.221155,10.2132,27320
0.179362,9.8005,27321
0.236643,10.1948,27322
0.184163,9.79375,27323
0.200131,10.1866,27324
0.163171,9.80604,27325
0.217923,10.2012,27326
0.178723,9.80677,27327
0.186531,10.173,27328
0.189219,9.82953,27329
0.214083,10.197,27330
0.170563,9.80866,27331
0.205955,10.172,27332
0.166978,9.81221,27333
0.197987,10.1937,27334
0.180162,9.81298,27335
0.220644,10.2287,27336
0.17677,9.77055,27337
0.227459,10.2038,27338
0.189794,9.79759,27339
0.230627,10.2078,27340
0.184194,9.799,27341
0.209892,10.1855,27342
0.191459,9.81705,27343
0.214339,10.2032,27344
0.170627,9.78805,27345
0.230916,10.1977,27346
0.179747,9.79596,27347
0.210915,10.1914,27348
0.160419,9.82482,27349
0.222083,10.1806,27350
0.187043,9.81484,27351
0.220419,10.1915,27352
0.182371,9.80706,27353
0.234307,10.1958,27354
0.174339,9.81036,27355
0.214563,10.2099,27356
0.16173,9.77397,27357
0.238595,10.2013,27358
0.188163,9.80857,27359
0.235747,10.2033,27360
0.182242,9.79397,27361
0.232931,10.2106,27362
0.181667,9.79375,27363
0.242468,10.1942,27364
0.170083,9.80898,27365
0.212803,10.1851,27366
0.165283,9.81673,27367
0.226852,10.1982,27368
0.178851,9.78809,27369
0.23146,10.2233,27370
0.163491,9.78898,27371
0.224899,10.1873,27372
0.177187,9.7974,27373
0.220675,10.1991,27374
0.186435,9.80521,27375
0.216899,10.1982,27376
0.181186,9.79906,27377
0.22922,10.2342,27378
0.17789,9.77202,27379
0.236292,10.217,27380
0.158019,9.77308,27381
0.223812,10.202,27382
0.164803,9.79637,27383
0.238788,10.2061,27384
0.17373,9.81679,27385
0.203363,10.1651,27386
0.181858,9.83509,27387
0.227812,10.2181,27388
0.191331,9.76645,27389
0.204675,10.2148,27390
0.186499,9.7852,27391
0.210627,10.1936,27392
0.18125,9.8134,27393
0.221635,10.1746,27394
0.157442,9.81535,27395
0.234756,10.2045,27396
0.178915,9.80501,27397
0.226564,10.2076,27398
0.176931,9.78444,27399
0.233316,10.2332,27400
0.190979,9.78108,27401
0.238052,10.1903,27402
0.179298,9.79612,27403
0.215651,10.2045,27404
0.173891,9.79576,27405
0.224611,10.1928,27406
0.181603,9.82261,27407
0.209891,10.1786,27408
0.17453,9.80495,27409
0.234244,10.2251,27410
0.192899,9.77717,27411
0.227459,10.1913,27412
0.174467,9.80921,27413
0.240355,10.2142,27414
0.16589,9.78658,27415
0.213859,10.183,27416
0.176835,9.82556,27417
0.239812,10.2056,27418
0.177155,9.78527,27419
0.227076,10.1905,27420
0.186147,9.80159,27421
0.266372,10.2065,27422
0.166851,9.80348,27423
0.230115,10.2009,27424
0.179939,9.79199,27425
0.210243,10.2049,27426
0.154402,9.80313,27427
0.223587,10.1882,27428
0.184739,9.81381,27429
0.220611,10.2233,27430
0.176355,9.78658,27431
0.22906,10.2469,27432
0.17821,9.74322,27433
0.196227,10.1766,27434
0.170723,9.82927,27435
0.218979,10.1921,27436
0.186979,9.79551,27437
0.241796,10.1962,27438
0.176611,9.80188,27439
0.199683,10.1878,27440
0.154626,9.80681,27441
0.195875,10.2013,27442
0.162114,9.80642,27443
0.224772,10.2111,27444
0.152867,9.78322,27445
0.233508,10.2339,27446
0.176035,9.77503,27447
0.21114,10.2,27448
0.178274,9.79977,27449
0.230979,10.2325,27450
0.182467,9.76632,27451
0.200707,10.1947,27452
0.189251,9.81135,27453
0.208227,10.1764,27454
0.166626,9.82754,27455
0.206819,10.188,27456
0.163875,9.79442,27457
0.209731,10.2113,27458
0.177027,9.79205,27459
0.228356,10.2013,27460
0.173186,9.79977,27461
0.221219,10.27,27462
0.159586,9.72325,27463
0.216707,10.2318,27464
0.16365,9.76901,27465
0.213027,10.2361,27466
0.170627,9.77218,27467
0.216131,10.2072,27468
0.180835,9.79448,27469
0.217667,10.2211,27470
0.177858,9.77157,27471
0.2289,10.2015,27472
0.177826,9.81135,27473
0.22858,10.2095,27474
0.173635,9.78082,27475
0.221251,10.2077,27476
0.16237,9.78959,27477
0.236548,10.2023,27478
0.191971,9.79753,27479
0.206755,10.1922,27480
0.158658,9.81538,27481
0.232484,10.1925,27482
0.191491,9.80597,27483
0.200835,10.1818,27484
0.15949,9.82908,27485
0.234467,10.1886,27486
0.174179,9.80402,27487
0.223236,10.2082,27488
0.176962,9.7837,27489
0.214659,10.2262,27490
0.161378,9.77458,27491
0.207747,10.2062,27492
0.183586,9.80194,27493
0.215203,10.193,27494
0.174499,9.80207,27495
0.228803,10.2102,27496
0.169731,9.787,27497
0.179715,10.1956,27498
0.179266,9.81093,27499
0.245443,10.2064,27500
0.184195,9.78767,27501
0.213795,10.2257,27502
0.177987,9.77826,27503
0.231396,10.1998,27504
0.170979,9.80703,27505
0.233475,10.2093,27506
0.171587,9.7908,27507
0.2425,10.2003,27508
0.183906,9.78796,27509
0.240868,10.2071,27510
0.184611,9.80991,27511
0.22762,10.211,27512
0.175074,9.7884,27513
0.236067,10.2209,27514
0.182499,9.77944,27515
0.222307,10.2013,27516
0.192035,9.78488,27517
0.209731,10.1949,27518
0.174274,9.8013,27519
0.236292,10.2058,27520
0.186915,9.81173,27521
0.238852,10.2011,27522
0.18781,9.79007,27523
0.210115,10.2444,27524
0.180835,9.7614,27525
0.213251,10.1955,27526
0.176067,9.80725,27527
0.181795,10.1805,27528
0.186467,9.81999,27529
0.236515,10.2138,27530
0.181251,9.77244,27531
0.247268,10.1995,27532
0.178115,9.79864,27533
0.251332,10.2019,27534
0.176803,9.81388,27535
0.216099,10.1864,27536
0.174499,9.81055,27537
0.235396,10.218,27538
0.164194,9.77215,27539
0.211971,10.1862,27540
0.166114,9.80895,27541
0.226499,10.2029,27542
0.180738,9.81273,27543
0.24986,10.2038,27544
0.158082,9.78866,27545
0.216388,10.1895,27546
0.176163,9.79919,27547
0.231203,10.2024,27548
0.195267,9.8093,27549
0.231651,10.221,27550
0.167778,9.76796,27551
0.20234,10.1902,27552
0.169027,9.81797,27553
0.22842,10.208,27554
0.182723,9.79541,27555
0.207492,10.1903,27556
0.172323,9.80524,27557
0.222947,10.2761,27558
0.184418,9.71973,27559
0.201539,10.2211,27560
0.171075,9.78597,27561
0.203971,10.1865,27562
0.183459,9.80626,27563
0.217891,10.2004,27564
0.189507,9.81487,27565
0.220867,10.1904,27566
0.174755,9.81141,27567
0.209411,10.1681,27568
0.15837,9.82489,27569
0.227396,10.1812,27570
0.186691,9.82569,27571
0.241252,10.2234,27572
0.181443,9.76904,27573
0.246467,10.2215,27574
0.170306,9.77637,27575
0.213444,10.1943,27576
0.190755,9.79909,27577
0.202499,10.2085,27578
0.164995,9.78524,27579
0.22794,10.2127,27580
0.170787,9.79545,27581
0.198947,10.1891,27582
0.171555,9.81311,27583
0.226243,10.1942,27584
0.17101,9.79545,27585
0.214915,10.1966,27586
0.179491,9.81112,27587
0.228131,10.2095,27588
0.166402,9.7933,27589
0.202275,10.1907,27590
0.17821,9.80866,27591
0.211843,10.2076,27592
0.185635,9.79554,27593
0.239268,10.2003,27594
0.171235,9.80495,27595
0.244164,10.1864,27596
0.187555,9.807,27597
0.243908,10.2051,27598
0.177827,9.79282,27599
0.220003,10.2222,27600
0.181122,9.78543,27601
0.231299,10.1947,27602
0.183298,9.79794,27603
0.250436,10.2047,27604
0.170594,9.79464,27605
0.243651,10.1945,27606
0.181251,9.81109,27607
0.227875,10.1851,27608
0.182947,9.80645,27609
0.232323,10.2327,27610
0.183395,9.76991,27611
0.208003,10.1957,27612
0.182051,9.80962,27613
0.230403,10.2206,27614
0.177218,9.77874,27615
0.225059,10.2041,27616
0.178019,9.80498,27617
0.20474,10.1687,27618
0.181091,9.81676,27619
0.24506,10.2135,27620
0.182915,9.78754,27621
0.222787,10.1963,27622
0.172803,9.79877,27623
0.210787,10.1906,27624
0.166403,9.81522,27625
0.23402,10.1963,27626
0.185315,9.80152,27627
0.230499,10.2087,27628
0.194914,9.7924,27629
0.250435,10.2035,27630
0.184098,9.79525,27631
0.236995,10.2012,27632
0.178691,9.79775,27633
0.221572,10.2203,27634
0.159266,9.77448,27635
0.255108,10.2049,27636
0.179587,9.79711,27637
0.199139,10.2264,27638
0.174179,9.77637,27639
0.221476,10.2013,27640
0.172195,9.79384,27641
0.228132,10.256,27642
0.172706,9.74981,27643
0.219203,10.2007,27644
0.160098,9.7934,27645
0.217731,10.2248,27646
0.192195,9.79576,27647
0.211171,10.1792,27648
0.158498,9.80344,27649
0.184323,10.2275,27650
0.179075,9.77292,27651
0.197251,10.1835,27652
0.182883,9.81858,27653
0.231908,10.2051,27654
0.163491,9.79336,27655
0.2169,10.2475,27656
0.166626,9.7518,27657
0.201187,10.1974,27658
0.17709,9.80652,27659
0.233795,10.2003,27660
0.172482,9.79279,27661
0.236419,10.2003,27662
0.160866,9.80687,27663
0.225891,10.227,27664
0.188099,9.76978,27665
0.223876,10.2015,27666
0.185187,9.79871,27667
0.232612,10.2014,27668
0.171651,9.79717,27669
0.22618,10.1959,27670
0.181282,9.80415,27671
0.238884,10.2303,27672
0.168674,9.76936,27673
0.226083,10.1964,27674
0.188867,9.81189,27675
0.210147,10.1746,27676
0.192355,9.81464,27677
0.223075,10.2318,27678
0.164707,9.76716,27679
0.21994,10.2049,27680
0.178339,9.80245,27681
0.190723,10.2147,27682
0.182915,9.78331,27683
0.253988,10.2141,27684
0.180066,9.78511,27685
0.204547,10.2255,27686
0.172195,9.78818,27687
0.214371,11.5572,27688
0.209411,8.64864,27689
0.168771,9.77765,27690
0.256644,10.2386,27691
0.164099,9.76879,27692
0.204355,10.2097,27693
0.188995,9.7924,27694
0.226531,10.1968,27695
0.162467,9.79659,27696
0.201443,10.2084,27697
0.198691,9.80034,27698
0.242979,10.2001,27699
0.181667,9.79285,27700
0.210212,10.1976,27701
0.184323,9.80338,27702
0.243428,10.2009,27703
0.189635,9.79762,27704
0.23818,10.2023,27705
0.174722,9.80533,27706
0.217059,10.266,27707
0.186179,9.7221,27708
0.250404,10.2115,27709
0.187587,9.81071,27710
0.247684,10.1963,27711
0.174723,9.78415,27712
0.232611,10.1979,27713
0.175491,9.81324,27714
0.233923,10.2081,27715
0.172931,9.77765,27716
0.444871,10.1814,27717
0.182275,9.8324,27718
0.218755,10.2195,27719
0.196611,9.78271,27720
0.212932,10.1901,27721
0.173987,9.80405,27722
0.220195,10.2227,27723
0.190819,9.78971,27724
0.263076,10.2371,27725
0.15709,9.74232,27726
0.196131,10.1955,27727
0.183426,9.81784,27728
0.219939,10.1916,27729
0.170243,9.79672,27730
0.214915,10.1956,27731
0.177155,9.80354,27732
0.232035,10.2548,27733
0.175491,9.74818,27734
0.23098,10.2246,27735
0.175139,9.77103,27736
0.233699,10.2172,27737
0.172803,9.79231,27738
0.221124,10.1917,27739
0.165378,9.79781,27740
0.228867,10.2323,27741
0.188963,9.76741,27742
0.216611,10.1955,27743
0.17165,9.8029,27744
0.23194,10.1939,27745
0.169986,9.81032,27746
0.22874,10.205,27747
0.19245,9.7982,27748
0.24218,10.2138,27749
0.186275,9.78655,27750
0.226595,10.1937,27751
0.170883,9.79899,27752
0.225315,10.2107,27753
0.187715,9.80341,27754
0.186915,10.2231,27755
0.174339,9.766,27756
0.228419,10.2161,27757
0.168611,9.78085,27758
0.210499,10.2084,27759
0.184803,9.79637,27760
0.228387,10.2065,27761
0.176003,9.79919,27762
0.206755,10.1835,27763
0.177794,9.80879,27764
0.209667,10.2058,27765
0.175298,9.8012,27766
0.218564,10.2055,27767
0.165602,9.78748,27768
0.230019,10.2562,27769
0.184483,9.74626,27770
0.247204,10.1917,27771
0.181794,9.81983,27772
0.221892,10.217,27773
0.175106,9.78677,27774
0.224771,10.1888,27775
0.180483,9.80277,27776
0.208675,10.2284,27777
0.172867,9.77061,27778
0.202659,10.2098,27779
0.171171,9.7869,27780
0.216963,10.1744,27781
0.192611,9.82604,27782
0.210499,10.2269,27783
0.177314,9.77074,27784
0.200835,10.222,27785
0.17725,9.78284,27786
0.232771,10.202,27787
0.167203,9.80053,27788
0.224099,10.1937,27789
0.179555,9.80143,27790
0.210659,10.2123,27791
0.178594,9.78863,27792
0.229475,10.2272,27793
0.172035,9.76693,27794
0.225987,10.2043,27795
0.158018,9.80319,27796
0.231556,10.2405,27797
0.177763,9.75205,27798
0.225891,10.2139,27799
0.184931,9.79003,27800
0.210147,10.2109,27801
0.188003,9.79925,27802
0.227427,10.2075,27803
0.173123,9.78085,27804
0.23978,10.2113,27805
0.162531,9.79423,27806
0.225603,10.199,27807
0.184643,9.79519,27808
0.26794,10.2678,27809
0.184834,9.73605,27810
0.228612,10.2026,27811
0.180835,9.81058,27812
0.235588,10.2116,27813
0.170146,9.7732,27814
0.234915,10.2201,27815
0.175587,9.78082,27816
0.206339,10.1851,27817
0.183395,9.807,27818
0.219747,10.2062,27819
0.185187,9.80325,27820
0.233859,10.1914,27821
0.174883,9.80299,27822
0.249988,10.2129,27823
0.188067,9.79547,27824
0.202147,10.2032,27825
0.191107,9.78799,27826
0.219012,10.1894,27827
0.163875,9.8133,27828
0.218915,10.1974,27829
0.193667,9.80411,27830
0.238692,10.2102,27831
0.18109,9.78712,27832
0.236867,10.2106,27833
0.176483,9.78715,27834
0.198403,10.2201,27835
0.186819,9.78325,27836
0.215747,10.1937,27837
0.188514,9.80706,27838
0.229635,10.2076,27839
0.196643,9.79775,27840
0.219908,10.1987,27841
0.191331,9.79637,27842
0.219299,10.202,27843
0.17325,9.79234,27844
0.198883,10.191,27845
0.192419,9.82072,27846
0.191811,10.187,27847
0.169634,9.79903,27848
0.189763,10.2141,27849
0.184386,9.79167,27850
0.240452,10.1966,27851
0.174979,9.79944,27852
0.199747,10.1968,27853
0.177315,9.80994,27854
0.23898,10.2181,27855
0.18141,9.77951,27856
0.229924,10.1979,27857
0.166787,9.80632,27858
0.213892,10.2235,27859
0.189987,9.77621,27860
0.249572,10.2042,27861
0.180002,9.79029,27862
0.242084,10.202,27863
0.168547,9.79912,27864
0.238147,10.2347,27865
0.187011,9.76549,27866
0.223043,10.2224,27867
0.193603,9.79253,27868
0.217284,10.188,27869
0.177315,9.79675,27870
0.227076,10.2262,27871
0.182627,9.78306,27872
0.228355,10.1832,27873
0.181346,9.82312,27874
0.239107,10.2261,27875
0.182371,9.762,27876
0.207875,10.1892,27877
0.182051,9.80962,27878
0.237123,10.1929,27879
0.178722,9.81023,27880
0.202947,10.1762,27881
0.192131,9.8213,27882
0.236324,10.2067,27883
0.159906,9.78978,27884
0.234596,10.2349,27885
0.173347,9.75928,27886
0.160579,10.1947,27887
0.17261,9.81071,27888
0.241028,10.2101,27889
0.183779,9.7972,27890
0.212451,10.183,27891
0.18781,9.81816,27892
0.209475,10.1866,27893
0.183171,9.80562,27894
0.208547,10.1922,27895
0.178531,9.81253,27896
0.256996,10.2201,27897
0.170274,9.77919,27898
0.239651,10.2351,27899
0.187107,9.76955,27900
0.212836,10.1967,27901
0.188867,9.80047,27902
0.247652,10.1982,27903
0.180323,9.79752,27904
0.22858,10.1923,27905
0.167682,9.80965,27906
0.215619,10.2644,27907
0.179811,9.74162,27908
0.210595,10.202,27909
0.174883,9.79899,27910
0.248996,10.1797,27911
0.185635,9.82635,27912
0.222499,10.1757,27913
0.190947,9.82463,27914
0.216195,10.2199,27915
0.173218,9.77698,27916
0.235331,10.1905,27917
0.175267,9.79477,27918
0.221795,10.1961,27919
0.186659,9.8109,27920
0.212035,10.2161,27921
0.183683,9.78539,27922
0.24026,10.2,27923
0.182499,9.80786,27924
0.241572,10.1906,27925
0.166914,9.78824,27926
0.222851,10.2041,27927
0.182723,9.81099,27928
0.228068,10.1915,27929
0.195362,9.80911,27930
0.226179,10.2226,27931
0.197955,9.77231,27932
0.246884,10.1937,27933
0.185443,9.80421,27934
0.253604,10.2313,27935
0.171138,9.76107,27936
0.223427,10.2035,27937
0.182691,9.81784,27938
0.25274,10.186,27939
0.175843,9.79259,27940
0.205859,10.1974,27941
0.185155,9.82466,27942
0.170115,10.2029,27943
0.185091,9.77912,27944
0.196963,10.2508,27945
0.17085,9.75138,27946
0.203683,10.2337,27947
0.165027,9.77019,27948
0.235555,10.212,27949
0.165314,9.78965,27950
0.247556,10.2,27951
0.193859,9.79595,27952
0.214627,10.221,27953
0.169634,9.79109,27954
0.225763,10.2049,27955
0.180034,9.77903,27956
0.16909,10.1849,27957
0.175523,9.81375,27958
0.203427,10.2291,27959
0.184034,9.77413,27960
0.224067,10.2175,27961
0.174819,9.78203,27962
0.201667,10.2401,27963
0.167074,9.77663,27964
0.190339,10.1635,27965
0.184003,9.81576,27966
0.211843,10.1953,27967
0.18925,9.82607,27968
0.260708,10.1813,27969
0.173026,9.81311,27970
0.209443,10.1848,27971
0.180387,9.80203,27972
0.234371,10.2145,27973
0.188258,9.79397,27974
0.223428,10.2423,27975
0.177827,9.75471,27976
0.214019,10.1933,27977
0.170947,9.80447,27978
0.209219,10.2099,27979
0.176962,9.7852,27980
0.243204,10.2175,27981
0.182627,9.78322,27982
0.232452,10.1976,27983
0.16653,9.81003,27984
0.217923,10.1891,27985
0.176931,9.80443,27986
0.215907,10.2308,27987
0.167843,9.76683,27988
0.212291,10.1982,27989
0.177155,9.81013,27990
0.235907,10.1928,27991
0.192514,9.81247,27992
0.217347,10.1856,27993
0.183682,9.80613,27994
0.232771,10.2233,27995
0.161538,9.77487,27996
0.217316,10.2036,27997
0.189763,9.80552,27998
0.214211,10.1964,27999
0.172899,9.79608,28000
0.211075,10.2163,28001
0.195234,9.80031,28002
0.226979,10.1796,28003
0.184226,9.80575,28004
0.221923,10.193,28005
0.155906,9.80271,28006
0.235395,10.2441,28007
0.190755,9.76523,28008
0.222212,10.1941,28009
0.190371,9.81493,28010
0.230852,10.1654,28011
0.179427,9.82517,28012
0.223651,10.1948,28013
0.190595,9.80139,28014
0.222499,10.2023,28015
0.166466,9.79282,28016
0.214531,10.1794,28017
0.200995,9.83736,28018
0.221412,10.1897,28019
0.182403,9.79583,28020
0.205635,10.2181,28021
0.175523,9.78447,28022
0.211811,10.192,28023
0.182307,9.81125,28024
0.219811,10.1988,28025
0.178306,9.80555,28026
0.224419,10.1837,28027
0.180642,9.80338,28028
0.236931,10.2394,28029
0.181251,9.77682,28030
0.225187,10.2205,28031
0.187491,9.7821,28032
0.227747,10.1855,28033
0.186467,9.81525,28034
0.219971,10.2553,28035
0.158723,9.72235,28036
0.185699,10.2039,28037
0.19277,9.80863,28038
0.214755,10.1994,28039
0.178146,9.79058,28040
0.216292,10.2135,28041
0.170754,9.78312,28042
0.230915,10.2483,28043
0.192323,9.75925,28044
0.232739,10.2042,28045
0.190307,9.80184,28046
0.470983,10.07,28047
0.167555,9.91682,28048
0.490119,9.98962,28049
0.187266,10.0166,28050
0.220547,10.1994,28051
0.18125,9.80632,28052
0.184451,10.1929,28053
0.189155,9.79903,28054
0.222883,10.2341,28055
0.181379,9.76603,28056
0.199363,10.2279,28057
0.169347,9.78002,28058
0.235492,10.2155,28059
0.171939,9.77666,28060
0.216419,10.2023,28061
0.185186,9.80751,28062
0.231876,10.2152,28063
0.172258,9.78139,28064
0.212387,10.1804,28065
0.187747,9.82143,28066
0.238755,10.2034,28067
0.187619,9.78901,28068
0.232036,10.2304,28069
0.192898,9.78658,28070
0.237059,10.1828,28071
0.161315,9.8029,28072
0.224515,10.1891,28073
0.190402,9.80434,28074
0.208867,10.1882,28075
0.167298,9.81042,28076
0.206403,10.1908,28077
0.183491,9.82341,28078
0.233731,10.1938,28079
0.180931,9.81282,28080
0.215971,10.2023,28081
0.159587,9.78258,28082
0.238211,10.2031,28083
0.183266,9.8052,28084
0.224772,10.2024,28085
0.159907,9.78056,28086
0.195939,10.1956,28087
0.184098,9.82053,28088
0.222371,10.1986,28089
0.180771,9.79333,28090
0.225987,10.2099,28091
0.196131,9.79035,28092
0.252292,10.2113,28093
0.181443,9.78392,28094
0.231428,10.2044,28095
0.173635,9.81678,28096
0.219555,10.1839,28097
0.184387,9.80232,28098
0.226595,10.1843,28099
0.162371,9.8165,28100
0.221476,10.2145,28101
0.180291,9.78175,28102
0.246884,10.2301,28103
0.176387,9.77205,28104
0.222755,10.1988,28105
0.180899,9.80536,28106
0.224131,10.1935,28107
0.180995,9.81045,28108
0.236931,10.201,28109
0.182019,9.79275,28110
0.221891,10.1968,28111
0.180899,9.80856,28112
0.220611,10.1913,28113
0.184099,9.81538,28114
0.226243,10.1866,28115
0.172418,9.79151,28116
0.197763,10.217,28117
0.183682,9.78597,28118
0.222852,10.1917,28119
0.169058,9.82136,28120
0.225156,10.189,28121
0.172227,9.80293,28122
0.228196,10.2516,28123
0.171235,9.74322,28124
0.252772,10.2026,28125
0.180483,9.80187,28126
0.216547,10.183,28127
0.165923,9.80926,28128
0.249059,10.2431,28129
0.179683,9.76562,28130
0.250756,10.2064,28131
0.186979,9.79429,28132
0.225028,10.2077,28133
0.176419,9.79915,28134
0.213315,10.1832,28135
0.182915,9.80559,28136
0.218787,10.2007,28137
0.167426,9.80078,28138
0.24426,10.2248,28139
0.163746,9.77439,28140
0.171043,10.1095,28141
0.186883,9.9021,28142
0.221411,10.1994,28143
0.194339,9.79813,28144
0.238212,10.2249,28145
0.160066,9.76366,28146
0.207715,10.1988,28147
0.180482,9.80235,28148
0.235203,10.1997,28149
0.196579,9.81016,28150
0.177954,10.2162,28151
0.18813,9.78363,28152
0.231044,10.192,28153
0.176738,9.81304,28154
0.216643,10.1785,28155
0.182434,9.82607,28156
0.261284,10.2505,28157
0.156867,9.73259,28158
0.202115,10.1902,28159
0.170467,9.80879,28160
0.235619,10.1874,28161
0.173443,9.81278,28162
0.253412,10.2147,28163
0.183043,9.7909,28164
0.214947,10.1933,28165
0.171043,9.80309,28166
0.205379,10.2031,28167
0.16669,9.79602,28168
0.453479,10.1573,28169
0.185123,9.84997,28170
0.221764,10.2221,28171
0.171458,9.76863,28172
0.209315,10.2125,28173
0.179107,9.79525,28174
0.532711,10.0476,28175
0.188035,9.95359,28176
0.214115,10.2094,28177
0.177858,9.77819,28178
0.222883,10.2119,28179
0.173858,9.79218,28180
0.215684,10.1936,28181
0.167138,9.81413,28182
0.215683,10.2149,28183
0.176642,9.78072,28184
0.188867,10.1921,28185
0.164771,9.7972,28186
0.225795,10.2033,28187
0.162242,9.80293,28188
0.448295,9.98834,28189
0.189315,10.0218,28190
0.234916,10.194,28191
0.173731,9.80235,28192
0.219171,10.252,28193
0.184387,9.76037,28194
0.225571,10.2065,28195
0.182979,9.7805,28196
0.162146,10.177,28197
0.16861,9.82616,28198
0.23386,10.2257,28199
0.186723,9.77419,28200
0.235459,10.2174,28201
0.195363,9.7917,28202
0.243716,10.1921,28203
0.18013,9.79115,28204
0.233731,10.2002,28205
0.190946,9.81861,28206
0.234531,10.1919,28207
0.162306,9.78958,28208
0.223748,10.2073,28209
0.16989,9.8068,28210
0.215363,10.2054,28211
0.178242,9.78587,28212
0.2329,10.2209,28213
0.179363,9.77902,28214
0.249763,10.2051,28215
0.16861,9.79109,28216
0.212867,10.2639,28217
0.165346,9.73906,28218
0.235299,10.208,28219
0.187171,9.79483,28220
0.23738,10.1884,28221
0.176899,9.80946,28222
0.231044,10.2115,28223
0.185123,9.80226,28224
0.218915,10.1719,28225
0.187843,9.81,28226
0.201891,10.192,28227
0.169219,9.81147,28228
0.228035,10.2271,28229
0.184322,9.76994,28230
0.216835,10.2071,28231
0.174051,9.79342,28232
0.215939,10.2001,28233
0.187459,9.80763,28234
0.231748,10.1927,28235
0.167938,9.79253,28236
0.221539,10.2032,28237
0.17741,9.80894,28238
0.24698,10.2674,28239
0.159459,9.74146,28240
0.206883,10.1814,28241
0.186403,9.81224,28242
0.225251,10.2232,28243
0.18909,9.76949,28244
0.233572,10.2061,28245
0.177506,9.80194,28246
0.196707,10.2066,28247
0.185603,9.78104,28248
0.209859,10.2119,28249
0.187491,9.7949,28250
0.186275,10.1919,28251
0.167458,9.81717,28252
0.438502,9.97592,28253
0.189251,10.0146,28254
0.212067,10.2242,28255
0.174402,9.7709,28256
0.211811,10.194,28257
0.186146,9.81083,28258
0.198051,10.1879,28259
0.163171,9.81566,28260
0.221379,10.2205,28261
0.188547,9.77109,28262
0.208579,10.191,28263
0.188962,9.80968,28264
0.213091,10.2109,28265
0.172546,9.80088,28266
0.195938,10.1789,28267
0.174915,9.81454,28268
0.228452,10.1914,28269
0.158978,9.80719,28270
0.229123,10.1961,28271
0.183235,9.80098,28272
0.232835,10.2046,28273
0.176387,9.79618,28274
0.243203,10.2122,28275
0.183779,9.79144,28276
0.214947,10.1892,28277
0.16045,9.81183,28278
0.205283,10.1762,28279
0.182019,9.82846,28280
0.213315,10.1887,28281
0.185699,9.8068,28282
0.246691,10.2318,28283
0.173442,9.7715,28284
0.260068,10.1911,28285
0.190851,9.80152,28286
0.197603,10.1831,28287
0.158402,9.8213,28288
0.168163,9.9917,28289
0.170883,10.0049,28290
0.150946,9.98517,28291
0.188003,10.0201,28292
0.206147,10.2212,28293
0.174243,9.77349,28294
0.225763,10.1916,28295
0.175202,9.8053,28296
0.22666,10.2088,28297
0.162435,9.79806,28298
0.197603,10.209,28299
0.18637,9.78558,28300
0.231236,10.2118,28301
0.191779,9.80434,28302
0.213955,10.1778,28303
0.18333,9.80603,28304
0.253732,10.2079,28305
0.190787,9.81019,28306
0.190979,10.1683,28307
0.183715,9.81266,28308
0.229988,10.2021,28309
0.170659,9.81035,28310
0.247556,10.1764,28311
0.189506,9.81685,28312
0.231331,10.1861,28313
0.179395,9.81029,28314
0.212899,10.2097,28315
0.190787,9.78818,28316
0.221315,10.2114,28317
0.188899,9.80494,28318
0.210947,10.238,28319
0.165987,9.74113,28320
0.24378,10.2155,28321
0.188163,9.79371,28322
0.226499,10.2339,28323
0.191875,9.77038,28324
0.238852,10.2011,28325
0.179395,9.8067,28326
0.220676,10.1835,28327
0.176995,9.81122,28328
0.559496,9.98207,28329
0.174754,10.0049,28330
0.207555,10.2097,28331
0.181763,9.79234,28332
0.211619,10.2255,28333
0.168642,9.7715,28334
0.248452,10.1991,28335
0.187907,9.80878,28336
0.234979,10.2048,28337
0.179747,9.7883,28338
0.233636,10.2167,28339
0.187171,9.7877,28340
0.226435,10.203,28341
0.187682,9.798,28342
0.221955,10.1955,28343
0.168962,9.80344,28344
0.217347,10.2346,28345
0.18525,9.78043,28346
0.225891,10.2155,28347
0.189603,9.77576,28348
0.230723,10.195,28349
0.174947,9.79512,28350
0.2153,10.2282,28351
0.182883,9.77442,28352
0.219684,10.1929,28353
0.15341,9.80101,28354
0.204739,10.2145,28355
0.189123,9.8004,28356
0.212867,10.2292,28357
0.180003,9.76776,28358
0.224771,10.1888,28359
0.180546,9.80587,28360
0.189443,10.2582,28361
0.189123,9.75582,28362
0.225315,10.1817,28363
0.160354,9.80062,28364
0.237988,10.1987,28365
0.172131,9.79867,28366
0.218979,10.2398,28367
0.172803,9.75621,28368
0.22058,10.2193,28369
0.171011,9.80523,28370
0.214275,10.1924,28371
0.184867,9.78417,28372
0.219491,10.2066,28373
0.164386,9.80494,28374
0.213027,10.1981,28375
0.166243,9.79058,28376
0.231779,10.2018,28377
0.186435,9.81064,28378
0.218243,10.1973,28379
0.182338,9.80904,28380
0.207427,10.2399,28381
0.181987,9.75262,28382
0.223331,10.2048,28383
0.180162,9.8045,28384
0.238116,10.1917,28385
0.179042,9.79336,28386
0.248611,10.274,28387
0.182083,9.74526,28388
0.224388,10.2151,28389
0.184931,9.77461,28390
0.223523,10.1836,28391
0.161571,9.81342,28392
0.238563,10.1989,28393
0.183906,9.79755,28394
0.228099,10.1996,28395
0.162914,9.7933,28396
0.187523,10.2057,28397
0.160354,9.79445,28398
0.231204,10.2034,28399
0.181795,9.8051,28400
0.236771,10.2139,28401
0.171042,9.79592,28402
0.219683,10.1839,28403
0.184803,9.80027,28404
0.2537,10.2775,28405
0.182787,9.73749,28406
0.209923,10.1849,28407
0.205507,9.82053,28408
0.230499,10.1921,28409
0.197475,9.79915,28410
0.237635,10.2011,28411
0.17405,9.78814,28412
0.227587,10.1834,28413
0.184387,9.82469,28414
0.216131,10.1934,28415
0.176579,9.80289,28416
0.228931,10.2244,28417
0.186434,9.7819,28418
0.240387,10.1955,28419
0.183426,9.79387,28420
0.220963,10.212,28421
0.156738,9.78801,28422
0.217155,10.2329,28423
0.182595,9.77931,28424
0.25594,10.1886,28425
0.190562,9.8068,28426
0.214691,10.1939,28427
0.171586,9.814,28428
0.225667,10.1914,28429
0.16557,9.7931,28430
0.235491,10.1957,28431
0.184195,9.81701,28432
0.443814,10.1018,28433
0.181859,9.8867,28434
0.210051,10.2023,28435
0.178466,9.79794,28436
0.200611,10.1968,28437
0.165346,9.80725,28438
0.2137,10.23,28439
0.176739,9.77147,28440
0.194723,10.1946,28441
0.177826,9.8187,28442
0.218019,10.1984,28443
0.174786,9.78561,28444
0.229475,10.2077,28445
0.181987,9.78712,28446
0.181603,10.2274,28447
0.157314,9.76977,28448
0.214147,10.253,28449
0.179427,9.75531,28450
0.18349,10.2068,28451
0.163362,9.79425,28452
0.230947,10.2205,28453
0.162306,9.77681,28454
0.225828,10.2305,28455
0.180899,9.76622,28456
0.213795,10.2094,28457
0.154787,9.79614,28458
0.232804,10.1962,28459
0.16445,9.79733,28460
0.223779,10.2317,28461
0.190115,9.77803,28462
0.25098,10.2695,28463
0.179779,9.72174,28464
0.211139,10.1928,28465
0.188099,9.8083,28466
0.189283,10.1965,28467
0.158882,9.80888,28468
0.217347,10.2014,28469
0.171458,9.79458,28470
0.229571,10.1821,28471
0.181443,9.82049,28472
0.240356,10.1996,28473
0.173987,9.79579,28474
0.217347,10.2009,28475
0.18237,9.81077,28476
0.180386,10.1935,28477
0.17117,9.79736,28478
0.218979,10.2202,28479
0.161058,9.77781,28480
0.24458,10.1962,28481
0.182147,9.80942,28482
0.236004,10.1988,28483
0.174531,9.78974,28484
0.224995,10.2137,28485
0.180226,9.79435,28486
0.221027,10.2678,28487
0.18269,9.72741,28488
0.208451,10.1984,28489
0.180514,9.80785,28490
0.219332,10.2269,28491
0.164994,9.76933,28492
0.210723,10.2738,28493
0.179138,9.7252,28494
0.235523,10.2036,28495
0.179842,9.79762,28496
0.190083,10.2252,28497
0.175106,9.7789,28498
0.224707,10.24,28499
0.187938,9.75665,28500
0.233987,10.2009,28501
0.17021,9.81413,28502
0.244612,10.1878,28503
0.192451,9.8043,28504
0.217475,10.2464,28505
0.187523,9.76385,28506
0.248708,10.1853,28507
0.17341,9.79822,28508
0.216739,10.2668,28509
0.18541,9.73067,28510
0.223011,10.2458,28511
0.174146,9.75745,28512
0.208931,10.2177,28513
0.16957,9.77931,28514
0.165827,9.99394,28515
0.192227,10.0241,28516
0.471335,9.97605,28517
0.184418,10.0107,28518
0.221443,10.2037,28519
0.177762,9.79403,28520
0.230148,10.2174,28521
0.18285,9.78177,28522
0.221155,10.1954,28523
0.185027,9.82053,28524
0.219459,10.1862,28525
0.191683,9.8044,28526
0.223139,10.1946,28527
0.153474,9.79829,28528
0.212899,10.2032,28529
0.164258,9.7908,28530
0.244068,10.2059,28531
0.180515,9.80546,28532
0.24506,10.1972,28533
0.183715,9.80043,28534
0.225572,10.2022,28535
0.181443,9.80075,28536
0.189763,10.1907,28537
0.169186,9.7973,28538
0.224484,10.2096,28539
0.172994,9.80229,28540
0.230532,10.2018,28541
0.17197,9.78766,28542
0.22746,10.1988,28543
0.177091,9.80917,28544
0.213571,10.2168,28545
0.17245,9.78097,28546
0.180355,10.2058,28547
0.171554,9.78971,28548
0.238659,10.2167,28549
0.189795,9.80421,28550
0.220163,10.2052,28551
0.165538,9.77777,28552
0.209347,10.1935,28553
0.182019,9.81166,28554
0.262531,10.2029,28555
0.181027,9.80641,28556
0.224707,10.2128,28557
0.172674,9.76933,28558
0.223172,10.1953,28559
0.174723,9.80738,28560
0.224708,10.2592,28561
0.170019,9.75208,28562
0.225795,10.2241,28563
0.188003,9.76689,28564
0.240707,10.2257,28565
0.177091,9.77454,28566
0.204643,10.208,28567
0.180195,9.78968,28568
0.228771,10.2194,28569
0.177795,9.79048,28570
0.210371,10.1864,28571
0.177219,9.80286,28572
0.213731,10.2278,28573
0.193923,9.77083,28574
0.241027,10.2233,28575
0.186435,9.77973,28576
0.230051,10.2211,28577
0.170147,9.77445,28578
0.215908,10.1947,28579
0.186243,9.81022,28580
0.210275,10.1992,28581
0.176419,9.81809,28582
0.2137,10.1785,28583
0.170979,9.79816,28584
0.208707,10.2102,28585
0.185891,9.79598,28586
0.210659,10.2017,28587
0.179106,9.79771,28588
0.227203,10.2338,28589
0.188611,9.77566,28590
0.201763,10.2033,28591
0.164514,9.79406,28592
0.208675,10.177,28593
0.165251,9.81326,28594
0.235235,10.1965,28595
0.185827,9.81486,28596
0.221251,10.224,28597
0.186883,9.7708,28598
0.202178,10.1939,28599
0.175106,9.80289,28600
0.225316,10.2614,28601
0.188867,9.74366,28602
0.246244,10.2041,28603
0.189763,9.79102,28604
0.220419,10.2665,28605
0.174434,9.73547,28606
0.185282,10.2023,28607
0.171426,9.78827,28608
0.234083,10.2081,28609
0.180995,9.79621,28610
0.231748,10.215,28611
0.182659,9.78827,28612
0.243172,10.2127,28613
0.178339,9.80472,28614
0.222435,10.2396,28615
0.179395,9.74904,28616
0.223427,10.1969,28617
0.17725,9.80133,28618
0.216547,10.2034,28619
0.17293,9.80395,28620
0.227107,10.2199,28621
0.186467,9.77736,28622
0.243204,10.22,28623
0.184611,9.78734,28624
0.228643,10.2026,28625
0.190915,9.78958,28626
0.226147,10.1953,28627
0.173986,9.81387,28628
0.200291,10.204,28629
0.185027,9.77736,28630
0.215011,10.1941,28631
0.186595,9.8147,28632
0.215811,10.1843,28633
0.179683,9.81259,28634
0.251427,10.1991,28635
0.180834,9.79749,28636
0.218051,10.1977,28637
0.182786,9.80929,28638
0.209859,10.1805,28639
0.187299,9.80856,28640
0.224259,10.2475,28641
0.173987,9.75409,28642
0.219779,10.2034,28643
0.172802,9.79921,28644
0.248131,10.208,28645
0.181794,9.79077,28646
0.220932,10.2634,28647
0.157186,9.74011,28648
0.206499,10.2082,28649
0.172963,9.78965,28650
0.217635,10.2008,28651
0.173411,9.80325,28652
0.216803,10.1951,28653
0.172866,9.80126,28654
0.225283,10.2043,28655
0.17661,9.79739,28656
0.199043,10.1902,28657
0.169475,9.80312,28658
0.213891,10.1948,28659
0.173763,9.81317,28660
0.214851,10.1825,28661
0.187587,9.82824,28662
0.215971,10.2178,28663
0.168162,9.76462,28664
0.235076,10.1946,28665
0.184898,9.81534,28666
0.213507,10.1929,28667
0.162819,9.80299,28668
0.233092,10.2124,28669
0.164739,9.79006,28670
0.227075,10.1984,28671
0.171714,9.79141,28672
0.219875,10.212,28673
0.182435,9.80491,28674
0.229987,10.191,28675
0.182371,9.79608,28676
0.223939,10.2541,28677
0.179843,9.75102,28678
0.204899,10.1854,28679
0.164963,9.81499,28680
0.219587,10.1996,28681
0.184387,9.79678,28682
0.228323,10.2077,28683
0.193795,9.79694,28684
0.221155,10.2055,28685
0.179139,9.78657,28686
0.229668,10.1924,28687
0.169154,9.80744,28688
0.229315,10.2345,28689
0.171875,9.77051,28690
0.218723,10.2156,28691
0.156418,9.77704,28692
0.233604,10.2094,28693
0.174914,9.79877,28694
0.221187,10.2178,28695
0.180003,9.77595,28696
0.187555,10.1915,28697
0.155682,9.81595,28698
0.230915,10.2,28699
0.184611,9.80395,28700
0.204675,10.1799,28701
0.192387,9.82014,28702
0.219843,10.1911,28703
0.180162,9.80881,28704
0.226275,10.1935,28705
0.178915,9.80068,28706
0.430598,9.98264,28707
0.166115,10.006,28708
0.233604,10.2436,28709
0.182051,9.76501,28710
0.221603,10.1971,28711
0.173058,9.81233,28712
0.244227,10.1844,28713
0.183203,9.80104,28714
0.226179,10.2271,28715
0.179714,9.7788,28716
0.188355,10.2025,28717
0.173347,9.79589,28718
0.227715,10.2123,28719
0.186627,9.78785,28720
0.228643,10.2018,28721
0.17581,9.81185,28722
0.205379,10.176,28723
0.187171,9.81758,28724
0.221891,10.2321,28725
0.18909,9.75659,28726
0.221635,10.2075,28727
0.168867,9.81025,28728
0.225636,10.1957,28729
0.176418,9.79765,28730
0.235459,10.2066,28731
0.188611,9.78536,28732
0.232388,10.27,28733
0.174146,9.72859,28734
0.23594,10.2354,28735
0.185283,9.76862,28736
0.206883,10.1997,28737
0.172866,9.79953,28738
0.215812,10.2211,28739
0.170978,9.79048,28740
0.208611,10.1831,28741
0.188387,9.80043,28742
0.236227,10.2389,28743
0.169858,9.77848,28744
0.218339,10.1902,28745
0.182947,9.80481,28746
0.19885,10.203,28747
0.17197,9.79364,28748
0.215971,10.2015,28749
0.181923,9.79604,28750
0.208995,10.2038,28751
0.166818,9.79083,28752
0.174467,10.2014,28753
0.181827,9.80033,28754
0.222243,10.2081,28755
0.169507,9.79694,28756
0.209571,10.2331,28757
0.169378,9.76824,28758
0.209091,10.1906,28759
0.189091,9.81189,28760
0.210787,10.2081,28761
0.161602,9.78875,28762
0.233539,10.2627,28763
0.158147,9.73828,28764
0.482343,9.98462,28765
0.183459,10.0139,28766
0.208259,10.2226,28767
0.191747,9.77608,28768
0.231075,10.2098,28769
0.176002,9.78485,28770
0.226627,10.1953,28771
0.182466,9.80699,28772
0.233347,10.1989,28773
0.171683,9.79867,28774
0.228867,10.2191,28775
0.184738,9.79019,28776
0.228516,10.224,28777
0.166467,9.76331,28778
0.223492,10.207,28779
0.16253,9.79259,28780
0.211171,10.2053,28781
0.185603,9.80456,28782
0.204258,10.1962,28783
0.176899,9.80552,28784
0.209923,10.1937,28785
0.184195,9.80344,28786
0.237987,10.1929,28787
0.152002,9.80196,28788
0.215844,10.2171,28789
0.185347,9.78308,28790
0.201187,10.1848,28791
0.182307,9.82229,28792
0.212483,10.2466,28793
0.186658,9.74971,28794
0.218499,10.2018,28795
0.166754,9.78977,28796
0.189538,10.203,28797
0.170019,9.8035,28798
0.194691,10.1835,28799
0.171234,9.82104,28800
0.220675,10.1903,28801
0.177571,9.8011,28802
0.221475,10.1988,28803
0.173219,9.80315,28804
0.224643,10.1963,28805
0.179906,9.80715,28806
0.184995,10.2013,28807
0.166018,9.79073,28808
0.215171,10.2081,28809
0.177794,9.80532,28810
0.233155,10.197,28811
0.17245,9.79461,28812
0.2337,10.1916,28813
0.172899,9.82289,28814
0.220419,10.2107,28815
0.190562,9.78603,28816
0.187203,10.1964,28817
0.178275,9.80635,28818
0.212195,10.1898,28819
0.181891,9.79589,28820
0.253955,10.2063,28821
0.187938,9.79861,28822
0.227491,10.2001,28823
0.163074,9.79889,28824
0.225155,10.1655,28825
0.181443,9.84158,28826
0.193027,10.194,28827
0.158402,9.80405,28828
0.220356,10.2177,28829
0.178114,9.77163,28830
0.238755,10.2185,28831
0.183427,9.79211,28832
0.215011,10.222,28833
0.173314,9.77304,28834
0.217123,10.1848,28835
0.189859,9.80849,28836
0.199363,10.1913,28837
0.177571,9.80904,28838
0.175938,10.1846,28839
0.18509,9.82398,28840
0.203523,10.2019,28841
0.183395,9.79745,28842
0.197763,10.1838,28843
0.154275,9.81496,28844
0.215683,10.1979,28845
0.17629,9.79784,28846
0.24042,10.202,28847
0.184803,9.79813,28848
0.202435,10.1928,28849
0.179747,9.80478,28850
0.218083,10.209,28851
0.18141,9.79621,28852
0.212291,10.1981,28853
0.185699,9.7963,28854
0.203715,10.2178,28855
0.185763,9.786,28856
0.192547,10.1965,28857
0.178946,9.80532,28858
0.218147,10.1962,28859
0.188227,9.82104,28860
0.237187,10.1807,28861
0.184611,9.79966,28862
0.223972,10.2247,28863
0.168898,9.77307,28864
0.231044,10.207,28865
0.182307,9.79713,28866
0.234723,10.2048,28867
0.162435,9.78923,28868
0.255236,10.213,28869
0.171778,9.78283,28870
0.227492,10.207,28871
0.187235,9.80187,28872
0.217667,10.2389,28873
0.188258,9.77691,28874
0.231715,10.1853,28875
0.195683,9.80174,28876
0.238596,10.1974,28877
0.174819,9.80129,28878
0.210755,10.1904,28879
0.188675,9.80411,28880
0.215171,10.1977,28881
0.187011,9.82555,28882
0.22682,10.1809,28883
0.174563,9.79889,28884
0.228995,10.2033,28885
0.150339,9.79659,28886
0.213699,10.2252,28887
0.178018,9.77931,28888
0.209923,10.1844,28889
0.18333,9.81624,28890
0.229571,10.2311,28891
0.184674,9.76484,28892
0.212707,10.1864,28893
0.187267,9.81131,28894
0.233411,10.2114,28895
0.190659,9.80177,28896
0.225859,10.1808,28897
0.186179,9.81195,28898
0.219619,10.2114,28899
0.162147,9.78308,28900
0.225027,10.2004,28901
0.186243,9.80564,28902
0.250916,10.2054,28903
0.191074,9.79793,28904
0.248867,10.197,28905
0.189763,9.80728,28906
0.233188,10.1819,28907
0.18285,9.80699,28908
0.227427,10.2347,28909
0.172034,9.76987,28910
0.215971,10.1921,28911
0.182563,9.81105,28912
0.222916,10.224,28913
0.187523,9.77054,28914
0.225827,10.1994,28915
0.179427,9.79672,28916
0.211267,10.1907,28917
0.19805,9.81675,28918
0.23642,10.2013,28919
0.168322,9.79355,28920
0.238788,10.2002,28921
0.188194,9.80724,28922
0.245635,10.1972,28923
0.178146,9.79963,28924
0.241475,10.2087,28925
0.181251,9.78958,28926
0.243971,10.1913,28927
0.191843,9.80785,28928
0.206115,10.1828,28929
0.194243,9.81876,28930
0.234819,10.2341,28931
0.186979,9.76487,28932
0.246179,10.2238,28933
0.184611,9.77806,28934
0.178563,10.1956,28935
0.180386,9.8051,28936
0.194979,10.1944,28937
0.181986,9.80974,28938
0.177635,10.1005,28939
0.195875,9.90561,28940
0.228291,10.1936,28941
0.17117,9.79006,28942
0.233028,10.2344,28943
0.188643,9.76411,28944
0.210787,10.184,28945
0.182563,9.82529,28946
0.247171,10.1695,28947
0.177219,9.83678,28948
0.232611,10.2192,28949
0.191426,9.78302,28950
0.224451,10.2162,28951
0.165762,9.76881,28952
0.220803,10.2147,28953
0.174466,9.78235,28954
0.259363,10.2718,28955
0.170082,9.7331,28956
0.235651,10.209,28957
0.185891,9.79086,28958
0.215459,10.2537,28959
0.187875,9.74891,28960
0.206787,10.1831,28961
0.191555,9.81636,28962
0.207811,10.1879,28963
0.181603,9.80785,28964
0.239268,10.1998,28965
0.163715,9.79131,28966
0.223619,10.1988,28967
0.178562,9.8124,28968
0.225604,10.1971,28969
0.17341,9.79755,28970
0.211043,10.1782,28971
0.187971,9.83272,28972
0.262019,10.2581,28973
0.17133,9.73672,28974
0.24474,10.2231,28975
0.177123,9.77771,28976
0.233091,10.235,28977
0.177923,9.7659,28978
0.241796,10.193,28979
0.165859,9.8036,28980
0.214243,10.2094,28981
0.170562,9.7956,28982
0.22506,10.1964,28983
0.17373,9.79636,28984
0.24122,10.2003,28985
0.175202,9.81998,28986
0.191299,10.1911,28987
0.181058,9.79928,28988
0.208707,10.1937,28989
0.182275,9.79684,28990
0.237667,10.2088,28991
0.167427,9.78593,28992
0.222051,10.2091,28993
0.178595,9.80033,28994
0.231908,10.1928,28995
0.168227,9.81678,28996
0.195107,10.1894,28997
0.17037,9.79393,28998
0.223012,10.2094,28999
0.175747,9.80625,29000
0.222979,10.2423,29001
0.16717,9.75387,29002
0.207491,10.1814,29003
0.170466,9.80792,29004
0.237444,10.2289,29005
0.176322,9.77611,29006
0.271076,10.2632,29007
0.195298,9.73796,29008
0.227619,10.196,29009
0.193602,9.8076,29010
0.217475,10.1855,29011
0.187778,9.82404,29012
0.257315,10.1885,29013
0.183715,9.79563,29014
0.244003,10.2022,29015
0.177283,9.81195,29016
0.250243,10.2561,29017
0.169827,9.73047,29018
0.236675,10.2102,29019
0.173155,9.78785,29020
0.201443,10.2092,29021
0.186595,9.79691,29022
0.239363,10.2444,29023
0.178339,9.75748,29024
0.236708,10.1968,29025
0.180706,9.79467,29026
0.223395,10.2057,29027
0.169826,9.79873,29028
0.221092,10.2312,29029
0.194786,9.76209,29030
0.210563,10.1972,29031
0.19325,9.81457,29032
0.242115,10.1978,29033
0.183491,9.79627,29034
0.233987,10.1958,29035
0.173218,9.81787,29036
0.234883,10.1838,29037
0.174115,9.80004,29038
0.222915,10.2112,29039
0.170115,9.80104,29040
0.249827,10.2018,29041
0.180483,9.79361,29042
0.225699,10.2243,29043
0.183331,9.77614,29044
0.200387,10.1846,29045
0.171202,9.81524,29046
0.236228,10.1912,29047
0.169506,9.7994,29048
0.212707,10.2024,29049
0.190691,9.80712,29050
0.219715,10.1891,29051
0.186914,9.81105,29052
0.2545,10.2026,29053
0.19149,9.79316,29054
0.251876,10.2129,29055
0.19101,9.79937,29056
0.193091,10.1877,29057
0.193058,9.81355,29058
0.243043,10.192,29059
0.190627,9.7964,29060
0.226787,10.2241,29061
0.174307,9.77496,29062
0.243779,10.207,29063
0.173186,9.7843,29064
0.204995,10.2025,29065
0.180066,9.80014,29066
0.232515,10.2188,29067
0.196899,9.78244,29068
0.220995,10.2062,29069
0.179107,9.81156,29070
0.229955,10.1861,29071
0.169666,9.79236,29072
0.210115,10.1851,29073
0.185154,9.83304,29074
0.223683,10.1785,29075
0.172418,9.80833,29076
0.232644,10.2437,29077
0.187778,9.77,29078
0.230531,10.1877,29079
0.174627,9.80532,29080
0.211779,10.1847,29081
0.187683,9.81515,29082
0.245027,10.1922,29083
0.191779,9.8156,29084
0.232867,10.1899,29085
0.17965,9.78657,29086
0.237859,10.2126,29087
0.17821,9.79179,29088
0.21834,10.213,29089
0.185283,9.79889,29090
0.223491,10.184,29091
0.189763,9.81742,29092
0.216643,10.1676,29093
0.18717,9.82516,29094
0.233315,10.2364,29095
0.176098,9.77307,29096
0.189955,10.1871,29097
0.194083,9.80199,29098
0.230371,10.191,29099
0.165282,9.81147,29100
0.457543,9.98395,29101
0.195298,10.0131,29102
0.217827,10.1881,29103
0.187875,9.8138,29104
0.237379,10.1962,29105
0.168002,9.80497,29106
0.223427,10.2035,29107
0.17325,9.79972,29108
0.216163,10.2225,29109
0.184483,9.77793,29110
0.236643,10.2027,29111
0.187587,9.80519,29112
0.197059,10.1701,29113
0.17997,9.81768,29114
0.241859,10.2076,29115
0.180259,9.78699,29116
0.227843,10.199,29117
0.184803,9.80843,29118
0.235587,10.2018,29119
0.181922,9.79246,29120
0.233699,10.2114,29121
0.187778,9.79492,29122
0.41095,9.98248,29123
0.191299,10.0083,29124
0.232388,10.2371,29125
0.183138,9.76321,29126
0.217699,10.2441,29127
0.169379,9.75348,29128
0.234724,10.218,29129
0.176131,9.79227,29130
0.211139,10.1743,29131
0.179811,9.82337,29132
0.233539,10.2195,29133
0.186562,9.79326,29134
0.246052,10.1872,29135
0.173731,9.80318,29136
0.215971,10.2395,29137
0.187619,9.76027,29138
0.209219,10.1992,29139
0.164866,9.78942,29140
0.212803,10.2377,29141
0.162851,9.76519,29142
0.221731,10.2326,29143
0.193187,9.77838,29144
0.230435,10.2048,29145
0.167042,9.79156,29146
0.213443,10.1931,29147
0.17965,9.81963,29148
0.233924,10.1939,29149
0.156674,9.79067,29150
0.230563,10.1957,29151
0.199427,9.81063,29152
0.218211,10.1899,29153
0.170242,9.80347,29154
0.215779,10.1947,29155
0.184259,9.80878,29156
0.202339,10.1847,29157
0.186147,9.81134,29158
0.224387,10.2047,29159
0.16701,9.80401,29160
0.215779,10.1891,29161
0.183331,9.80385,29162
0.244516,10.1968,29163
0.187523,9.80462,29164
0.214851,10.1918,29165
0.18125,9.80718,29166
0.189091,10.1912,29167
0.160099,9.80504,29168
0.213315,10.2063,29169
0.174403,9.79492,29170
0.218083,10.2698,29171
0.18237,9.73358,29172
0.218915,10.2295,29173
0.179202,9.77831,29174
0.257156,10.2028,29175
0.186243,9.79441,29176
0.217827,10.2211,29177
0.183843,9.7772,29178
0.212803,10.2122,29179
0.178562,9.78535,29180
0.257923,10.2265,29181
0.180323,9.76497,29182
0.228067,10.2002,29183
0.170403,9.80875,29184
0.230883,10.2016,29185
0.180866,9.79396,29186
0.228771,10.2184,29187
0.189955,9.78561,29188
0.218915,10.1874,29189
0.17677,9.81284,29190
0.239491,10.2068,29191
0.175139,9.80462,29192
0.219843,10.2432,29193
0.15773,9.74577,29194
0.217379,10.1962,29195
0.17821,9.79275,29196
0.199203,10.1927,29197
0.185378,9.82129,29198
0.229539,10.1991,29199
0.170466,9.79428,29200
0.222979,10.1997,29201
0.171715,9.7946,29202
0.228132,10.2671,29203
0.160066,9.73476,29204
0.246372,10.2294,29205
0.189666,9.78167,29206
0.236228,10.1877,29207
0.191619,9.81998,29208
0.231939,10.1924,29209
0.167907,9.79179,29210
0.236484,10.1897,29211
0.186467,9.81784,29212
0.231395,10.2052,29213
0.181923,9.79198,29214
0.202499,10.2093,29215
0.166882,9.79748,29216
0.223075,10.1841,29217
0.190114,9.81854,29218
0.243395,10.1933,29219
0.174434,9.79617,29220
0.216483,10.1789,29221
0.179939,9.8202,29222
0.234628,10.1993,29223
0.174754,9.7954,29224
0.25322,10.2036,29225
0.185763,9.80465,29226
0.211907,10.2001,29227
0.187747,9.79905,29228
0.250916,10.206,29229
0.169955,9.78939,29230
0.199427,10.179,29231
0.170562,9.81873,29232
0.215395,10.2041,29233
0.15581,9.79268,29234
0.217219,10.2052,29235
0.175586,9.79931,29236
0.217475,10.2003,29237
0.186659,9.79947,29238
0.221251,10.2544,29239
0.179618,9.74913,29240
0.249475,10.1981,29241
0.168003,9.79457,29242
0.258756,10.207,29243
0.175362,9.7946,29244
0.220067,10.1882,29245
0.183139,9.82235,29246
0.194595,10.1779,29247
0.180162,9.83201,29248
0.216035,10.2482,29249
0.186147,9.74068,29250
0.209091,10.1953,29251
0.179586,9.80494,29252
0.233507,10.1905,29253
0.175555,9.80747,29254
0.17869,10.1807,29255
0.18893,9.82036,29256
0.213315,10.2011,29257
0.179619,9.79943,29258
0.205667,10.2126,29259
0.180546,9.78436,29260
0.224387,10.1978,29261
0.167522,9.79771,29262
0.229219,10.1926,29263
0.177858,9.8178,29264
0.43015,9.98251,29265
0.186115,10.014,29266
0.232419,10.1999,29267
0.180002,9.80827,29268
0.241443,10.1985,29269
0.16685,9.7842,29270
0.228963,10.2363,29271
0.161827,9.76129,29272
0.222179,10.2286,29273
0.191715,9.77956,29274
0.218819,10.189,29275
0.18429,9.82414,29276
0.235459,10.191,29277
0.189411,9.80235,29278
0.240899,10.1915,29279
0.169379,9.8011,29280
0.235171,10.2016,29281
0.170018,9.8018,29282
0.229731,10.1948,29283
0.186114,9.81595,29284
0.227972,10.1798,29285
0.164002,9.80049,29286
0.218819,10.2053,29287
0.159138,9.80987,29288
0.226275,10.1989,29289
0.186787,9.79844,29290
0.206563,10.1792,29291
0.182786,9.82843,29292
0.210307,10.1913,29293
0.185347,9.80833,29294
0.228964,10.1869,29295
0.171298,9.79307,29296
0.190274,10.1985,29297
0.18781,9.81172,29298
0.180866,10.1878,29299
0.172834,9.81889,29300
0.199843,10.1839,29301
0.181827,9.8083,29302
0.242756,10.1928,29303
0.187683,9.80724,29304
0.235779,10.1976,29305
0.196898,9.80174,29306
0.240099,10.1999,29307
0.191523,9.81163,29308
0.224291,10.1904,29309
0.186467,9.79415,29310
0.221667,10.2563,29311
0.185186,9.75985,29312
0.229827,10.1863,29313
0.195011,9.81339,29314
0.223139,10.1912,29315
0.172994,9.79223,29316
0.242116,10.2016,29317
0.187587,9.81707,29318
0.217187,10.1748,29319
0.181731,9.80542,29320
0.216003,10.1881,29321
0.182306,9.82225,29322
0.231523,10.2203,29323
0.190979,9.769,29324
0.230787,10.2112,29325
0.181891,9.80635,29326
0.20173,10.176,29327
0.189122,9.81771,29328
0.217699,10.18,29329
0.176898,9.81441,29330
0.210179,10.2179,29331
0.178787,9.78641,29332
0.242627,10.2236,29333
0.180291,9.77316,29334
0.214371,10.1962,29335
0.194787,9.81473,29336
0.178627,10.1874,29337
0.183203,9.7962,29338
0.215939,10.1974,29339
0.174371,9.80212,29340
0.225603,10.2348,29341
0.171043,9.76212,29342
0.235107,10.2667,29343
0.167586,9.74123,29344
0.212451,10.1929,29345
0.178627,9.81223,29346
0.247203,10.1997,29347
0.193475,9.80462,29348
0.223363,10.1844,29349
0.16813,9.81611,29350
0.222211,10.1992,29351
0.194563,9.80375,29352
0.219172,10.1965,29353
0.186211,9.78695,29354
0.242275,10.1999,29355
0.190883,9.80401,29356
0.218595,10.1907,29357
0.183778,9.80759,29358
0.215299,10.206,29359
0.168674,9.79262,29360
0.242243,10.2082,29361
0.173443,9.79655,29362
0.227331,10.1852,29363
0.191362,9.81668,29364
0.256644,10.2659,29365
0.18957,9.72702,29366
0.234755,10.1932,29367
0.178883,9.80676,29368
0.22826,10.1974,29369
0.189507,9.80983,29370
0.213187,10.1777,29371
0.183618,9.82267,29372
0.240516,10.2201,29373
0.188483,9.7818,29374
0.218211,10.1917,29375
0.189219,9.79636,29376
0.196002,10.205,29377
0.173698,9.81041,29378
0.238403,10.1938,29379
0.159714,9.79022,29380
0.229283,10.2083,29381
0.165634,9.7915,29382
0.209699,10.2035,29383
0.188067,9.80091,29384
0.234116,10.2392,29385
0.179106,9.76372,29386
0.2289,10.1999,29387
0.181442,9.8114,29388
0.234659,10.2103,29389
0.173186,9.77559,29390
0.222051,10.2331,29391
0.186658,9.7667,29392
0.237123,10.2067,29393
0.171618,9.79655,29394
0.227683,10.2644,29395
0.185251,9.73982,29396
0.24154,10.2366,29397
0.177282,9.75476,29398
0.206467,10.2049,29399
0.179554,9.79307,29400
0.228675,10.1988,29401
0.191619,9.81092,29402
0.218627,10.1826,29403
0.187523,9.81969,29404
0.257988,10.1951,29405
0.172355,9.80532,29406
0.210339,10.1949,29407
0.184355,9.79815,29408
0.226691,10.1882,29409
0.170243,9.81383,29410
0.232963,10.2293,29411
0.190019,9.77265,29412
0.234595,10.2364,29413
0.177314,9.76359,29414
0.213923,10.2589,29415
0.18221,9.74903,29416
0.190307,10.1933,29417
0.188386,9.79511,29418
0.246948,10.1886,29419
0.183938,9.81323,29420
0.233539,10.2255,29421
0.17901,9.77227,29422
0.224419,10.2101,29423
0.178051,9.8026,29424
0.235203,10.1928,29425
0.186691,9.80724,29426
0.224067,10.1767,29427
0.190179,9.81514,29428
0.218723,10.2216,29429
0.172322,9.77134,29430
0.215043,10.1859,29431
0.185059,9.82481,29432
0.184386,10.1887,29433
0.193187,9.80481,29434
0.232803,10.1955,29435
0.164419,9.80452,29436
0.215267,10.1815,29437
0.188419,9.821,29438
0.216003,10.1856,29439
0.187555,9.81255,29440
0.211427,10.1952,29441
0.190594,9.80852,29442
0.213635,10.2018,29443
0.184226,9.79438,29444
0.237796,10.1981,29445
0.159426,9.7938,29446
0.219203,10.1932,29447
0.178978,9.80759,29448
0.208034,10.206,29449
0.166882,9.78839,29450
0.223619,10.2371,29451
0.161122,9.76702,29452
0.208003,10.1888,29453
0.18605,9.81265,29454
0.257411,10.2086,29455
0.175938,9.79665,29456
0.236771,10.2223,29457
0.188707,9.77086,29458
0.233956,10.2499,29459
0.182211,9.76094,29460
0.234947,10.1956,29461
0.173539,9.80974,29462
0.237603,10.1994,29463
0.171843,9.78273,29464
0.219619,10.1928,29465
0.185603,9.82039,29466
0.22378,10.2212,29467
0.191299,9.78059,29468
0.206563,10.183,29469
0.186691,9.80564,29470
0.235588,10.2176,29471
0.163619,9.7762,29472
0.231332,10.2142,29473
0.16621,9.80491,29474
0.229828,10.1863,29475
0.16989,9.79723,29476
0.207842,10.2137,29477
0.184482,9.78622,29478
0.224323,10.2304,29479
0.178402,9.78756,29480
0.234563,10.184,29481
0.163618,9.79876,29482
0.227875,10.2094,29483
0.170146,9.79185,29484
0.214947,10.2013,29485
0.16541,9.7955,29486
0.203107,10.1964,29487
0.188547,9.82647,29488
0.241347,10.1801,29489
0.17789,9.8057,29490
0.207171,10.2056,29491
0.185315,9.78756,29492
0.23306,10.1846,29493
0.181731,9.81761,29494
0.229156,10.1933,29495
0.174691,9.81499,29496
0.197891,10.189,29497
0.198339,9.809,29498
0.259011,10.2229,29499
0.16317,9.77492,29500
0.232419,10.2612,29501
0.181987,9.7529,29502
0.231555,10.1942,29503
0.185506,9.78583,29504
0.215939,10.1906,29505
0.185443,9.80833,29506
0.228676,10.1858,29507
0.191875,9.81998,29508
0.229123,10.205,29509
0.16685,9.78695,29510
0.215779,10.2021,29511
0.188131,9.80939,29512
0.219075,10.1951,29513
0.185475,9.81553,29514
0.227043,10.1866,29515
0.183458,9.80094,29516
0.241988,10.2262,29517
0.183394,9.77066,29518
0.211619,10.2021,29519
0.174754,9.79991,29520
0.236291,10.2093,29521
0.175267,9.79044,29522
0.238275,10.1902,29523
0.177219,9.81028,29524
0.207394,10.206,29525
0.185987,9.79268,29526
0.212803,10.2008,29527
0.180259,9.80011,29528
0.237828,10.2081,29529
0.177506,9.79259,29530
0.211395,10.1833,29531
0.180386,9.81556,29532
0.249571,10.2016,29533
0.181026,9.79031,29534
0.237315,10.2023,29535
0.170371,9.79745,29536
0.213827,10.2064,29537
0.191587,9.80842,29538
0.234915,10.1889,29539
0.164035,9.81278,29540
0.220836,10.1945,29541
0.171394,9.78942,29542
0.238467,10.1978,29543
0.179938,9.80366,29544
0.23594,10.2132,29545
0.186403,9.80718,29546
0.221123,10.1845,29547
0.17309,9.80369,29548
0.223747,10.1881,29549
0.170115,9.80148,29550
0.234723,10.2099,29551
0.158595,9.79466,29552
0.222787,10.2308,29553
0.185379,9.76826,29554
0.241891,10.2302,29555
0.177027,9.7747,29556
0.213379,10.1859,29557
0.183554,9.80839,29558
0.217987,10.1933,29559
0.187842,9.80452,29560
0.197219,10.1876,29561
0.18269,9.81351,29562
0.222403,10.2048,29563
0.180002,9.79569,29564
0.218819,10.1994,29565
0.180451,9.80567,29566
0.206563,10.2069,29567
0.178595,9.78881,29568
0.207362,10.2082,29569
0.181027,9.7985,29570
0.218339,10.1827,29571
0.179971,9.81204,29572
0.427878,10.0508,29573
0.172194,9.95697,29574
0.220355,10.196,29575
0.176642,9.79415,29576
0.221667,10.2175,29577
0.153122,9.78042,29578
0.208579,10.2162,29579
0.169635,9.7843,29580
0.207523,10.189,29581
0.175779,9.82551,29582
0.229123,10.195,29583
0.175939,9.79252,29584
0.221027,10.1911,29585
0.192995,9.8123,29586
0.207298,10.1958,29587
0.186402,9.80938,29588
0.22826,10.1987,29589
0.188803,9.80436,29590
0.209475,10.2227,29591
0.183971,9.76961,29592
0.215139,10.2272,29593
0.170146,9.76884,29594
0.234627,10.2198,29595
0.180579,9.78522,29596
0.233123,10.2063,29597
0.180738,9.79182,29598
0.240227,10.2263,29599
0.171394,9.77415,29600
0.216483,10.1963,29601
0.189571,9.80398,29602
0.254372,10.2281,29603
0.185059,9.7699,29604
0.209378,10.2006,29605
0.180546,9.80586,29606
0.451271,9.98177,29607
0.184643,10.0163,29608
0.215491,10.1865,29609
0.166146,9.8073,29610
0.234467,10.2077,29611
0.192259,9.81214,29612
0.247555,10.2178,29613
0.175395,9.76033,29614
0.218307,10.2069,29615
0.17997,9.80094,29616
0.19197,10.2074,29617
0.181122,9.79783,29618
0.218083,10.1922,29619
0.178275,9.80458,29620
0.209443,10.1818,29621
0.191811,9.81316,29622
0.202019,10.1898,29623
0.185474,9.82807,29624
0.222243,10.1774,29625
0.168099,9.79857,29626
0.217539,10.2099,29627
0.183523,9.80762,29628
0.212003,10.2177,29629
0.187426,9.77393,29630
0.224291,10.1884,29631
0.186563,9.81508,29632
0.222627,10.2023,29633
0.195363,9.79892,29634
0.199235,10.2065,29635
0.182498,9.78516,29636
0.237284,10.2113,29637
0.18733,9.80762,29638
0.245059,10.2543,29639
0.186467,9.73588,29640
0.214435,10.1879,29641
0.173187,9.7969,29642
0.199843,10.1896,29643
0.176131,9.8187,29644
0.198115,10.2134,29645
0.184066,9.78721,29646
0.182242,10.2029,29647
0.183042,9.80337,29648
0.214627,10.1797,29649
0.186595,9.82535,29650
0.224707,10.2182,29651
0.177411,9.77882,29652
0.214147,10.2204,29653
0.183074,9.77953,29654
0.214723,10.2209,29655
0.182467,9.78001,29656
0.192195,10.1908,29657
0.181795,9.80737,29658
0.205795,10.1783,29659
0.170498,9.81918,29660
0.237028,10.2011,29661
0.183587,9.79559,29662
0.239331,10.21,29663
0.17197,9.79265,29664
0.225667,10.2135,29665
0.18909,9.7993,29666
0.257348,10.1803,29667
0.190531,9.81825,29668
0.256516,10.1987,29669
0.16733,9.79924,29670
0.212483,10.1766,29671
0.182754,9.80964,29672
0.201347,10.2068,29673
0.183939,9.79924,29674
0.224707,10.196,29675
0.171298,9.7946,29676
0.234051,10.2564,29677
0.181154,9.75156,29678
0.214531,10.2343,29679
0.181699,9.75719,29680
0.214723,10.1916,29681
0.18093,9.80942,29682
0.22794,10.2024,29683
0.170723,9.79438,29684
0.226499,10.2095,29685
0.172674,9.79265,29686
0.22346,10.2275,29687
0.185282,9.77636,29688
0.218692,10.1928,29689
0.171874,9.80046,29690
0.204227,10.1931,29691
0.187106,9.81863,29692
0.223555,10.2539,29693
0.15597,9.74657,29694
0.207075,10.1733,29695
0.156547,9.81674,29696
0.193347,10.2059,29697
0.164994,9.80004,29698
0.223587,10.1995,29699
0.178531,9.79758,29700
0.200707,10.2058,29701
0.173858,9.78794,29702
0.217795,10.1997,29703
0.171555,9.81018,29704
0.207683,10.1988,29705
0.182754,9.80106,29706
0.220259,10.2432,29707
0.189443,9.7514,29708
0.241796,10.2,29709
0.177538,9.80836,29710
0.241859,10.191,29711
0.164962,9.79626,29712
0.224003,10.2118,29713
0.179842,9.79924,29714
0.219779,10.1935,29715
0.180035,9.81946,29716
0.232995,10.1958,29717
0.168002,9.78734,29718
0.207395,10.2104,29719
0.18077,9.78423,29720
0.221219,10.2121,29721
0.18589,9.80097,29722
0.228291,10.1995,29723
0.170082,9.78458,29724
0.228419,10.2157,29725
0.169091,9.79389,29726
0.212387,10.2167,29727
0.183106,9.78669,29728
0.194243,10.2211,29729
0.182979,9.77121,29730
0.169155,10.1917,29731
0.164002,9.80593,29732
0.224963,10.2024,29733
0.177155,9.81079,29734
0.234532,10.1957,29735
0.168482,9.79354,29736
0.242275,10.2258,29737
0.186339,9.77585,29738
0.208771,10.187,29739
0.182818,9.81118,29740
0.233955,10.2039,29741
0.183363,9.80785,29742
0.212579,10.1762,29743
0.183458,9.81511,29744
0.226115,10.2027,29745
0.183107,9.81444,29746
0.255107,10.2173,29747
0.16269,9.77095,29748
0.226787,10.2204,29749
0.186819,9.77281,29750
0.217507,10.1965,29751
0.18733,9.80862,29752
0.221635,10.178,29753
0.190819,9.81802,29754
0.238787,10.2115,29755
0.185699,9.79063,29756
0.199587,10.1929,29757
0.177698,9.81246,29758
0.231203,10.1985,29759
0.15453,9.79181,29760
0.265636,10.2677,29761
0.156834,9.73159,29762
0.242435,10.1981,29763
0.173507,9.80919,29764
0.214371,10.2232,29765
0.174082,9.77037,29766
0.179362,10.2079,29767
0.172387,9.79655,29768
0.199106,10.2234,29769
0.188418,9.77217,29770
0.220003,10.2057,29771
0.183651,9.8034,29772
0.228451,10.1949,29773
0.184098,9.8059,29774
0.236323,10.2374,29775
0.188643,9.75921,29776
0.237859,10.2399,29777
0.186274,9.77361,29778
0.217315,10.213,29779
0.185315,9.76833,29780
0.208995,10.2073,29781
0.179555,9.79501,29782
0.23834,10.2032,29783
0.176291,9.8097,29784
0.200163,10.1778,29785
0.187203,9.81245,29786
0.185698,10.1913,29787
0.163939,9.79946,29788
0.221283,10.1999,29789
0.15709,9.80209,29790
0.225475,10.2037,29791
0.162018,9.79594,29792
0.152131,9.9891,29793
0.168259,10.0208,29794
0.220611,10.1847,29795
0.163522,9.81457,29796
0.195043,10.1899,29797
0.182082,9.81082,29798
0.242532,10.2054,29799
0.178499,9.79281,29800
0.221059,10.2116,29801
0.186371,9.78378,29802
0.230947,10.1972,29803
0.165026,9.79658,29804
0.204931,10.2516,29805
0.179522,9.75252,29806
0.174115,10.196,29807
0.185795,9.80129,29808
0.194786,10.199,29809
0.174563,9.80417,29810
0.227715,10.2271,29811
0.17645,9.76561,29812
0.236515,10.2367,29813
0.178819,9.77575,29814
0.232931,10.2095,29815
0.16557,9.78263,29816
0.201091,10.1819,29817
0.176707,9.81854,29818
0.220739,10.2043,29819
0.16125,9.79681,29820
0.214851,10.1916,29821
0.174466,9.81188,29822
0.181187,10.1815,29823
0.171171,9.81479,29824
0.220867,10.2398,29825
0.190722,9.76532,29826
0.206722,10.2444,29827
0.165346,9.74689,29828
0.207587,10.1919,29829
0.187811,9.82189,29830
0.241123,10.2279,29831
0.18605,9.77357,29832
0.184162,10.1864,29833
0.171938,9.81297,29834
0.231587,10.1839,29835
0.177154,9.81086,29836
0.192611,10.1953,29837
0.178467,9.80462,29838
0.227811,10.1899,29839
0.178466,9.80951,29840
0.235812,10.2263,29841
0.17021,9.76983,29842
0.204707,10.1884,29843
0.163906,9.81143,29844
0.215715,10.1983,29845
0.180547,9.80455,29846
0.219523,10.1994,29847
0.185282,9.80116,29848
0.224004,10.2332,29849
0.18205,9.76689,29850
0.205123,10.1985,29851
0.186627,9.80174,29852
0.211042,10.203,29853
0.176323,9.80221,29854
0.202947,10.2022,29855
0.18317,9.79153,29856
0.186083,10.1944,29857
0.185635,9.81297,29858
0.218979,10.2198,29859
0.168098,9.76503,29860
0.236995,10.2392,29861
0.172643,9.76394,29862
0.211043,10.2306,29863
0.189698,9.7674,29864
0.15757,9.9939,29865
0.170434,10.0102,29866
0.215651,10.1911,29867
0.187011,9.80826,29868
0.221603,10.1968,29869
0.168099,9.79994,29870
0.212675,10.2018,29871
0.183074,9.80509,29872
0.205091,10.1871,29873
0.175203,9.8178,29874
0.225955,10.188,29875
0.183235,9.80231,29876
0.247587,10.2136,29877
0.203683,9.79876,29878
0.223331,10.1972,29879
0.171266,9.79313,29880
0.246372,10.2181,29881
0.178851,9.78145,29882
0.250819,10.2033,29883
0.182883,9.7954,29884
0.228899,10.212,29885
0.168451,9.78113,29886
0.223364,10.2173,29887
0.189602,9.79229,29888
0.220707,10.1998,29889
0.18157,9.79649,29890
0.228643,10.2198,29891
0.179618,9.78471,29892
0.219427,10.1906,29893
0.18317,9.80446,29894
0.215715,10.2202,29895
0.186595,9.78516,29896
0.216739,10.2284,29897
0.188387,9.76887,29898
0.236099,10.2001,29899
0.162722,9.79575,29900
0.215395,10.1911,29901
0.189251,9.82186,29902
0.228675,10.1958,29903
0.196259,9.81153,29904
0.259396,10.2008,29905
0.187587,9.78612,29906
0.23098,10.2227,29907
0.189571,9.77937,29908
0.238659,10.1998,29909
0.173379,9.79716,29910
0.224995,10.2003,29911
0.164226,9.81402,29912
0.218979,10.1813,29913
0.184194,9.80935,29914
0.235907,10.2052,29915
0.179426,9.79386,29916
0.189507,10.193,29917
0.195778,9.80004,29918
0.210211,10.2263,29919
0.17325,9.78964,29920
0.204739,10.2179,29921
0.192803,9.77649,29922
0.236323,10.2289,29923
0.184163,9.77271,29924
0.219171,10.2137,29925
0.167426,9.77914,29926
0.439078,9.98388,29927
0.180291,10.0133,29928
0.211491,10.2072,29929
0.180707,9.79319,29930
0.234595,10.2042,29931
0.184387,9.81223,29932
0.239939,10.1955,29933
0.184515,9.78948,29934
0.236035,10.2068,29935
0.183971,9.79393,29936
0.201091,10.1901,29937
0.162658,9.81934,29938
0.2385,10.1882,29939
0.172738,9.80292,29940
0.20125,10.2146,29941
0.18061,9.777,29942
0.221539,10.2383,29943
0.18589,9.76362,29944
0.215331,10.1892,29945
0.190434,9.81233,29946
0.245635,10.2006,29947
0.166306,9.80628,29948
0.244131,10.2027,29949
0.182402,9.78922,29950
0.220355,10.2033,29951
0.18413,9.79869,29952
0.216515,10.2334,29953
0.184227,9.77066,29954
0.203587,10.1986,29955
0.181059,9.79591,29956
0.222243,10.2039,29957
0.173699,9.81117,29958
0.203011,10.1704,29959
0.181763,9.81495,29960
0.211523,10.1916,29961
0.179587,9.80775,29962
0.216483,10.1891,29963
0.180643,9.80983,29964
0.249412,10.2134,29965
0.186594,9.8057,29966
0.241348,10.1988,29967
0.181314,9.78983,29968
0.230371,10.2467,29969
0.16573,9.74685,29970
0.211491,10.1906,29971
0.180098,9.82858,29972
0.232323,10.2253,29973
0.183043,9.77441,29974
0.245283,10.184,29975
0.178466,9.80538,29976
0.190114,10.1954,29977
0.180514,9.80676,29978
0.235267,10.2215,29979
0.171458,9.76266,29980
0.232227,10.2096,29981
0.163714,9.81146,29982
0.207266,10.1719,29983
0.185731,9.82116,29984
0.221027,10.1985,29985
0.188803,9.79879,29986
0.230691,10.2231,29987
0.186211,9.77751,29988
0.213507,10.2003,29989
0.179682,9.79553,29990
0.206947,10.1906,29991
0.186947,9.82644,29992
0.231011,10.1953,29993
0.190178,9.79418,29994
0.214563,10.1817,29995
0.172834,9.82404,29996
0.200674,10.1795,29997
0.188706,9.82135,29998
0.187683,10.1748,29999
0.183299,9.82017,30000
0.228004,10.1869,30001
0.17005,9.80516,30002
0.2425,10.1941,30003
0.192483,9.80957,30004
0.240612,10.2059,30005
0.172354,9.78858,30006
0.219235,10.1654,30007
0.184802,9.83418,30008
0.236003,10.2064,30009
0.189698,9.79505,30010
0.187778,10.2694,30011
0.178242,9.7433,30012
0.237635,10.1963,30013
0.192963,9.79271,30014
0.220931,10.2271,30015
0.170947,9.7738,30016
0.20909,10.206,30017
0.173091,9.78641,30018
0.240835,10.2324,30019
0.176674,9.76711,30020
0.233507,10.1929,30021
0.164002,9.81101,30022
0.169058,10.181,30023
0.172322,9.82039,30024
0.208547,10.1913,30025
0.165474,9.80346,30026
0.204611,10.2053,30027
0.183618,9.80833,30028
0.234531,10.1976,30029
0.188258,9.80372,30030
0.221123,10.2223,30031
0.167426,9.78173,30032
0.202019,10.1632,30033
0.174915,9.82865,30034
0.217955,10.1863,30035
0.166658,9.80737,30036
0.206019,10.2476,30037
0.189507,9.75095,30038
0.237123,10.2029,30039
0.179362,9.80599,30040
0.178979,9.99134,30041
0.18189,10.0015,30042
0.242948,10.2318,30043
0.165826,9.77655,30044
0.208195,10.2053,30045
0.175426,9.78417,30046
0.239523,10.1993,30047
0.188482,9.81697,30048
0.231555,10.2137,30049
0.183555,9.77034,30050
0.192291,10.235,30051
0.183523,9.76503,30052
0.219779,10.2039,30053
0.188003,9.79716,30054
0.214531,10.2001,30055
0.185922,9.79812,30056
0.191267,10.2122,30057
0.194627,9.79348,30058
0.235171,10.2095,30059
0.194338,9.79002,30060
0.490887,10.0084,30061
0.169954,9.98823,30062
0.212867,10.2135,30063
0.177923,9.78724,30064
0.199235,10.2132,30065
0.178371,9.79057,30066
0.197346,10.2157,30067
0.184867,9.77969,30068
0.22666,10.2053,30069
0.15757,9.79633,30070
0.229955,10.2057,30071
0.175426,9.793,30072
0.228419,10.1976,30073
0.189219,9.81297,30074
0.242531,10.1978,30075
0.186307,9.81063,30076
0.194339,10.1871,30077
0.188194,9.79421,30078
0.232803,10.1986,30079
0.186562,9.80148,30080
0.215619,10.1971,30081
0.177347,9.8113,30082
0.199522,10.2039,30083
0.188771,9.78714,30084
0.213315,10.2015,30085
0.17165,9.7986,30086
0.19645,10.2006,30087
0.17677,9.81808,30088
0.226083,10.1876,30089
0.18141,9.80189,30090
0.223043,10.1846,30091
0.178147,9.81508,30092
0.219171,10.1902,30093
0.190626,9.80768,30094
0.235523,10.2058,30095
0.175747,9.78647,30096
0.218243,10.2099,30097
0.180611,9.79809,30098
0.220835,10.2267,30099
0.17421,9.77876,30100
0.233315,10.1956,30101
0.165314,9.80599,30102
0.246212,10.1963,30103
0.162467,9.80263,30104
0.211715,10.1921,30105
0.188002,9.79447,30106
0.217251,10.1923,30107
0.184386,9.82657,30108
0.239524,10.1877,30109
0.172547,9.79783,30110
0.238275,10.2011,30111
0.169314,9.80356,30112
0.228387,10.1887,30113
0.180802,9.80471,30114
0.213955,10.1876,30115
0.183139,9.81255,30116
0.195907,10.1924,30117
0.185731,9.80848,30118
0.223907,10.2084,30119
0.166434,9.80448,30120
0.205571,10.1838,30121
0.187106,9.80269,30122
0.203235,10.2016,30123
0.181763,9.80167,30124
0.200578,10.188,30125
0.185218,9.81306,30126
0.212771,10.1975,30127
0.18669,9.8065,30128
0.221571,10.2658,30129
0.186787,9.72343,30130
0.247363,10.202,30131
0.170274,9.79559,30132
0.235235,10.2263,30133
0.17085,9.77517,30134
0.246179,10.2548,30135
0.182947,9.75914,30136
0.216675,10.1739,30137
0.180771,9.81805,30138
0.233795,10.2285,30139
0.190403,9.78381,30140
0.227683,10.2444,30141
0.163683,9.73636,30142
0.279459,10.2582,30143
0.183235,9.76228,30144
0.217155,10.1808,30145
0.18285,9.80308,30146
0.218179,10.1998,30147
0.165859,9.79924,30148
0.219875,10.2074,30149
0.188131,9.79377,30150
0.225539,10.2019,30151
0.17949,9.79537,30152
0.246307,10.2367,30153
0.170114,9.7616,30154
0.217667,10.2295,30155
0.158466,9.78023,30156
0.235363,10.2227,30157
0.173794,9.76669,30158
0.437318,10.0641,30159
0.182082,9.93812,30160
0.207299,10.1893,30161
0.168611,9.81652,30162
0.212035,10.1967,30163
0.181923,9.80292,30164
0.218371,10.2412,30165
0.169986,9.75533,30166
0.212835,10.1874,30167
0.182979,9.8162,30168
0.455462,10.1684,30169
0.174178,9.82186,30170
0.222243,10.2059,30171
0.184002,9.79927,30172
0.443462,9.9874,30173
0.18365,10.0248,30174
0.219075,10.1896,30175
0.183811,9.80119,30176
0.237699,10.2345,30177
0.18365,9.77073,30178
0.235267,10.2264,30179
0.190882,9.77012,30180
0.231715,10.2013,30181
0.178851,9.79572,30182
0.205635,10.2247,30183
0.179938,9.77626,30184
0.197506,10.2144,30185
0.17997,9.78516,30186
0.184899,10.1993,30187
0.175042,9.79373,30188
0.242596,10.2272,30189
0.179778,9.77994,30190
0.220706,10.2012,30191
0.164546,9.79504,30192
0.222723,10.2319,30193
0.188194,9.77725,30194
0.212963,10.2231,30195
0.176067,9.7826,30196
0.201795,10.1765,30197
0.17565,9.82257,30198
0.207587,10.2064,30199
0.188611,9.7825,30200
0.242051,10.1994,30201
0.160642,9.80199,30202
0.240804,10.1948,30203
0.180963,9.81447,30204
0.226275,10.1984,30205
0.164962,9.79527,30206
0.226371,10.2695,30207
0.175587,9.73725,30208
0.222179,10.1914,30209
0.176226,9.79661,30210
0.223747,10.2315,30211
0.15869,9.76426,30212
0.233283,10.2006,30213
0.175714,9.8049,30214
0.246115,10.2334,30215
0.178114,9.76759,30216
0.219779,10.2205,30217
0.18285,9.78369,30218
0.230691,10.2286,30219
0.166594,9.76685,30220
0.201411,10.208,30221
0.17693,9.78852,30222
0.220003,10.2041,30223
0.178755,9.80551,30224
0.215107,10.222,30225
0.155106,9.7697,30226
0.206403,10.2329,30227
0.185475,9.77965,30228
0.442854,9.98174,30229
0.18157,10.0114,30230
0.223683,10.1828,30231
0.170787,9.82074,30232
0.216515,10.1963,30233
0.174402,9.79655,30234
0.220034,10.1951,30235
0.169954,9.80551,30236
0.218627,10.2073,30237
0.181186,9.79674,30238
0.460326,10.08,30239
0.182339,9.91207,30240
0.231875,10.209,30241
0.174402,9.79546,30242
0.223843,10.2219,30243
0.189283,9.77428,30244
0.232355,10.218,30245
0.18141,9.79063,30246
0.221315,10.2172,30247
0.168514,9.77152,30248
0.434982,10.1407,30249
0.187202,9.86263,30250
0.219779,10.2372,30251
0.171202,9.7633,30252
0.231747,10.2354,30253
0.187042,9.7737,30254
0.217027,10.2113,30255
0.188483,9.79754,30256
0.204834,10.2131,30257
0.167522,9.77501,30258
0.219011,10.1866,30259
0.174114,9.80772,30260
0.235587,10.2101,30261
0.187746,9.79345,30262
0.219875,10.1918,30263
0.173858,9.8,30264
0.219779,10.1964,30265
0.189442,9.82605,30266
0.217091,10.1902,30267
0.188675,9.81021,30268
0.271716,10.262,30269
0.166882,9.73229,30270
0.206019,10.2031,30271
0.183747,9.788,30272
0.223075,10.1974,30273
0.183394,9.79962,30274
0.228483,10.2314,30275
0.183715,9.76919,30276
0.246499,10.2305,30277
0.186146,9.77312,30278
0.222339,10.2281,30279
0.169634,9.7656,30280
0.212995,10.19,30281
0.165698,9.80768,30282
0.228003,10.2552,30283
0.160514,9.75431,30284
0.222147,10.2255,30285
0.185602,9.76487,30286
0.228835,10.2081,30287
0.169538,9.79156,30288
0.228323,10.2377,30289
0.176963,9.7641,30290
0.232931,10.2041,30291
0.162818,9.80093,30292
0.223555,10.2047,30293
0.157218,9.79991,30294
0.195843,10.2033,30295
0.183267,9.80906,30296
0.231299,10.1682,30297
0.182371,9.80941,30298
0.211299,10.2124,30299
0.183906,9.80042,30300
0.221347,10.1783,30301
0.180675,9.81069,30302
0.239332,10.1932,30303
0.167523,9.80861,30304
0.230243,10.1977,30305
0.179906,9.82042,30306
0.218755,10.189,30307
0.194915,9.79872,30308
0.204546,10.2147,30309
0.17213,9.79741,30310
0.214115,10.1841,30311
0.164226,9.7953,30312
0.196931,10.1884,30313
0.188131,9.81248,30314
0.241059,10.2267,30315
0.181059,9.77988,30316
0.229699,10.1928,30317
0.183138,9.80471,30318
0.209411,10.1953,30319
0.177058,9.80615,30320
0.244836,10.2021,30321
0.169699,9.79309,30322
0.235203,10.1979,30323
0.170946,9.80186,30324
0.235235,10.2034,30325
0.181763,9.80452,30326
0.194115,10.1874,30327
0.190403,9.81495,30328
0.234947,10.2186,30329
0.18957,9.78068,30330
0.242852,10.2276,30331
0.17277,9.77533,30332
0.213571,10.2,30333
0.168739,9.79386,30334
0.199202,10.2077,30335
0.167778,9.79108,30336
0.212323,10.239,30337
0.17261,9.76141,30338
0.201027,10.1862,30339
0.166691,9.82112,30340
0.198882,10.1962,30341
0.169059,9.78928,30342
0.200259,10.2244,30343
0.17165,9.7776,30344
0.233475,10.1995,30345
0.167426,9.80692,30346
0.188642,10.2104,30347
0.172483,9.78375,30348
0.211043,10.1924,30349
0.178882,9.82484,30350
0.228355,10.2214,30351
0.176514,9.76186,30352
0.207715,10.1886,30353
0.172131,9.809,30354
0.230755,10.2165,30355
0.182946,9.79338,30356
0.234371,10.1983,30357
0.169378,9.79581,30358
0.242116,10.1941,30359
0.171427,9.80967,30360
0.222051,10.1825,30361
0.187202,9.81421,30362
0.212867,10.1851,30363
0.183843,9.81524,30364
0.252932,10.2003,30365
0.188899,9.8032,30366
0.187458,10.188,30367
0.19213,9.82208,30368
0.219043,10.1916,30369
0.17069,9.79053,30370
0.249091,10.2349,30371
0.175907,9.77332,30372
0.207362,10.1879,30373
0.172802,9.81783,30374
0.243363,10.1927,30375
0.188802,9.79524,30376
0.23594,10.2116,30377
0.181123,9.79284,30378
0.224131,10.2269,30379
0.180994,9.76855,30380
0.213731,10.1993,30381
0.17581,9.80196,30382
0.235459,10.2046,30383
0.176035,9.79988,30384
0.261667,10.1926,30385
0.180515,9.80583,30386
0.183266,10.1862,30387
0.18477,9.82084,30388
0.216419,10.1908,30389
0.17869,9.80269,30390
0.222531,10.1876,30391
0.186626,9.8129,30392
0.233379,10.2024,30393
0.173762,9.79895,30394
0.244163,10.2064,30395
0.165506,9.78186,30396
0.226275,10.2132,30397
0.182691,9.79984,30398
0.220131,10.1995,30399
0.180963,9.79354,30400
0.239587,10.2077,30401
0.171842,9.79194,30402
0.243427,10.1947,30403
0.161058,9.80912,30404
0.216899,10.1883,30405
0.185922,9.80967,30406
0.239907,10.2072,30407
0.186562,9.78858,30408
0.226851,10.2029,30409
0.17357,9.79863,30410
0.226019,10.2029,30411
0.163042,9.80061,30412
0.211395,10.229,30413
0.170275,9.76781,30414
0.230915,10.1998,30415
0.184322,9.81648,30416
0.241827,10.2254,30417
0.19181,9.77613,30418
0.226211,10.2191,30419
0.177282,9.77677,30420
0.210275,10.2038,30421
0.16717,9.78867,30422
0.209219,10.2044,30423
0.181474,9.79578,30424
0.219235,10.2209,30425
0.186979,9.77956,30426
0.187555,10.2035,30427
0.175715,9.7896,30428
0.206499,10.224,30429
0.188386,9.78708,30430
0.243043,10.1896,30431
0.165058,9.7994,30432
0.225507,10.2024,30433
0.16413,9.79725,30434
0.225667,10.2253,30435
0.192802,9.77549,30436
0.242147,10.248,30437
0.182338,9.7592,30438
0.231747,10.2304,30439
0.184739,9.77872,30440
0.250276,10.2168,30441
0.186723,9.7706,30442
0.226947,10.1918,30443
0.194659,9.80362,30444
0.240163,10.1913,30445
0.169571,9.80522,30446
0.232675,10.2309,30447
0.194306,9.77898,30448
0.226787,10.1965,30449
0.174562,9.80464,30450
0.235939,10.1949,30451
0.18909,9.80343,30452
0.200291,10.1737,30453
0.195363,9.8233,30454
0.241507,10.2028,30455
0.170979,9.80032,30456
0.190946,10.1903,30457
0.175715,9.81044,30458
0.222435,10.1902,30459
0.175235,9.80292,30460
0.222243,10.1998,30461
0.181026,9.81444,30462
0.231843,10.2033,30463
0.163394,9.78573,30464
0.201731,10.1866,30465
0.186306,9.81671,30466
0.193986,10.1956,30467
0.187299,9.80512,30468
0.228963,10.1939,30469
0.172258,9.79581,30470
0.218083,10.1925,30471
0.187779,9.81053,30472
0.217059,10.1942,30473
0.189603,9.80372,30474
0.207331,10.2178,30475
0.186754,9.78573,30476
0.191555,10.1969,30477
0.187842,9.81117,30478
0.223171,10.1997,30479
0.184066,9.79978,30480
0.210115,10.2056,30481
0.177826,9.78976,30482
0.218019,10.1818,30483
0.186147,9.81546,30484
0.219587,10.2317,30485
0.181603,9.76691,30486
0.23466,10.2129,30487
0.187011,9.7976,30488
0.228803,10.2053,30489
0.175554,9.78416,30490
0.227715,10.2275,30491
0.184354,9.77255,30492
0.241827,10.1906,30493
0.178882,9.80644,30494
0.223363,10.1966,30495
0.184867,9.82471,30496
0.236611,10.1755,30497
0.196771,9.81575,30498
0.188354,10.1816,30499
0.18797,9.81984,30500
0.245187,10.2006,30501
0.187554,9.79744,30502
0.241539,10.2205,30503
0.17117,9.77133,30504
0.219427,10.2179,30505
0.175362,9.78624,30506
0.212035,10.1959,30507
0.184258,9.80154,30508
0.236387,10.2107,30509
0.189442,9.79079,30510
0.231971,10.2203,30511
0.192834,9.78813,30512
0.212418,10.1775,30513
0.190658,9.8145,30514
0.203523,10.1865,30515
0.180515,9.81114,30516
0.249699,10.1995,30517
0.187363,9.80224,30518
0.196002,10.1998,30519
0.193986,9.81351,30520
0.217443,10.1823,30521
0.177283,9.80212,30522
0.233219,10.2105,30523
0.185187,9.79818,30524
0.211587,10.1885,30525
0.188035,9.80163,30526
0.221283,10.2026,30527
0.182083,9.80375,30528
0.222338,10.2117,30529
0.186755,9.79952,30530
0.224483,10.1811,30531
0.175138,9.80429,30532
0.233219,10.2049,30533
0.171458,9.80061,30534
0.201507,10.2028,30535
0.185186,9.79005,30536
0.197443,10.2039,30537
0.172322,9.8025,30538
0.223619,10.188,30539
0.171682,9.81162,30540
0.223075,10.2095,30541
0.177602,9.78899,30542
0.220611,10.1979,30543
0.173634,9.80275,30544
0.227299,10.1866,30545
0.18669,9.82451,30546
0.227971,10.1858,30547
0.175458,9.79808,30548
0.234851,10.2157,30549
0.177922,9.78637,30550
0.212099,10.2243,30551
0.174562,9.77079,30552
0.21373,10.1861,30553
0.18381,9.82413,30554
0.221763,10.1898,30555
0.155043,9.79847,30556
0.238051,10.2389,30557
0.165411,9.76615,30558
0.21373,10.1998,30559
0.181922,9.80896,30560
0.220259,10.2034,30561
0.184931,9.78717,30562
0.207107,10.1813,30563
0.186595,9.81827,30564
0.224835,10.2334,30565
0.186723,9.76887,30566
0.208899,10.1955,30567
0.192547,9.80538,30568
0.229955,10.1966,30569
0.182499,9.79495,30570
0.221539,10.2017,30571
0.169763,9.80999,30572
0.222531,10.1878,30573
0.185187,9.81258,30574
0.244388,10.1964,30575
0.17885,9.79767,30576
0.236963,10.206,30577
0.183363,9.79904,30578
0.234724,10.2099,30579
0.166722,9.78567,30580
0.205539,10.1831,30581
0.190051,9.83268,30582
0.232707,10.1747,30583
0.175682,9.81783,30584
0.236931,10.2334,30585
0.172898,9.74931,30586
0.532615,9.99946,30587
0.182946,10.0176,30588
0.219619,10.243,30589
0.191011,9.75056,30590
0.214915,10.2037,30591
0.189059,9.80989,30592
0.228548,10.1746,30593
0.180354,9.81216,30594
0.219747,10.2136,30595
0.169506,9.78224,30596
0.232195,10.2007,30597
0.176963,9.79603,30598
0.18461,10.192,30599
0.181443,9.81418,30600
0.244771,10.2012,30601
0.186722,9.79984,30602
0.204419,10.1878,30603
0.179202,9.81088,30604
0.236739,10.2042,30605
0.188322,9.80858,30606
0.231779,10.2199,30607
0.195875,9.77014,30608
0.223875,10.2021,30609
0.181219,9.79805,30610
0.249731,10.1917,30611
0.185794,9.80906,30612
0.201603,10.1791,30613
0.18269,9.82173,30614
0.242723,10.2397,30615
0.172867,9.75383,30616
0.187842,10.2045,30617
0.184419,9.79965,30618
0.230851,10.2074,30619
0.176962,9.80263,30620
0.200355,10.2139,30621
0.191074,9.77741,30622
0.217731,10.1845,30623
0.191939,9.80861,30624
0.243459,10.2083,30625
0.179587,9.80912,30626
0.19501,10.1898,30627
0.176674,9.79815,30628
0.224003,10.2113,30629
0.190627,9.80125,30630
0.225795,10.2025,30631
0.17901,9.77978,30632
0.208131,10.206,30633
0.182595,9.79978,30634
0.250851,10.2097,30635
0.170114,9.78234,30636
0.221187,10.2285,30637
0.169346,9.7648,30638
0.218627,10.2095,30639
0.167266,9.79818,30640
0.245668,10.2062,30641
0.182083,9.79527,30642
0.229539,10.2021,30643
0.173123,9.80439,30644
0.246947,10.1992,30645
0.178146,9.79619,30646
0.214818,10.2751,30647
0.176482,9.71821,30648
0.225507,10.2354,30649
0.19085,9.77853,30650
0.221987,10.1991,30651
0.177506,9.80884,30652
0.214627,10.1979,30653
0.190499,9.80467,30654
0.210434,10.1818,30655
0.164546,9.80215,30656
0.199043,10.1982,30657
0.182754,9.81588,30658
0.206147,10.181,30659
0.18013,9.80989,30660
0.214882,10.2366,30661
0.169603,9.76051,30662
0.212483,10.1878,30663
0.198051,9.8064,30664
0.223875,10.2156,30665
0.165794,9.78346,30666
0.193027,10.2075,30667
0.176034,9.7993,30668
0.219459,10.22,30669
0.175523,9.77197,30670
0.20013,10.1899,30671
0.180739,9.82071,30672
0.158562,9.98317,30673
0.197539,10.0174,30674
0.212706,10.2049,30675
0.187618,9.79536,30676
0.238787,10.1976,30677
0.181474,9.81219,30678
0.226435,10.1741,30679
0.184611,9.81536,30680
0.234947,10.1808,30681
0.180738,9.81453,30682
0.225603,10.2044,30683
0.162978,9.80519,30684
0.226179,10.1873,30685
0.190147,9.80343,30686
0.196227,10.1954,30687
0.189219,9.81085,30688
0.224387,10.1875,30689
0.175586,9.81629,30690
0.224419,10.2248,30691
0.168162,9.75786,30692
0.215075,10.2029,30693
0.162882,9.7952,30694
0.179714,10.2039,30695
0.174979,9.79533,30696
0.211714,10.228,30697
0.160578,9.77578,30698
0.181858,10.2086,30699
0.182786,9.79443,30700
0.245955,10.1996,30701
0.179747,9.80119,30702
0.222723,10.1911,30703
0.17309,9.80503,30704
0.226179,10.2063,30705
0.184642,9.81296,30706
0.186211,10.1814,30707
0.200867,9.80832,30708
0.224163,10.2277,30709
0.194562,9.76746,30710
0.225411,10.1869,30711
0.179555,9.81351,30712
0.216227,10.2376,30713
0.19261,9.76784,30714
0.220835,10.1986,30715
0.182691,9.7921,30716
0.224899,10.2126,30717
0.193955,9.78819,30718
0.233827,10.2323,30719
0.193986,9.77498,30720
0.212867,10.2078,30721
0.190467,9.79607,30722
0.244451,10.2222,30723
0.171234,9.77469,30724
0.210787,10.1951,30725
0.187523,9.79968,30726
0.191747,10.19,30727
0.17965,9.81261,30728
0.234371,10.1926,30729
0.182306,9.80381,30730
0.256195,10.2688,30731
0.185891,9.73229,30732
0.235619,10.2096,30733
0.171138,9.80375,30734
0.213794,10.1731,30735
0.188035,9.81511,30736
0.185027,10.2019,30737
0.194851,9.81287,30738
0.221411,10.2479,30739
0.166146,9.73207,30740
0.238883,10.2088,30741
0.176035,9.80627,30742
0.213315,10.2303,30743
0.18733,9.76435,30744
0.244483,10.2013,30745
0.190083,9.79453,30746
0.219363,10.1946,30747
0.18413,9.8025,30748
0.231523,10.205,30749
0.186786,9.79213,30750
0.203874,10.1969,30751
0.186147,9.80298,30752
0.243747,10.207,30753
0.174722,9.80755,30754
0.240291,10.1895,30755
0.179714,9.81235,30756
0.208707,10.1848,30757
0.180258,9.79994,30758
0.224611,10.1953,30759
0.169794,9.80746,30760
0.230915,10.2033,30761
0.173442,9.79069,30762
0.216835,10.2172,30763
0.189282,9.78807,30764
0.240419,10.2305,30765
0.19517,9.78621,30766
0.222947,10.2452,30767
0.17469,9.73517,30768
0.248547,10.2044,30769
0.168386,9.79456,30770
0.227971,10.2496,30771
0.183907,9.76359,30772
0.217379,10.2011,30773
0.176098,9.79517,30774
0.231395,10.1873,30775
0.179202,9.82496,30776
0.195395,10.1884,30777
0.158274,9.79178,30778
0.222403,10.2708,30779
0.18573,9.73504,30780
0.245411,10.2276,30781
0.186883,9.784,30782
0.215235,10.1806,30783
0.188898,9.80339,30784
0.203426,10.1956,30785
0.192003,9.80675,30786
0.228803,10.2107,30787
0.172578,9.78992,30788
0.226307,10.2004,30789
0.193699,9.80022,30790
0.246819,10.1943,30791
0.182082,9.81536,30792
0.198306,10.1727,30793
0.180162,9.81843,30794
0.225347,10.1837,30795
0.19741,9.81552,30796
0.233283,10.194,30797
0.181698,9.81107,30798
0.231747,10.1948,30799
0.175331,9.80093,30800
0.239523,10.2109,30801
0.201859,9.80134,30802
0.236067,10.1902,30803
0.16541,9.79411,30804
0.230083,10.269,30805
0.17213,9.73818,30806
0.253027,10.2002,30807
0.181346,9.79469,30808
0.233348,10.2006,30809
0.182338,9.80522,30810
0.217155,10.195,30811
0.169538,9.79939,30812
0.218211,10.1974,30813
0.187971,9.80218,30814
0.192194,10.2038,30815
0.187906,9.79661,30816
0.197699,10.2021,30817
0.176035,9.81095,30818
0.229219,10.1935,30819
0.176994,9.7919,30820
0.223011,10.2302,30821
0.16093,9.77357,30822
0.233731,10.2063,30823
0.190915,9.78957,30824
0.217507,10.1937,30825
0.179714,9.80323,30826
0.219875,10.2022,30827
0.180067,9.80189,30828
0.210883,10.2281,30829
0.17325,9.78688,30830
0.226627,10.1829,30831
0.187139,9.80083,30832
0.228675,10.2098,30833
0.160034,9.78826,30834
0.217859,10.2704,30835
0.180866,9.73709,30836
0.194051,10.1998,30837
0.164099,9.78918,30838
0.208355,10.2147,30839
0.168578,9.7849,30840
0.214787,10.1859,30841
0.179811,9.81763,30842
0.203459,10.2279,30843
0.153346,9.77174,30844
0.228067,10.2027,30845
0.174978,9.79965,30846
0.229859,10.2027,30847
0.17629,9.79514,30848
0.227235,10.2237,30849
0.180802,9.77811,30850
0.203523,10.1922,30851
0.175938,9.81383,30852
0.224387,10.1874,30853
0.161314,9.80438,30854
0.215394,10.232,30855
0.189475,9.77117,30856
0.219427,10.1998,30857
0.18269,9.79642,30858
0.220451,10.202,30859
0.184739,9.80765,30860
0.235395,10.1839,30861
0.170786,9.80634,30862
0.215811,10.1982,30863
0.165826,9.80045,30864
0.195043,10.1913,30865
0.175299,9.81469,30866
0.218883,10.1951,30867
0.187714,9.81142,30868
0.242915,10.1954,30869
0.187075,9.80339,30870
0.245859,10.2038,30871
0.17517,9.79152,30872
0.230723,10.205,30873
0.170882,9.79363,30874
0.215715,10.2162,30875
0.189698,9.78528,30876
0.217379,10.224,30877
0.18285,9.77168,30878
0.226851,10.2043,30879
0.176131,9.7968,30880
0.208387,10.2179,30881
0.14973,9.78138,30882
0.221379,10.2348,30883
0.167618,9.76474,30884
0.227171,10.2107,30885
0.178146,9.79002,30886
0.247011,10.2341,30887
0.192931,9.7833,30888
0.244163,10.1874,30889
0.180098,9.79542,30890
0.216643,10.2028,30891
0.187139,9.80182,30892
0.250083,10.2284,30893
0.174274,9.78029,30894
0.217379,10.17,30895
0.171106,9.8304,30896
0.20573,10.1818,30897
0.179587,9.81011,30898
0.467846,10.1067,30899
0.169378,9.88093,30900
0.232675,10.2016,30901
0.181122,9.81459,30902
0.25402,10.1982,30903
0.179746,9.80538,30904
0.21005,10.179,30905
0.179042,9.80851,30906
0.211843,10.1911,30907
0.184739,9.80739,30908
0.214403,10.1888,30909
0.184578,9.81654,30910
0.220067,10.1907,30911
0.178786,9.80819,30912
0.216514,10.1967,30913
0.16029,9.80467,30914
0.220451,10.208,30915
0.160227,9.79203,30916
0.186051,10.1934,30917
0.173186,9.808,30918
0.214595,10.2173,30919
0.196098,9.77635,30920
0.238627,10.2179,30921
0.176003,9.78445,30922
0.211939,10.1909,30923
0.177379,9.80659,30924
0.216355,10.1959,30925
0.176514,9.80576,30926
0.213059,10.2621,30927
0.178882,9.74838,30928
0.235075,10.1963,30929
0.191491,9.79526,30930
0.228259,10.1919,30931
0.183746,9.81235,30932
0.221922,10.222,30933
0.192066,9.77056,30934
0.239427,10.205,30935
0.17293,9.80858,30936
0.191746,10.1903,30937
0.174274,9.79152,30938
0.209155,10.1908,30939
0.18797,9.82198,30940
0.237155,10.2011,30941
0.164386,9.80515,30942
0.219202,10.196,30943
0.15709,9.78813,30944
0.235171,10.2096,30945
0.157058,9.79088,30946
0.211619,10.2008,30947
0.184579,9.80051,30948
0.217891,10.1878,30949
0.176354,9.81306,30950
0.229252,10.2003,30951
0.165442,9.79767,30952
0.236835,10.2342,30953
0.172835,9.76899,30954
0.214243,10.2541,30955
0.184003,9.74365,30956
0.198883,10.2014,30957
0.158786,9.81306,30958
0.238627,10.1944,30959
0.168994,9.79533,30960
0.224931,10.2305,30961
0.170754,9.76355,30962
0.203299,10.1946,30963
0.181026,9.80653,30964
0.240099,10.2064,30965
0.194275,9.81107,30966
0.232099,10.1927,30967
0.184771,9.79843,30968
0.226307,10.1986,30969
0.182051,9.8033,30970
0.231235,10.2496,30971
0.15469,9.73539,30972
0.212547,10.2078,30973
0.157794,9.79354,30974
0.211843,10.1975,30975
0.191523,9.82189,30976
0.227971,10.2141,30977
0.180835,9.77302,30978
0.233763,10.1988,30979
0.185346,9.80032,30980
0.230211,10.2045,30981
0.181346,9.79782,30982
0.266404,10.2579,30983
0.157954,9.7399,30984
0.260195,10.2698,30985
0.182595,9.72285,30986
0.236579,10.244,30987
0.198275,9.76662,30988
0.223747,10.1929,30989
0.177378,9.82051,30990
0.224067,10.191,30991
0.186242,9.79766,30992
0.232131,10.2046,30993
0.165826,9.78378,30994
0.16237,9.99207,30995
0.169346,10.0194,30996
0.228419,10.2312,30997
0.183554,9.77299,30998
0.221059,10.2215,30999
0.157026,9.76461,31000
0.239683,10.2027,31001
0.16877,9.80765,31002
0.213699,10.1982,31003
0.165922,9.80771,31004
0.208291,10.1827,31005
0.18173,9.80509,31006
0.237859,10.2007,31007
0.165858,9.79773,31008
0.244771,10.2154,31009
0.180227,9.80218,31010
0.210211,10.219,31011
0.197219,9.76499,31012
0.238339,10.2586,31013
0.157474,9.73466,31014
0.229731,10.279,31015
0.18477,9.74333,31016
0.226371,10.2056,31017
0.189506,9.77952,31018
0.206018,10.1888,31019
0.16493,9.80592,31020
0.213027,10.2102,31021
0.160642,9.80646,31022
0.219715,10.1981,31023
0.168866,9.78806,31024
0.225155,10.2109,31025
0.156706,9.78762,31026
0.187074,10.1922,31027
0.194243,9.81498,31028
0.23962,10.2079,31029
0.177859,9.79392,31030
0.232579,10.2501,31031
0.177027,9.76016,31032
0.206018,10.198,31033
0.175587,9.78419,31034
0.218947,10.2277,31035
0.160674,9.7696,31036
0.191938,10.2032,31037
0.186019,9.79933,31038
0.235235,10.2077,31039
0.18269,9.79971,31040
0.212451,10.2173,31041
0.189026,9.77632,31042
0.224003,10.2274,31043
0.181602,9.77107,31044
0.202914,10.1963,31045
0.17421,9.80966,31046
0.206083,10.1859,31047
0.177698,9.81949,31048
0.200482,10.2372,31049
0.156802,9.74704,31050
0.206211,10.1963,31051
0.182594,9.81069,31052
0.228963,10.2046,31053
0.16701,9.79133,31054
0.206979,10.1885,31055
0.186339,9.82432,31056
0.257508,10.2561,31057
0.164386,9.73526,31058
0.240611,10.2008,31059
0.176035,9.80163,31060
0.211906,10.1945,31061
0.185122,9.81053,31062
0.212962,10.1858,31063
0.188546,9.80746,31064
0.209186,10.1808,31065
0.17629,9.81862,31066
0.217187,10.2309,31067
0.16397,9.7713,31068
0.219779,10.1958,31069
0.172962,9.80192,31070
0.238787,10.1973,31071
0.162722,9.80032,31072
0.222051,10.1883,31073
0.190467,9.82198,31074
0.225091,10.1926,31075
0.189827,9.79645,31076
0.438918,10.1026,31077
0.184579,9.90819,31078
0.241475,10.2028,31079
0.179715,9.79126,31080
0.221027,10.2289,31081
0.185443,9.76963,31082
0.241412,10.1974,31083
0.175267,9.79958,31084
0.221603,10.216,31085
0.174082,9.79008,31086
0.203907,10.1893,31087
0.189795,9.812,31088
0.224867,10.1899,31089
0.185443,9.81321,31090
0.227267,10.196,31091
0.174147,9.80822,31092
0.240547,10.1918,31093
0.176482,9.79958,31094
0.215266,10.1873,31095
0.185763,9.81369,31096
0.200322,10.1876,31097
0.17037,9.82029,31098
0.223523,10.1953,31099
0.171234,9.79405,31100
0.233539,10.1944,31101
0.19005,9.80992,31102
0.240355,10.1897,31103
0.181794,9.81389,31104
0.228291,10.186,31105
0.175042,9.8136,31106
0.247299,10.194,31107
0.187074,9.79341,31108
0.216547,10.2093,31109
0.181506,9.80051,31110
0.250115,10.198,31111
0.191074,9.81274,31112
0.205763,10.1778,31113
0.180739,9.80745,31114
0.240515,10.212,31115
0.197859,9.79395,31116
0.236611,10.1987,31117
0.186275,9.80416,31118
0.232483,10.1953,31119
0.185698,9.79334,31120
0.226243,10.2129,31121
0.185154,9.78598,31122
0.238947,10.2078,31123
0.166594,9.7985,31124
0.234787,10.1974,31125
0.184514,9.79766,31126
0.234595,10.1955,31127
0.189186,9.81862,31128
0.225731,10.1853,31129
0.192706,9.80301,31130
0.225475,10.2242,31131
0.17949,9.78419,31132
0.234851,10.1936,31133
0.166114,9.80627,31134
0.225379,10.1849,31135
0.185154,9.82035,31136
0.191043,10.1941,31137
0.182787,9.79296,31138
0.231011,10.2049,31139
0.179427,9.79801,31140
0.240227,10.1981,31141
0.164866,9.79949,31142
0.207491,10.208,31143
0.17309,9.78505,31144
0.218434,10.1948,31145
0.191587,9.81369,31146
0.197539,10.1806,31147
0.165858,9.81235,31148
0.24074,10.1995,31149
0.19405,9.80867,31150
0.241699,10.2162,31151
0.194498,9.77626,31152
0.228835,10.193,31153
0.18813,9.82666,31154
0.235715,10.1885,31155
0.170562,9.80515,31156
0.246211,10.1944,31157
0.180258,9.7967,31158
0.226979,10.2056,31159
0.180258,9.79834,31160
0.218211,10.1865,31161
0.174691,9.8088,31162
0.225571,10.1888,31163
0.172931,9.81142,31164
0.220899,10.1883,31165
0.188611,9.81334,31166
0.223139,10.2164,31167
0.180419,9.79459,31168
0.222019,10.1917,31169
0.186275,9.80803,31170
0.250051,10.192,31171
0.17389,9.79021,31172
0.240771,10.2128,31173
0.170274,9.79917,31174
0.215939,10.178,31175
0.172866,9.82515,31176
0.239523,10.2321,31177
0.189218,9.76902,31178
0.217059,10.1931,31179
0.182498,9.81203,31180
0.199843,10.172,31181
0.178978,9.81181,31182
0.225987,10.2237,31183
0.178947,9.77402,31184
0.239491,10.2082,31185
0.163458,9.78697,31186
0.226595,10.2103,31187
0.176994,9.7927,31188
0.222147,10.2015,31189
0.175618,9.79786,31190
0.213635,10.2157,31191
0.169826,9.7825,31192
0.221507,10.2221,31193
0.166498,9.77766,31194
0.235107,10.1988,31195
0.18461,9.80355,31196
0.212003,10.221,31197
0.191842,9.78102,31198
0.235587,10.1887,31199
0.169378,9.81913,31200
0.230595,10.1955,31201
0.184803,9.80653,31202
0.231267,10.2523,31203
0.183042,9.73053,31204
0.228195,10.2147,31205
0.171522,9.79168,31206
0.20925,10.1883,31207
0.17997,9.80998,31208
0.223043,10.1961,31209
0.178819,9.80323,31210
0.212099,10.2002,31211
0.16829,9.79946,31212
0.214083,10.2264,31213
0.166018,9.77251,31214
0.226435,10.2005,31215
0.181378,9.80771,31216
0.218467,10.1866,31217
0.174691,9.81619,31218
0.223715,10.1854,31219
0.174594,9.81088,31220
0.222691,10.1921,31221
0.18109,9.81721,31222
0.211811,10.1852,31223
0.180002,9.7976,31224
0.222243,10.2235,31225
0.187139,9.78979,31226
0.212739,10.1856,31227
0.181795,9.80749,31228
0.238212,10.2245,31229
0.198787,9.77946,31230
0.216131,10.1925,31231
0.15469,9.79648,31232
0.218851,10.2542,31233
0.184867,9.75481,31234
0.219459,10.2653,31235
0.15805,9.72633,31236
0.210659,10.2069,31237
0.174178,9.78857,31238
0.228611,10.2202,31239
0.163618,9.79114,31240
0.230723,10.2088,31241
0.187459,9.79328,31242
0.240611,10.2532,31243
0.157026,9.74272,31244
0.249475,10.2031,31245
0.161186,9.79379,31246
0.223235,10.21,31247
0.171234,9.79622,31248
0.230019,10.1913,31249
0.184195,9.80381,31250
0.202979,10.1879,31251
0.16925,9.80861,31252
0.199779,10.1878,31253
0.18685,9.81421,31254
0.229699,10.2263,31255
0.163586,9.7713,31256
0.212194,10.2017,31257
0.169667,9.79958,31258
0.211042,10.223,31259
0.182339,9.78265,31260
0.226338,10.2248,31261
0.157922,9.7703,31262
0.219555,10.2035,31263
0.169218,9.80138,31264
0.219971,10.2018,31265
0.167747,9.79293,31266
0.192739,10.1948,31267
0.185155,9.81229,31268
0.211875,10.1872,31269
0.18221,9.80848,31270
0.238595,10.2152,31271
0.177698,9.79805,31272
0.220579,10.1862,31273
0.164643,9.79651,31274
0.204067,10.1884,31275
0.185923,9.82457,31276
0.238051,10.2047,31277
0.187459,9.79641,31278
0.235843,10.2021,31279
0.190338,9.7881,31280
0.246275,10.1916,31281
0.19261,9.82518,31282
0.237059,10.2205,31283
0.183075,9.76985,31284
0.240611,10.2228,31285
0.171106,9.76416,31286
0.231907,10.2259,31287
0.191714,9.78845,31288
0.233123,10.2124,31289
0.186915,9.78793,31290
0.241924,10.191,31291
0.19117,9.81654,31292
0.217251,10.1776,31293
0.179939,9.82217,31294
0.220002,10.179,31295
0.186306,9.81421,31296
0.216099,10.182,31297
0.174851,9.80749,31298
0.206978,10.1958,31299
0.182755,9.81357,31300
0.207715,10.1818,31301
0.164738,9.80656,31302
0.210755,10.1954,31303
0.170562,9.81065,31304
0.456006,9.98445,31305
0.191554,10.0218,31306
0.218499,10.2095,31307
0.183234,9.78909,31308
0.246659,10.2309,31309
0.175106,9.76409,31310
0.235043,10.2338,31311
0.18589,9.7664,31312
0.235779,10.2047,31313
0.189059,9.80915,31314
0.226595,10.1891,31315
0.16925,9.79344,31316
0.232291,10.2005,31317
0.174275,9.80022,31318
0.200418,10.1933,31319
0.169986,9.82339,31320
0.230051,10.2315,31321
0.19677,9.76877,31322
0.242115,10.1852,31323
0.168163,9.81222,31324
0.208611,10.1751,31325
0.172642,9.81395,31326
0.254244,10.2228,31327
0.187459,9.78393,31328
0.206915,10.2009,31329
0.199011,9.79299,31330
0.234563,10.2118,31331
0.16861,9.78205,31332
0.255651,10.2059,31333
0.177027,9.80528,31334
0.208099,10.1896,31335
0.18349,9.80349,31336
0.181283,10.2164,31337
0.189283,9.78112,31338
0.208227,10.2242,31339
0.163106,9.78873,31340
0.495014,9.97613,31341
0.160834,10.0159,31342
0.197027,10.2082,31343
0.188963,9.79622,31344
0.204707,10.1802,31345
0.17917,9.82755,31346
0.208355,10.1829,31347
0.193027,9.80121,31348
0.236995,10.206,31349
0.17565,9.79555,31350
0.211171,10.2074,31351
0.182882,9.79747,31352
0.227203,10.2283,31353
0.186562,9.76617,31354
0.220003,10.2381,31355
0.187106,9.76502,31356
0.252963,10.1994,31357
0.183587,9.80483,31358
0.244387,10.1952,31359
0.17597,9.79952,31360
0.221379,10.2047,31361
0.170243,9.7944,31362
0.210051,10.2077,31363
0.170658,9.79773,31364
0.219395,10.1781,31365
0.18525,9.8319,31366
0.230627,10.1822,31367
0.175267,9.81565,31368
0.225923,10.2264,31369
0.177666,9.76387,31370
0.230627,10.201,31371
0.172674,9.8047,31372
0.210914,10.1802,31373
0.18781,9.81443,31374
0.222179,10.2269,31375
0.19357,9.76813,31376
0.20077,10.1917,31377
0.192035,9.81158,31378
0.245315,10.2306,31379
0.19405,9.77539,31380
0.242819,10.2228,31381
0.164898,9.76323,31382
0.234979,10.211,31383
0.173442,9.79638,31384
0.240131,10.1971,31385
0.162338,9.81062,31386
0.220515,10.1863,31387
0.189538,9.80925,31388
0.238979,10.2084,31389
0.184739,9.7863,31390
0.197603,10.1952,31391
0.182658,9.80163,31392
0.209091,10.1971,31393
0.175427,9.81408,31394
0.207106,10.1727,31395
0.184866,9.82643,31396
0.22461,10.2019,31397
0.177474,9.78777,31398
0.224835,10.2368,31399
0.176803,9.76307,31400
0.218979,10.198,31401
0.171778,9.80854,31402
0.234243,10.2224,31403
0.18381,9.78861,31404
0.230915,10.1945,31405
0.165186,9.79209,31406
0.194051,10.1926,31407
0.182947,9.81296,31408
0.211906,10.2434,31409
0.177666,9.7479,31410
0.225763,10.2255,31411
0.181058,9.77731,31412
0.215651,10.1956,31413
0.18125,9.80665,31414
0.236227,10.2309,31415
0.172354,9.76918,31416
0.221154,10.1915,31417
0.190371,9.81584,31418
0.243235,10.1955,31419
0.173762,9.79392,31420
0.226274,10.2011,31421
0.171458,9.7942,31422
0.227203,10.24,31423
0.16461,9.76813,31424
0.213987,10.1785,31425
0.181378,9.81869,31426
0.226691,10.2269,31427
0.188002,9.7752,31428
0.236932,10.2115,31429
0.17677,9.78365,31430
0.20509,10.1931,31431
0.176035,9.81091,31432
0.249316,10.2103,31433
0.190722,9.79405,31434
0.232963,10.1981,31435
0.183139,9.80489,31436
0.236835,10.2238,31437
0.184226,9.77014,31438
0.244676,10.2001,31439
0.178754,9.80051,31440
0.214979,10.1933,31441
0.175779,9.79702,31442
0.211139,10.197,31443
0.187426,9.80774,31444
0.217283,10.2119,31445
0.166723,9.79171,31446
0.219267,10.1847,31447
0.17437,9.82051,31448
0.210434,10.2034,31449
0.180483,9.78595,31450
0.225507,10.1894,31451
0.18589,9.82621,31452
0.209123,10.1889,31453
0.16957,9.79331,31454
0.208291,10.2092,31455
0.175939,9.78998,31456
0.20909,10.2216,31457
0.169154,9.77641,31458
0.245603,10.2181,31459
0.164963,9.78796,31460
0.223939,10.2144,31461
0.17341,9.80022,31462
0.244931,10.1964,31463
0.171874,9.79101,31464
0.217571,10.1915,31465
0.186978,9.81197,31466
0.222019,10.1945,31467
0.17373,9.79961,31468
0.208547,10.2166,31469
0.177954,9.78985,31470
0.223555,10.191,31471
0.168258,9.80928,31472
0.211203,10.2054,31473
0.175266,9.79641,31474
0.213539,10.1805,31475
0.177474,9.80937,31476
0.216322,10.2018,31477
0.184323,9.80541,31478
0.226947,10.1917,31479
0.161698,9.79785,31480
0.208899,10.2055,31481
0.182243,9.80918,31482
0.232547,10.2012,31483
0.191746,9.8087,31484
0.222659,10.1822,31485
0.162242,9.78825,31486
0.17437,10.2022,31487
0.178403,9.81068,31488
0.257732,10.1996,31489
0.200642,9.80541,31490
0.231843,10.2043,31491
0.187714,9.80509,31492
0.210243,10.1851,31493
0.16717,9.81203,31494
0.206947,10.1723,31495
0.184995,9.82153,31496
0.196354,10.2044,31497
0.186914,9.80521,31498
0.243267,10.1781,31499
0.182818,9.81357,31500
0.227203,10.1835,31501
0.192291,9.8126,31502
0.223203,10.2392,31503
0.182371,9.75264,31504
0.211554,10.1996,31505
0.177922,9.81789,31506
0.169186,10.2137,31507
0.17757,9.77081,31508
0.209635,10.2065,31509
0.17213,9.79289,31510
0.181731,10.196,31511
0.185475,9.80601,31512
0.247427,10.1927,31513
0.180994,9.80403,31514
0.230115,10.202,31515
0.15805,9.8055,31516
0.218851,10.2008,31517
0.187139,9.80349,31518
0.210787,10.1814,31519
0.180354,9.80928,31520
0.206818,10.1894,31521
0.165634,9.80598,31522
0.253347,10.2764,31523
0.177922,9.73312,31524
0.199747,10.1733,31525
0.178243,9.82348,31526
0.205282,10.2156,31527
0.182786,9.78313,31528
0.211139,10.2348,31529
0.18733,9.76464,31530
0.236579,10.2282,31531
0.186403,9.77916,31532
0.243203,10.1889,31533
0.17965,9.81078,31534
0.223682,10.1888,31535
0.168802,9.80534,31536
0.220482,10.2414,31537
0.17901,9.75702,31538
0.232931,10.2046,31539
0.190851,9.80409,31540
0.227267,10.1902,31541
0.16637,9.80381,31542
0.197666,10.1807,31543
0.17837,9.81677,31544
0.20317,10.1871,31545
0.181635,9.81792,31546
0.234243,10.2055,31547
0.166179,9.78883,31548
0.228163,10.2024,31549
0.18013,9.80611,31550
0.241155,10.1992,31551
0.183778,9.79641,31552
0.182242,10.1863,31553
0.184707,9.82624,31554
0.222946,10.1986,31555
0.165411,9.78438,31556
0.215362,10.2029,31557
0.17837,9.79494,31558
0.226979,10.2044,31559
0.173698,9.79955,31560
0.223106,10.2263,31561
0.183011,9.76969,31562
0.220931,10.1925,31563
0.173826,9.81094,31564
0.21757,10.1811,31565
0.157858,9.8167,31566
0.18365,10.1949,31567
0.169314,9.81053,31568
0.244259,10.2327,31569
0.172131,9.76451,31570
0.22621,10.1983,31571
0.16429,9.815,31572
0.20237,10.2361,31573
0.195938,9.75168,31574
0.217795,10.2674,31575
0.165987,9.74441,31576
0.232002,10.1916,31577
0.178466,9.79308,31578
0.235203,10.2049,31579
0.17517,9.79497,31580
0.220547,10.2165,31581
0.177314,9.7815,31582
0.239908,10.2184,31583
0.185219,9.79097,31584
0.237091,10.2293,31585
0.195458,9.76595,31586
0.218819,10.2125,31587
0.16765,9.79961,31588
0.207715,10.1771,31589
0.19981,9.81456,31590
0.246723,10.2134,31591
0.186018,9.7799,31592
0.235363,10.2015,31593
0.196995,9.81062,31594
0.187778,10.2289,31595
0.175394,9.76332,31596
0.212195,10.211,31597
0.185699,9.7944,31598
0.226371,10.1848,31599
0.186723,9.81158,31600
0.230051,10.1936,31601
0.179106,9.82096,31602
0.222755,10.1879,31603
0.172514,9.79337,31604
0.215683,10.2006,31605
0.165442,9.81331,31606
0.177891,10.1822,31607
0.17053,9.8,31608
0.183139,10.2062,31609
0.16925,9.81081,31610
0.214019,10.2164,31611
0.178882,9.77116,31612
0.240163,10.1969,31613
0.184227,9.8094,31614
0.216162,10.2539,31615
0.160482,9.74105,31616
0.209059,10.224,31617
0.15549,9.76822,31618
0.202563,10.1998,31619
0.17869,9.80336,31620
0.238627,10.2007,31621
0.16525,9.80761,31622
0.212579,10.1942,31623
0.180706,9.80019,31624
0.241635,10.1988,31625
0.156578,9.80371,31626
0.238788,10.1949,31627
0.160738,9.80883,31628
0.221571,10.2045,31629
0.189922,9.78496,31630
0.236643,10.2123,31631
0.166946,9.78976,31632
0.217763,10.2139,31633
0.189283,9.79436,31634
0.239171,10.2017,31635
0.171267,9.79164,31636
0.207587,10.1882,31637
0.17853,9.82294,31638
0.206083,10.186,31639
0.17981,9.80524,31640
0.208515,10.2014,31641
0.185602,9.79356,31642
0.206626,10.2208,31643
0.17549,9.78038,31644
0.209026,10.2012,31645
0.185827,9.81884,31646
0.200066,10.1742,31647
0.168002,9.80377,31648
0.21213,10.2737,31649
0.189283,9.73955,31650
0.207203,10.1876,31651
0.174179,9.80185,31652
0.198275,10.2172,31653
0.178178,9.79084,31654
0.235779,10.1926,31655
0.172994,9.80531,31656
0.221314,10.2269,31657
0.187682,9.77811,31658
0.195843,10.1982,31659
0.183042,9.79053,31660
0.197123,10.1907,31661
0.186178,9.81273,31662
0.258563,10.2705,31663
0.17773,9.72748,31664
0.244643,10.226,31665
0.161602,9.77964,31666
0.516582,10.1049,31667
0.178051,9.888,31668
0.221891,10.2131,31669
0.181986,9.79046,31670
0.204579,10.1984,31671
0.18813,9.81772,31672
0.211043,10.1868,31673
0.201442,9.799,31674
0.244387,10.2428,31675
0.15869,9.75436,31676
0.242531,10.2134,31677
0.184194,9.78886,31678
0.247427,10.2022,31679
0.17133,9.80067,31680
0.210243,10.2275,31681
0.189731,9.7784,31682
0.203971,10.204,31683
0.166914,9.7864,31684
0.277475,10.2685,31685
0.180483,9.73116,31686
0.220835,10.2362,31687
0.188387,9.77011,31688
0.192546,10.2197,31689
0.184771,9.77071,31690
0.226434,10.2232,31691
0.166114,9.78041,31692
0.236195,10.1995,31693
0.186499,9.79558,31694
0.204035,10.1912,31695
0.170498,9.81129,31696
0.221251,10.2136,31697
0.157186,9.78499,31698
0.244195,10.2073,31699
0.183811,9.80502,31700
0.208643,10.1727,31701
0.177858,9.81769,31702
0.187874,10.1915,31703
0.171362,9.81484,31704
0.246179,10.2041,31705
0.195715,9.79737,31706
0.217571,10.2082,31707
0.184386,9.79145,31708
0.256516,10.2124,31709
0.174754,9.7847,31710
0.220963,10.2162,31711
0.176706,9.77868,31712
0.208419,10.2254,31713
0.182466,9.77273,31714
0.224739,10.1987,31715
0.182946,9.82201,31716
0.227075,10.1897,31717
0.161538,9.79116,31718
0.239043,10.1956,31719
0.175554,9.80528,31720
0.19501,10.1771,31721
0.181922,9.82748,31722
0.209186,10.1905,31723
0.179106,9.80515,31724
0.224611,10.1998,31725
0.166786,9.79446,31726
0.205314,10.1953,31727
0.173122,9.81596,31728
0.228803,10.1983,31729
0.189282,9.81232,31730
0.190434,10.1943,31731
0.160034,9.78451,31732
0.208547,10.1927,31733
0.175938,9.81561,31734
0.195843,10.186,31735
0.170818,9.81152,31736
0.213378,10.2077,31737
0.16797,9.79875,31738
0.241411,10.2008,31739
0.194979,9.78963,31740
0.22029,10.2087,31741
0.176355,9.79004,31742
0.232419,10.194,31743
0.171683,9.81792,31744
0.243171,10.2011,31745
0.187459,9.7934,31746
0.18381,10.2092,31747
0.164866,9.7807,31748
0.213603,10.1995,31749
0.176386,9.80272,31750
0.209635,10.188,31751
0.184003,9.81289,31752
0.225091,10.2454,31753
0.197987,9.75961,31754
0.218306,10.2263,31755
0.174114,9.76662,31756
0.206915,10.2128,31757
0.185506,9.79139,31758
0.218211,10.1973,31759
0.177635,9.8199,31760
0.231939,10.2045,31761
0.169666,9.78003,31762
0.214594,10.253,31763
0.175266,9.75187,31764
0.218531,10.1858,31765
0.18685,9.81718,31766
0.233859,10.1939,31767
0.154274,9.79616,31768
0.238467,10.2056,31769
0.169442,9.79395,31770
0.211427,10.1939,31771
0.187234,9.80518,31772
0.223811,10.2286,31773
0.18157,9.78342,31774
0.241187,10.2275,31775
0.173282,9.7775,31776
0.208898,10.1742,31777
0.183906,9.81027,31778
0.236835,10.2109,31779
0.166306,9.79254,31780
0.21069,10.2031,31781
0.175778,9.80006,31782
0.194274,10.1829,31783
0.178818,9.80841,31784
0.21453,10.2028,31785
0.169378,9.79862,31786
0.203203,10.2002,31787
0.194403,9.80495,31788
0.227843,10.25,31789
0.182275,9.75001,31790
0.222531,10.1831,31791
0.177058,9.81174,31792
0.228451,10.1888,31793
0.181026,9.81814,31794
0.213314,10.2212,31795
0.165666,9.77023,31796
0.182178,10.1927,31797
0.188546,9.81833,31798
0.195106,10.1751,31799
0.180066,9.81606,31800
0.237923,10.2289,31801
0.187491,9.78812,31802
0.233347,10.2132,31803
0.168994,9.77142,31804
0.211491,10.1833,31805
0.173954,9.82956,31806
0.224098,10.221,31807
0.192898,9.77286,31808
0.226051,10.1888,31809
0.171171,9.81526,31810
0.226147,10.1965,31811
0.190627,9.79619,31812
0.21117,10.1946,31813
0.184962,9.79961,31814
0.219618,10.2304,31815
0.164834,9.76668,31816
0.201283,10.2135,31817
0.18797,9.79283,31818
0.238019,10.2409,31819
0.190466,9.77731,31820
0.221187,10.1928,31821
0.186723,9.78492,31822
0.191426,10.1963,31823
0.176034,9.80326,31824
0.233923,10.1963,31825
0.166978,9.82044,31826
0.211939,10.1927,31827
0.157314,9.788,31828
0.216547,10.195,31829
0.193986,9.81683,31830
0.216003,10.2075,31831
0.178915,9.7975,31832
0.224899,10.2138,31833
0.178754,9.7718,31834
0.448133,9.9863,31835
0.190178,10.0201,31836
0.248675,10.2281,31837
0.172034,9.76233,31838
0.210723,10.2075,31839
0.173026,9.81081,31840
0.212226,10.1716,31841
0.179299,9.81808,31842
0.226019,10.2325,31843
0.183747,9.77321,31844
0.209058,10.1942,31845
0.184674,9.79961,31846
0.191267,10.1906,31847
0.17901,9.81472,31848
0.234947,10.2473,31849
0.17453,9.75148,31850
0.221699,10.2007,31851
0.188034,9.80124,31852
0.233795,10.1892,31853
0.182435,9.80515,31854
0.225987,10.248,31855
0.193379,9.75385,31856
0.233123,10.2187,31857
0.181378,9.7799,31858
0.212066,10.2223,31859
0.175842,9.78131,31860
0.222563,10.196,31861
0.178691,9.79891,31862
0.217315,10.2225,31863
0.189283,9.77891,31864
0.218659,10.2026,31865
0.16461,9.79321,31866
0.227267,10.231,31867
0.187394,9.77753,31868
0.224451,10.1947,31869
0.156418,9.8054,31870
0.230338,10.2221,31871
0.172674,9.7774,31872
0.229379,10.1867,31873
0.16477,9.81116,31874
0.214306,10.1832,31875
0.167394,9.80934,31876
0.223235,10.236,31877
0.18237,9.77484,31878
0.239299,10.2513,31879
0.175394,9.7432,31880
0.211043,10.2004,31881
0.193634,9.80652,31882
0.232355,10.1925,31883
0.183619,9.80383,31884
0.235651,10.2025,31885
0.163842,9.78553,31886
0.223555,10.203,31887
0.189922,9.80895,31888
0.209026,10.1999,31889
0.178275,9.79071,31890
0.194979,10.2041,31891
0.17357,9.79945,31892
0.213891,10.2284,31893
0.180994,9.77132,31894
0.246083,10.2112,31895
0.163426,9.78524,31896
0.237763,10.2069,31897
0.155778,9.79417,31898
0.232387,10.1951,31899
0.19197,9.81123,31900
0.228579,10.2003,31901
0.190978,9.80323,31902
0.234083,10.1929,31903
0.175331,9.81785,31904
0.229315,10.1862,31905
0.175682,9.79977,31906
0.246787,10.2286,31907
0.178594,9.78211,31908
0.444997,9.97452,31909
0.167778,10.0094,31910
0.206531,10.2007,31911
0.182914,9.80147,31912
0.206498,10.2049,31913
0.178915,9.79491,31914
0.238563,10.2058,31915
0.176898,9.79369,31916
0.219171,10.1994,31917
0.171714,9.81916,31918
0.21789,10.185,31919
0.18125,9.80201,31920
0.220387,10.1864,31921
0.186851,9.82499,31922
0.215779,10.1728,31923
0.17853,9.81372,31924
0.232963,10.1965,31925
0.165314,9.79641,31926
0.227267,10.2108,31927
0.192483,9.80339,31928
0.21597,10.2487,31929
0.17341,9.74825,31930
0.226595,10.2013,31931
0.17565,9.79852,31932
0.228515,10.1927,31933
0.178018,9.80604,31934
0.233123,10.2005,31935
0.168386,9.80985,31936
0.468038,10.1282,31937
0.170562,9.86953,31938
0.221539,10.1816,31939
0.184099,9.81199,31940
0.220259,10.1972,31941
0.177794,9.81116,31942
0.20653,10.1838,31943
0.190339,9.80118,31944
0.220034,10.2304,31945
0.158754,9.77081,31946
0.223331,10.2391,31947
0.177026,9.75782,31948
0.210467,10.1884,31949
0.176066,9.82208,31950
0.227619,10.1872,31951
0.180483,9.81491,31952
0.229635,10.2204,31953
0.179906,9.76854,31954
0.257987,10.2388,31955
0.177251,9.76259,31956
0.203683,10.1949,31957
0.17533,9.8006,31958
0.224163,10.1975,31959
0.168578,9.80569,31960
0.220642,10.206,31961
0.183042,9.80118,31962
0.228675,10.2214,31963
0.175138,9.77023,31964
0.226115,10.2133,31965
0.179522,9.80547,31966
0.210691,10.2018,31967
0.172003,9.78268,31968
0.213762,10.2161,31969
0.160226,9.79577,31970
0.209475,10.2089,31971
0.177346,9.77839,31972
0.218114,10.1951,31973
0.191107,9.80796,31974
0.237091,10.2171,31975
0.180034,9.77788,31976
0.207011,10.2042,31977
0.168706,9.79129,31978
0.224195,10.2134,31979
0.163683,9.79452,31980
0.210627,10.2006,31981
0.186595,9.80598,31982
0.215139,10.2186,31983
0.158114,9.76547,31984
0.238787,10.2159,31985
0.181123,9.78697,31986
0.196355,10.1934,31987
0.16717,9.81119,31988
0.198467,10.1937,31989
0.173058,9.81539,31990
0.211842,10.1924,31991
0.187394,9.80959,31992
0.219554,10.2154,31993
0.175874,9.78204,31994
0.219299,10.199,31995
0.17501,9.79222,31996
0.213859,10.2017,31997
0.180386,9.8032,31998
0.196802,10.1849,31999
0.16813,9.82313,32000
0.211331,10.1802,32001
0.179746,9.81056,32002
0.217763,10.2,32003
0.182403,9.81449,32004
0.239267,10.1825,32005
0.182498,9.79961,32006
0.212514,10.1938,32007
0.182946,9.80604,32008
0.222051,10.1975,32009
0.197506,9.804,32010
0.216354,10.1867,32011
0.185442,9.81798,32012
0.231843,10.1951,32013
0.18717,9.80687,32014
0.219907,10.2012,32015
0.184002,9.79388,32016
0.225986,10.2099,32017
0.17565,9.80431,32018
0.209027,10.1952,32019
0.181314,9.78636,32020
0.240707,10.2065,32021
0.184322,9.81177,32022
0.226563,10.1976,32023
0.168898,9.78118,32024
0.231906,10.2107,32025
0.160034,9.79647,32026
0.234435,10.2014,32027
0.175906,9.79596,32028
0.203235,10.1838,32029
0.167106,9.81251,32030
0.225795,10.2278,32031
0.182883,9.78719,32032
0.249571,10.1951,32033
0.183042,9.79401,32034
0.229475,10.1918,32035
0.196003,9.80924,32036
0.216195,10.2537,32037
0.184162,9.7463,32038
0.237411,10.1927,32039
0.179971,9.80595,32040
0.222754,10.1915,32041
0.181538,9.80508,32042
0.206882,10.1815,32043
0.18685,9.8375,32044
0.233475,10.1823,32045
0.171362,9.80147,32046
0.204867,10.1863,32047
0.184898,9.83164,32048
0.231715,10.1959,32049
0.19261,9.79203,32050
0.196195,10.1806,32051
0.186243,9.81228,32052
0.208002,10.2137,32053
0.171234,9.79465,32054
0.21389,10.2171,32055
0.188866,9.77718,32056
0.243555,10.237,32057
0.16989,9.7566,32058
0.226019,10.198,32059
0.18925,9.81283,32060
0.219107,10.1938,32061
0.185762,9.80275,32062
0.215267,10.1939,32063
0.171682,9.79612,32064
0.20861,10.2039,32065
0.191907,9.81283,32066
0.230851,10.1971,32067
0.187074,9.79072,32068
0.217059,10.213,32069
0.175234,9.78991,32070
0.211362,10.2209,32071
0.179362,9.77289,32072
0.227747,10.2201,32073
0.170274,9.77932,32074
0.229859,10.2298,32075
0.181154,9.77593,32076
0.237027,10.2002,32077
0.17245,9.80044,32078
0.198818,10.2206,32079
0.188706,9.78678,32080
0.198371,10.2139,32081
0.187779,9.77599,32082
0.243235,10.2015,32083
0.163874,9.80294,32084
0.211939,10.2029,32085
0.175138,9.79308,32086
0.221314,10.2551,32087
0.187618,9.74434,32088
0.216131,10.1922,32089
0.174402,9.81644,32090
0.203842,10.2065,32091
0.176066,9.7862,32092
0.222211,10.1939,32093
0.176866,9.80799,32094
0.208611,10.1834,32095
0.16669,9.81299,32096
0.20893,10.2139,32097
0.183459,9.78684,32098
0.176994,10.1628,32099
0.186434,9.83907,32100
0.21965,10.2027,32101
0.174242,9.80489,32102
0.21021,10.181,32103
0.180002,9.81244,32104
0.227587,10.1974,32105
0.180066,9.80179,32106
0.207587,10.2509,32107
0.186051,9.7502,32108
0.238083,10.1847,32109
0.182178,9.83257,32110
0.216387,10.1815,32111
0.175778,9.79849,32112
0.228611,10.2523,32113
0.18317,9.76745,32114
0.242787,10.184,32115
0.18573,9.81519,32116
0.234083,10.1814,32117
0.192515,9.81209,32118
0.231203,10.231,32119
0.17213,9.76303,32120
0.217442,10.2256,32121
0.18637,9.76902,32122
0.250275,10.2377,32123
0.178787,9.77423,32124
0.217539,10.1924,32125
0.176258,9.80262,32126
0.21421,10.2135,32127
0.173378,9.79119,32128
0.214595,10.2054,32129
0.173379,9.78681,32130
0.251651,10.2053,32131
0.186146,9.79423,32132
0.19917,10.2036,32133
0.186787,9.7965,32134
0.224451,10.1945,32135
0.167106,9.79999,32136
0.229219,10.2447,32137
0.164226,9.75478,32138
0.223683,10.2126,32139
0.189922,9.80969,32140
0.257763,10.1848,32141
0.174306,9.79673,32142
0.243875,10.1989,32143
0.16765,9.81273,32144
0.200066,10.2071,32145
0.186723,9.77839,32146
0.222467,10.1894,32147
0.183938,9.81695,32148
0.235491,10.1934,32149
0.168962,9.79731,32150
0.220995,10.2058,32151
0.183074,9.79955,32152
0.196835,10.2124,32153
0.181826,9.78745,32154
0.206435,10.2529,32155
0.168546,9.75286,32156
0.20893,10.1865,32157
0.19405,9.80988,32158
0.234883,10.2049,32159
0.180738,9.79615,32160
0.259555,10.2366,32161
0.185219,9.76313,32162
0.245443,10.2007,32163
0.171874,9.7999,32164
0.220226,10.2003,32165
0.178914,9.80153,32166
0.218274,10.1821,32167
0.17997,9.81945,32168
0.214339,10.2067,32169
0.18829,9.78815,32170
0.235043,10.2116,32171
0.188195,9.79683,32172
0.262115,10.2612,32173
0.165634,9.72847,32174
0.218851,10.1985,32175
0.185282,9.7999,32176
0.201378,10.1939,32177
0.174659,9.80598,32178
0.225859,10.2064,32179
0.175298,9.81369,32180
0.225026,10.184,32181
0.18253,9.79785,32182
0.217091,10.2036,32183
0.17597,9.80393,32184
0.211779,10.1912,32185
0.18685,9.80089,32186
0.231651,10.2012,32187
0.168738,9.79603,32188
0.233219,10.204,32189
0.182626,9.80287,32190
0.218435,10.1974,32191
0.185922,9.81711,32192
0.218883,10.1737,32193
0.185314,9.81516,32194
0.209155,10.1776,32195
0.169314,9.81587,32196
0.216931,10.2035,32197
0.160514,9.79817,32198
0.204834,10.1799,32199
0.166722,9.81244,32200
0.177794,10.2196,32201
0.174946,9.78815,32202
0.229891,10.214,32203
0.172066,9.77913,32204
0.224387,10.2024,32205
0.15533,9.79961,32206
0.223139,10.201,32207
0.171362,9.80434,32208
0.243299,10.2062,32209
0.16717,9.79011,32210
0.247971,10.2106,32211
0.192226,9.79139,32212
0.213986,10.1937,32213
0.182306,9.80441,32214
0.217987,10.1994,32215
0.184323,9.81977,32216
0.217731,10.1746,32217
0.184419,9.80978,32218
0.221347,10.1962,32219
0.180066,9.80044,32220
0.215043,10.2232,32221
0.184674,9.77692,32222
0.213442,10.1928,32223
0.156386,9.80754,32224
0.197986,10.1878,32225
0.17229,9.81123,32226
0.217731,10.2005,32227
0.165219,9.79763,32228
0.229027,10.2156,32229
0.185506,9.79462,32230
0.209858,10.1912,32231
0.182082,9.80425,32232
0.235907,10.2228,32233
0.192547,9.77455,32234
0.226531,10.2032,32235
0.181603,9.79839,32236
0.194787,10.1859,32237
0.176962,9.82255,32238
0.20205,10.1841,32239
0.17965,9.80521,32240
0.222243,10.195,32241
0.18301,9.80582,32242
0.210627,10.194,32243
0.190499,9.81526,32244
0.222051,10.1912,32245
0.168802,9.7999,32246
0.213154,10.2009,32247
0.173762,9.79574,32248
0.208674,10.1878,32249
0.180162,9.81465,32250
0.220483,10.2078,32251
0.178147,9.79359,32252
0.230627,10.1995,32253
0.192259,9.79724,32254
0.228259,10.2588,32255
0.180514,9.74092,32256
0.208834,10.1994,32257
0.182978,9.80191,32258
0.243875,10.205,32259
0.189091,9.79257,32260
0.220419,10.2053,32261
0.169315,9.79692,32262
0.224739,10.271,32263
0.159586,9.72649,32264
0.217538,10.2694,32265
0.154946,9.73209,32266
0.451046,9.98847,32267
0.186658,10.0109,32268
0.211298,10.2267,32269
0.169634,9.77548,32270
0.205826,10.2067,32271
0.18413,9.79446,32272
0.212099,10.2142,32273
0.17389,9.77955,32274
0.211395,10.2158,32275
0.173538,9.78879,32276
0.208387,10.2048,32277
0.165026,9.79251,32278
0.211298,10.2138,32279
0.181122,9.79091,32280
0.212034,10.2008,32281
0.166754,9.79561,32282
0.226275,10.1985,32283
0.186082,9.80393,32284
0.203682,10.1876,32285
0.180226,9.80806,32286
0.19229,10.2168,32287
0.16749,9.78345,32288
0.216835,10.1974,32289
0.186946,9.80623,32290
0.21757,10.1974,32291
0.184514,9.80175,32292
0.212514,10.1934,32293
0.17837,9.8063,32294
0.226083,10.2008,32295
0.190499,9.7991,32296
0.186338,10.2081,32297
0.166019,9.79158,32298
0.235363,10.2063,32299
0.159297,9.79017,32300
0.220899,10.2038,32301
0.188866,9.80108,32302
0.210146,10.244,32303
0.18797,9.7551,32304
0.222083,10.1963,32305
0.172034,9.79929,32306
0.18669,10.232,32307
0.171362,9.76713,32308
0.212803,10.2076,32309
0.158754,9.79561,32310
0.203331,10.178,32311
0.17789,9.82329,32312
0.21773,10.1931,32313
0.172738,9.81062,32314
0.220258,10.1888,32315
0.189059,9.80671,32316
0.217667,10.2292,32317
0.173987,9.77036,32318
0.215234,10.2541,32319
0.179938,9.74943,32320
0.223619,10.2223,32321
0.181442,9.77481,32322
0.214563,10.1953,32323
0.172674,9.80339,32324
0.207363,10.2256,32325
0.189314,9.77766,32326
0.213475,10.1882,32327
0.174242,9.82716,32328
0.218626,10.2158,32329
0.18365,9.76729,32330
0.213091,10.2421,32331
0.171458,9.75935,32332
0.215107,10.2293,32333
0.193027,9.77388,32334
0.246595,10.1982,32335
0.189251,9.79753,32336
0.182914,10.1996,32337
0.167618,9.80006,32338
0.241411,10.2038,32339
0.162946,9.79554,32340
0.233315,10.213,32341
0.164578,9.7895,32342
0.221923,10.2336,32343
0.176834,9.76476,32344
0.229891,10.1991,32345
0.173122,9.80345,32346
0.22125,10.2258,32347
0.17709,9.77535,32348
0.226211,10.202,32349
0.187746,9.79337,32350
0.210146,10.214,32351
0.185634,9.78678,32352
0.244451,10.2327,32353
0.17485,9.77398,32354
0.225698,10.2055,32355
0.175202,9.79532,32356
0.239267,10.2226,32357
0.167426,9.76953,32358
0.218338,10.2031,32359
0.173634,9.79714,32360
0.226595,10.2037,32361
0.184515,9.79618,32362
0.230595,10.1927,32363
0.173155,9.80598,32364
0.216003,10.2689,32365
0.15933,9.73698,32366
0.181922,10.202,32367
0.169986,9.79426,32368
0.224482,10.2297,32369
0.181026,9.77116,32370
0.197731,10.2112,32371
0.179874,9.78502,32372
0.216418,10.2361,32373
0.176002,9.76527,32374
0.213538,10.2051,32375
0.177346,9.79586,32376
0.179074,10.1964,32377
0.168002,9.80092,32378
0.221315,10.2343,32379
0.16589,9.76911,32380
0.235715,10.2095,32381
0.173219,9.79215,32382
0.227171,10.1987,32383
0.188675,9.7999,32384
0.239299,10.2066,32385
0.187107,9.79775,32386
0.226722,10.2372,32387
0.168226,9.75858,32388
0.225219,10.2092,32389
0.193763,9.80393,32390
0.203618,10.1684,32391
0.177602,9.81782,32392
0.221859,10.2059,32393
0.177602,9.79401,32394
0.211875,10.2233,32395
0.174754,9.7767,32396
0.224355,10.231,32397
0.174498,9.76393,32398
0.225123,10.2091,32399
0.157282,9.80274,32400
0.198786,10.1795,32401
0.170274,9.8134,32402
0.222243,10.208,32403
0.184866,9.79382,32404
0.233443,10.2026,32405
0.188578,9.79932,32406
0.221218,10.2043,32407
0.162594,9.79382,32408
0.221218,10.1937,32409
0.182018,9.80636,32410
0.220482,10.1922,32411
0.161762,9.80614,32412
0.212482,10.2081,32413
0.182018,9.80361,32414
0.236515,10.222,32415
0.180578,9.76626,32416
0.191682,10.2296,32417
0.166915,9.77087,32418
0.244867,10.2009,32419
0.171811,9.80281,32420
0.247363,10.2017,32421
0.174403,9.79762,32422
0.212578,10.2307,32423
0.160002,9.76626,32424
0.246211,10.2112,32425
0.183075,9.79487,32426
0.212387,10.1875,32427
0.181283,9.80956,32428
0.21677,10.2274,32429
0.16237,9.76726,32430
0.217603,10.2128,32431
0.172738,9.79142,32432
0.200034,10.19,32433
0.161218,9.80553,32434
0.213538,10.2597,32435
0.182946,9.74761,32436
0.235619,10.2083,32437
0.165218,9.78726,32438
0.237795,10.2026,32439
0.179394,9.80281,32440
0.230563,10.1992,32441
0.171202,9.79836,32442
0.215971,10.2308,32443
0.18189,9.76671,32444
0.225283,10.2326,32445
0.181346,9.76847,32446
0.199555,10.2517,32447
0.178562,9.75132,32448
0.214114,10.1924,32449
0.173634,9.7991,32450
0.218914,10.2089,32451
0.159778,9.79666,32452
0.225379,10.2401,32453
0.175362,9.75855,32454
0.231363,10.2133,32455
0.170402,9.7901,32456
0.256163,10.2073,32457
0.17533,9.79279,32458
0.232163,10.2092,32459
0.178018,9.80623,32460
0.220515,10.2158,32461
0.19165,9.77602,32462
0.240963,10.2412,32463
0.188226,9.75244,32464
0.219875,10.1884,32465
0.19357,9.81987,32466
0.239587,10.197,32467
0.164482,9.78972,32468
0.220291,10.2063,32469
0.17357,9.79641,32470
0.211043,10.197,32471
0.193475,9.81106,32472
0.21645,10.2219,32473
0.181315,9.77545,32474
0.206435,10.2069,32475
0.188002,9.78521,32476
0.193346,10.1954,32477
0.164834,9.81999,32478
0.227811,10.1976,32479
0.193763,9.79052,32480
0.213731,10.2,32481
0.17517,9.7975,32482
0.221059,10.2036,32483
0.181026,9.795,32484
0.216258,10.1865,32485
0.172098,9.80729,32486
0.231267,10.2159,32487
0.178018,9.80418,32488
0.21341,10.1772,32489
0.179747,9.81753,32490
0.251555,10.2048,32491
0.167842,9.78678,32492
0.238691,10.1974,32493
0.165698,9.80617,32494
0.217475,10.191,32495
0.176802,9.81094,32496
0.228963,10.1905,32497
0.183522,9.82268,32498
0.191298,10.1731,32499
0.183171,9.81119,32500
0.256387,10.2059,32501
0.188355,9.79477,32502
0.187106,10.1951,32503
0.179586,9.80962,32504
0.215843,10.1853,32505
0.18701,9.82233,32506
0.228866,10.2139,32507
0.17437,9.76585,32508
0.228291,10.2094,32509
0.187746,9.81468,32510
0.224387,10.191,32511
0.188099,9.79154,32512
0.237251,10.1936,32513
0.177762,9.81378,32514
0.417733,10.0771,32515
0.180674,9.91596,32516
0.192034,10.174,32517
0.172898,9.8239,32518
0.204451,10.2201,32519
0.181794,9.7918,32520
0.176962,10.1851,32521
0.181859,9.80598,32522
0.221411,10.2032,32523
0.183683,9.79788,32524
0.211554,10.1988,32525
0.171138,9.79487,32526
0.170434,10.1854,32527
0.171042,9.82409,32528
0.231011,10.1839,32529
0.171106,9.81868,32530
0.226787,10.1959,32531
0.174466,9.81481,32532
0.244067,10.2133,32533
0.176386,9.78604,32534
0.205538,10.1942,32535
0.180546,9.78658,32536
0.236386,10.2027,32537
0.167138,9.79567,32538
0.227875,10.1998,32539
0.182562,9.81046,32540
0.243843,10.2011,32541
0.163842,9.79369,32542
0.219714,10.2596,32543
0.18093,9.75039,32544
0.209538,10.1806,32545
0.178114,9.80665,32546
0.209378,10.2122,32547
0.17869,9.78937,32548
0.216643,10.1948,32549
0.18061,9.80617,32550
0.229187,10.2019,32551
0.181122,9.79724,32552
0.463206,10.114,32553
0.180866,9.88646,32554
0.194786,10.1939,32555
0.174019,9.80607,32556
0.20285,10.1915,32557
0.179586,9.80908,32558
0.22141,10.198,32559
0.184098,9.80015,32560
0.211266,10.211,32561
0.185346,9.79785,32562
0.235747,10.1981,32563
0.175714,9.7877,32564
0.206051,10.2083,32565
0.166722,9.81273,32566
0.232803,10.209,32567
0.166882,9.77074,32568
0.229154,10.2083,32569
0.175874,9.81455,32570
0.227363,10.1791,32571
0.167554,9.80879,32572
0.220131,10.1877,32573
0.185602,9.81033,32574
0.227043,10.2236,32575
0.184098,9.77244,32576
0.214627,10.198,32577
0.179907,9.80438,32578
0.211714,10.2092,32579
0.18477,9.78991,32580
0.441893,9.98742,32581
0.188226,10.0103,32582
0.229891,10.204,32583
0.174786,9.81446,32584
0.237091,10.1835,32585
0.178787,9.79823,32586
0.218499,10.2076,32587
0.170914,9.79132,32588
0.215426,10.1915,32589
0.18077,9.8087,32590
0.444933,9.99257,32591
0.169218,10.0036,32592
0.217634,10.2296,32593
0.157602,9.78149,32594
0.217859,10.1939,32595
0.190754,9.79922,32596
0.214978,10.1953,32597
0.184707,9.80537,32598
0.205187,10.1863,32599
0.179522,9.81743,32600
0.15005,9.98271,32601
0.18573,10.0121,32602
0.228514,10.199,32603
0.181666,9.80684,32604
0.203427,10.1837,32605
0.173154,9.81781,32606
0.233219,10.1973,32607
0.164898,9.81161,32608
0.199906,10.1976,32609
0.18845,9.78834,32610
0.233635,10.2059,32611
0.178307,9.79938,32612
0.237379,10.2129,32613
0.18493,9.78214,32614
0.219171,10.2405,32615
0.197794,9.7759,32616
0.192739,10.1784,32617
0.175842,9.8006,32618
0.209603,10.1944,32619
0.180386,9.81465,32620
0.221378,10.1946,32621
0.187074,9.80223,32622
0.217282,10.2215,32623
0.16845,9.77449,32624
0.230211,10.2016,32625
0.187106,9.80028,32626
0.205602,10.1846,32627
0.163586,9.81193,32628
0.223939,10.2558,32629
0.179202,9.75158,32630
0.215522,10.2231,32631
0.178338,9.77497,32632
0.222243,10.1958,32633
0.188514,9.79913,32634
0.240995,10.2054,32635
0.18061,9.79682,32636
0.212514,10.2244,32637
0.156802,9.77369,32638
0.186306,10.1887,32639
0.186594,9.82057,32640
0.219842,10.182,32641
0.177986,9.81068,32642
0.20925,10.2295,32643
0.183651,9.7773,32644
0.216931,10.1975,32645
0.167074,9.8013,32646
0.236035,10.2087,32647
0.168258,9.78102,32648
0.223938,10.2301,32649
0.177058,9.7717,32650
0.226115,10.2114,32651
0.173378,9.79538,32652
0.234339,10.2019,32653
0.188578,9.79321,32654
0.230243,10.2254,32655
0.185794,9.79382,32656
0.205411,10.1721,32657
0.155202,9.81081,32658
0.217539,10.2046,32659
0.181602,9.79317,32660
0.194626,10.1683,32661
0.18029,9.83756,32662
0.198499,10.1859,32663
0.179778,9.81887,32664
0.212771,10.2099,32665
0.18013,9.78546,32666
0.195042,10.1927,32667
0.16557,9.79868,32668
0.202531,10.1963,32669
0.159266,9.8053,32670
0.228355,10.2087,32671
0.160194,9.79113,32672
0.225282,10.2053,32673
0.170818,9.79823,32674
0.217763,10.1981,32675
0.182114,9.8031,32676
0.509862,10.1146,32677
0.17965,9.89846,32678
0.208002,10.1845,32679
0.167202,9.79935,32680
0.214947,10.191,32681
0.182083,9.81103,32682
0.236931,10.1997,32683
0.178722,9.80559,32684
0.218627,10.2142,32685
0.177507,9.78143,32686
0.217091,10.2242,32687
0.164162,9.78127,32688
0.215587,10.183,32689
0.186242,9.81615,32690
0.196387,10.174,32691
0.158082,9.81791,32692
0.219267,10.2128,32693
0.168354,9.79417,32694
0.216962,10.1887,32695
0.171618,9.81257,32696
0.233603,10.2052,32697
0.17789,9.80351,32698
0.230019,10.2033,32699
0.189155,9.78204,32700
0.216739,10.2,32701
0.170274,9.80514,32702
0.20173,10.1793,32703
0.184739,9.81724,32704
0.22621,10.1971,32705
0.175842,9.80089,32706
0.206499,10.1996,32707
0.166306,9.80143,32708
0.205058,10.2131,32709
0.169474,9.78847,32710
0.19469,10.1867,32711
0.176386,9.81407,32712
0.189218,10.1869,32713
0.17709,9.81045,32714
0.226659,10.202,32715
0.182306,9.79746,32716
0.239235,10.2005,32717
0.176578,9.79589,32718
0.224003,10.1964,32719
0.182786,9.81193,32720
0.196226,10.1929,32721
0.17101,9.80658,32722
0.240514,10.194,32723
0.16077,9.80002,32724
0.218211,10.211,32725
0.15917,9.80521,32726
0.199042,10.172,32727
0.188419,9.83081,32728
0.222915,10.1822,32729
0.177186,9.8078,32730
0.203682,10.1896,32731
0.186275,9.81266,32732
0.233379,10.1903,32733
0.166594,9.80418,32734
0.212994,10.186,32735
0.176642,9.80802,32736
0.217283,10.1825,32737
0.183906,9.81823,32738
0.239011,10.2026,32739
0.167202,9.79813,32740
0.231459,10.219,32741
0.18589,9.79397,32742
0.212003,10.1755,32743
0.178243,9.81045,32744
0.201122,10.1886,32745
0.159746,9.80866,32746
0.200643,10.2142,32747
0.17981,9.78879,32748
0.230019,10.2381,32749
0.16109,9.76249,32750
0.208547,10.2569,32751
0.17917,9.74364,32752
0.199714,10.2133,32753
0.191843,9.80498,32754
0.219427,10.1699,32755
0.187106,9.811,32756
0.222723,10.2108,32757
0.168162,9.78709,32758
0.229059,10.2712,32759
0.173954,9.73132,32760
0.242274,10.2348,32761
0.18205,9.77378,32762
0.216291,10.175,32763
0.164834,9.81381,32764
0.207459,10.2116,32765
0.190018,9.79254,32766
0.229218,10.1907,32767
0.178979,9.82645,32768
0.219363,10.1739,32769
0.187202,9.8093,32770
0.247299,10.2272,32771
0.189283,9.7774,32772
0.207746,10.2001,32773
0.19021,9.7958,32774
0.226115,10.206,32775
0.173442,9.80796,32776
0.198018,10.1873,32777
0.17789,9.80277,32778
0.229219,10.2173,32779
0.188194,9.77852,32780
0.234723,10.2083,32781
0.18445,9.79772,32782
0.225667,10.1931,32783
0.187458,9.81769,32784
0.223299,10.2116,32785
0.185346,9.76594,32786
0.247075,10.224,32787
0.190179,9.79308,32788
0.236195,10.1907,32789
0.175778,9.8013,32790
0.225027,10.2468,32791
0.180674,9.75509,32792
0.207331,10.2357,32793
0.176322,9.76908,32794
0.230723,10.1954,32795
0.182978,9.7941,32796
0.215971,10.2308,32797
0.178787,9.77276,32798
0.227235,10.2099,32799
0.188898,9.7957,32800
0.219522,10.1986,32801
0.186146,9.79103,32802
0.209954,10.1934,32803
0.16669,9.81151,32804
0.238915,10.1967,32805
0.17629,9.81685,32806
0.226627,10.2074,32807
0.183426,9.77317,32808
0.19245,10.189,32809
0.152642,9.8086,32810
0.215298,10.2127,32811
0.187811,9.79298,32812
0.220323,10.1951,32813
0.169058,9.79865,32814
0.223874,10.2188,32815
0.192163,9.80319,32816
0.192578,10.1768,32817
0.167842,9.8022,32818
0.195971,10.1974,32819
0.180354,9.80617,32820
0.195267,10.1734,32821
0.175266,9.82559,32822
0.184578,10.1912,32823
0.17917,9.80748,32824
0.205218,10.1975,32825
0.173026,9.81871,32826
0.184226,10.1841,32827
0.177282,9.81231,32828
0.21165,10.2022,32829
0.187971,9.78757,32830
0.227266,10.1859,32831
0.184834,9.81007,32832
0.227587,10.1967,32833
0.166946,9.80361,32834
0.240867,10.2292,32835
0.186083,9.77087,32836
0.222147,10.2001,32837
0.179874,9.8094,32838
0.246115,10.1825,32839
0.172898,9.81225,32840
0.210787,10.2034,32841
0.15853,9.79369,32842
0.230019,10.2387,32843
0.168706,9.76517,32844
0.227747,10.1994,32845
0.173826,9.79589,32846
0.192195,10.2018,32847
0.184002,9.79941,32848
0.207746,10.1973,32849
0.170147,9.80287,32850
0.219778,10.241,32851
0.180898,9.75935,32852
0.222755,10.2337,32853
0.181955,9.77157,32854
0.213315,10.2012,32855
0.192642,9.79938,32856
0.207842,10.2153,32857
0.175779,9.79615,32858
0.209346,10.1818,32859
0.182914,9.80988,32860
0.464613,10.0736,32861
0.170626,9.92085,32862
0.211042,10.2006,32863
0.174659,9.79356,32864
0.218531,10.203,32865
0.17341,9.80005,32866
0.23485,10.2102,32867
0.182434,9.80716,32868
0.20989,10.1745,32869
0.156066,9.80463,32870
0.471877,10.2244,32871
0.180355,9.7966,32872
0.22685,10.1754,32873
0.178114,9.8045,32874
0.228963,10.2022,32875
0.15437,9.80124,32876
0.229186,10.1987,32877
0.169506,9.81909,32878
0.230563,10.19,32879
0.173058,9.80274,32880
0.219235,10.2272,32881
0.180579,9.76146,32882
0.220611,10.1973,32883
0.183586,9.81989,32884
0.239266,10.1947,32885
0.182722,9.7876,32886
0.222435,10.194,32887
0.180803,9.82476,32888
0.225539,10.1883,32889
0.188579,9.795,32890
0.231107,10.1957,32891
0.175522,9.80898,32892
0.205186,10.1912,32893
0.17165,9.80904,32894
0.215683,10.2156,32895
0.18349,9.78857,32896
0.236707,10.1934,32897
0.188674,9.80773,32898
0.494022,9.97861,32899
0.185282,10.0179,32900
0.231427,10.2082,32901
0.186883,9.78975,32902
0.218178,10.2244,32903
0.181634,9.78626,32904
0.21117,10.1899,32905
0.190562,9.79676,32906
0.209251,10.2114,32907
0.174402,9.7869,32908
0.209315,10.2126,32909
0.18781,9.7926,32910
0.244258,10.193,32911
0.186978,9.81791,32912
0.215906,10.1835,32913
0.199011,9.81602,32914
0.245091,10.1838,32915
0.182115,9.79919,32916
0.217123,10.2046,32917
0.175522,9.79573,32918
0.196386,10.1902,32919
0.179138,9.81737,32920
0.177858,10.1907,32921
0.186563,9.81612,32922
0.184963,10.1834,32923
0.180578,9.80764,32924
0.214627,10.1804,32925
0.182658,9.81388,32926
0.228771,10.2104,32927
0.174018,9.79247,32928
0.22909,10.2366,32929
0.175906,9.76693,32930
0.236899,10.2602,32931
0.180546,9.75122,32932
0.21917,10.1779,32933
0.16509,9.80354,32934
0.220931,10.2284,32935
0.176963,9.77804,32936
0.434981,9.97929,32937
0.167522,10.0102,32938
0.235107,10.2014,32939
0.162274,9.80984,32940
0.219843,10.19,32941
0.166626,9.81743,32942
0.218883,10.1772,32943
0.169346,9.81461,32944
0.22733,10.1955,32945
0.166562,9.80085,32946
0.208643,10.2236,32947
0.16269,9.77618,32948
0.221826,10.2259,32949
0.165314,9.76866,32950
0.21917,10.215,32951
0.176866,9.7902,32952
0.234275,10.2089,32953
0.166306,9.7966,32954
0.233315,10.2079,32955
0.180163,9.78505,32956
0.227138,10.214,32957
0.174914,9.79141,32958
0.214946,10.1863,32959
0.17181,9.81442,32960
0.247395,10.2155,32961
0.170626,9.77826,32962
0.220739,10.2035,32963
0.178626,9.81404,32964
0.206435,10.1686,32965
0.187426,9.82457,32966
0.231587,10.1869,32967
0.17853,9.80895,32968
0.216867,10.182,32969
0.181538,9.82028,32970
0.236898,10.1936,32971
0.189538,9.80053,32972
0.226627,10.1937,32973
0.173794,9.80607,32974
0.218051,10.1951,32975
0.167202,9.80162,32976
0.246435,10.2044,32977
0.18685,9.79887,32978
0.214211,10.2205,32979
0.182754,9.78172,32980
0.224931,10.224,32981
0.181923,9.78076,32982
0.231747,10.189,32983
0.188834,9.80889,32984
0.223811,10.2207,32985
0.194434,9.77346,32986
0.253955,10.2466,32987
0.183426,9.75852,32988
0.218499,10.2553,32989
0.187074,9.74853,32990
0.243939,10.1933,32991
0.174786,9.79948,32992
0.263075,10.2265,32993
0.176162,9.77509,32994
0.238275,10.198,32995
0.171459,9.79954,32996
0.223459,10.2011,32997
0.181506,9.80197,32998
0.224931,10.2161,32999
0.181954,9.77589,33000
0.247811,10.2042,33001
0.18365,9.79813,33002
0.213603,10.1868,33003
0.185155,9.82837,33004
0.250627,10.1928,33005
0.17085,9.79423,33006
0.18685,10.2066,33007
0.188514,9.79215,33008
0.226979,10.198,33009
0.181538,9.81061,33010
0.246659,10.1941,33011
0.18589,9.80236,33012
0.236323,10.1906,33013
0.178114,9.81282,33014
0.242915,10.2011,33015
0.185827,9.7965,33016
0.19965,10.2046,33017
0.189186,9.7973,33018
0.190178,10.1915,33019
0.188578,9.7982,33020
0.221763,10.2034,33021
0.176194,9.81161,33022
0.214115,10.1769,33023
0.18333,9.80936,33024
0.235043,10.1999,33025
0.16893,9.807,33026
0.192514,10.1923,33027
0.179362,9.79999,33028
0.22861,10.201,33029
0.184034,9.81103,33030
0.236771,10.214,33031
0.185506,9.77692,33032
0.222403,10.1769,33033
0.16541,9.82329,33034
0.228643,10.2026,33035
0.171042,9.79983,33036
0.464133,9.98409,33037
0.19277,10.0082,33038
0.236578,10.1997,33039
0.15581,9.8093,33040
0.212674,10.2015,33041
0.17421,9.81116,33042
0.227491,10.217,33043
0.18221,9.76293,33044
0.224739,10.2057,33045
0.183682,9.7996,33046
0.232163,10.232,33047
0.179074,9.77093,33048
0.232483,10.2234,33049
0.199939,9.77359,33050
0.246307,10.2064,33051
0.18669,9.79992,33052
0.234115,10.2036,33053
0.194114,9.79551,33054
0.224963,10.2026,33055
0.187746,9.78895,33056
0.247875,10.2136,33057
0.188194,9.79154,33058
0.227235,10.2004,33059
0.159938,9.79448,33060
0.214658,10.2024,33061
0.184131,9.80812,33062
0.232131,10.1896,33063
0.183618,9.80373,33064
0.213858,10.1871,33065
0.18349,9.81621,33066
0.233603,10.1926,33067
0.190178,9.81241,33068
0.243587,10.2718,33069
0.174978,9.71736,33070
0.478118,9.98386,33071
0.177922,10.0228,33072
0.222722,10.1833,33073
0.165314,9.81061,33074
0.223618,10.1875,33075
0.190242,9.82037,33076
0.238051,10.2252,33077
0.169186,9.7741,33078
0.240418,10.2287,33079
0.164834,9.76268,33080
0.226435,10.2047,33081
0.181474,9.80396,33082
0.235778,10.1975,33083
0.16221,9.80655,33084
0.226722,10.1771,33085
0.185218,9.80956,33086
0.257891,10.2734,33087
0.167714,9.72725,33088
0.20669,10.1818,33089
0.181026,9.81973,33090
0.240035,10.2109,33091
0.185538,9.78735,33092
0.223202,10.2322,33093
0.181186,9.76837,33094
0.229059,10.2012,33095
0.182338,9.79496,33096
0.198947,10.1995,33097
0.178083,9.80901,33098
0.233314,10.2152,33099
0.178562,9.78498,33100
0.470149,9.98245,33101
0.171971,10.0092,33102
0.224739,10.2002,33103
0.180034,9.81845,33104
0.219107,10.1826,33105
0.16141,9.81519,33106
0.408805,9.9734,33107
0.18461,10.0212,33108
0.24349,10.191,33109
0.170626,9.8046,33110
0.225859,10.2407,33111
0.18717,9.75359,33112
0.195074,10.2149,33113
0.183746,9.78527,33114
0.231363,10.2346,33115
0.185026,9.78511,33116
0.238659,10.1894,33117
0.173922,9.80088,33118
0.223747,10.196,33119
0.173474,9.8086,33120
0.237059,10.185,33121
0.18589,9.80162,33122
0.230371,10.196,33123
0.171106,9.80895,33124
0.219907,10.1879,33125
0.187075,9.81829,33126
0.227203,10.1899,33127
0.172642,9.80514,33128
0.221507,10.1978,33129
0.17725,9.79868,33130
0.453509,10.0944,33131
0.177218,9.90569,33132
0.226498,10.2274,33133
0.192067,9.77839,33134
0.233923,10.1971,33135
0.177154,9.80767,33136
0.226243,10.189,33137
0.179106,9.80693,33138
0.220707,10.2559,33139
0.165826,9.73618,33140
0.236355,10.2317,33141
0.18573,9.76965,33142
0.209474,10.2006,33143
0.158369,9.7942,33144
0.245315,10.198,33145
0.166882,9.80572,33146
0.21469,10.229,33147
0.17021,9.78287,33148
0.221507,10.2252,33149
0.200258,9.76946,33150
0.220354,10.1914,33151
0.19101,9.8118,33152
0.246019,10.1851,33153
0.188994,9.80917,33154
0.206018,10.1779,33155
0.175042,9.82072,33156
0.421381,10.0763,33157
0.165122,9.92575,33158
0.219875,10.202,33159
0.161602,9.80725,33160
0.201634,10.1689,33161
0.156738,9.82178,33162
0.202818,10.189,33163
0.178274,9.81045,33164
0.200354,10.1891,33165
0.172354,9.80008,33166
0.181506,10.1909,33167
0.163714,9.8157,33168
0.19997,10.1887,33169
0.170051,9.82325,33170
0.205186,10.1491,33171
0.16525,9.8388,33172
0.217763,10.1864,33173
0.184706,9.82277,33174
0.222787,10.2381,33175
0.181186,9.75439,33176
0.210467,10.1814,33177
0.187394,9.8262,33178
0.224834,10.2018,33179
0.179138,9.80245,33180
0.205922,10.1973,33181
0.185474,9.79711,33182
0.229219,10.2181,33183
0.183586,9.77218,33184
0.228226,10.2071,33185
0.196643,9.79564,33186
0.227811,10.2302,33187
0.193859,9.76696,33188
0.221634,10.2076,33189
0.189026,9.80965,33190
0.235971,10.2227,33191
0.177219,9.77957,33192
0.21149,10.1782,33193
0.182338,9.8094,33194
0.210722,10.1932,33195
0.167458,9.79429,33196
0.21245,10.2212,33197
0.180834,9.80219,33198
0.221794,10.2122,33199
0.167522,9.76741,33200
0.221507,10.2019,33201
0.188354,9.8117,33202
0.218947,10.1892,33203
0.176866,9.81848,33204
0.432485,10.0422,33205
0.167266,9.94041,33206
0.17629,10.2557,33207
0.177666,9.73836,33208
0.231907,10.1941,33209
0.17709,9.81919,33210
0.221475,10.225,33211
0.196514,9.78504,33212
0.240579,10.1878,33213
0.182018,9.81,33214
0.213538,10.18,33215
0.177634,9.81775,33216
0.206434,10.1862,33217
0.186914,9.81068,33218
0.251299,10.2317,33219
0.173794,9.7532,33220
0.257059,10.2681,33221
0.17949,9.7422,33222
0.21181,10.1948,33223
0.188675,9.81701,33224
0.200962,10.1917,33225
0.18749,9.79346,33226
0.229763,10.1963,33227
0.164994,9.80594,33228
0.235331,10.1949,33229
0.174818,9.80146,33230
0.230306,10.2218,33231
0.189218,9.78139,33232
0.226307,10.2034,33233
0.18669,9.79468,33234
0.226883,10.2612,33235
0.16589,9.74181,33236
0.200387,10.2003,33237
0.182306,9.8118,33238
0.223811,10.1868,33239
0.168578,9.79941,33240
0.207843,10.2104,33241
0.183938,9.80348,33242
0.243363,10.1876,33243
0.191298,9.80962,33244
0.233379,10.2032,33245
0.192323,9.77826,33246
0.196034,10.1917,33247
0.177283,9.818,33248
0.456454,10.1607,33249
0.18749,9.85013,33250
0.226434,10.2552,33251
0.17053,9.74178,33252
0.225218,10.1884,33253
0.202371,9.81586,33254
0.226626,10.2031,33255
0.191362,9.7764,33256
0.202179,10.1894,33257
0.172386,9.815,33258
0.216355,10.203,33259
0.172706,9.8061,33260
0.234563,10.2002,33261
0.190946,9.806,33262
0.221282,10.2009,33263
0.170946,9.78703,33264
0.240259,10.1951,33265
0.158274,9.80565,33266
0.193762,10.1852,33267
0.19389,9.81759,33268
0.231331,10.2024,33269
0.170242,9.78975,33270
0.201922,10.1913,33271
0.19085,9.8069,33272
0.224706,10.1881,33273
0.185506,9.82984,33274
0.244067,10.2175,33275
0.173571,9.76194,33276
0.242787,10.2214,33277
0.18381,9.79029,33278
0.204674,10.1914,33279
0.173698,9.80706,33280
0.225538,10.1899,33281
0.15709,9.81663,33282
0.225154,10.2056,33283
0.179394,9.78683,33284
0.226819,10.2542,33285
0.189218,9.73416,33286
0.19933,10.2217,33287
0.185826,9.78584,33288
0.201475,10.1854,33289
0.180931,9.81336,33290
0.203554,10.1817,33291
0.175363,9.83186,33292
0.230915,10.1898,33293
0.184322,9.79394,33294
0.206082,10.1971,33295
0.184386,9.80501,33296
0.181602,10.2188,33297
0.186082,9.78287,33298
0.22749,10.2109,33299
0.164705,9.78619,33300
0.190562,10.1929,33301
0.172386,9.81346,33302
0.223043,10.2188,33303
0.168642,9.78194,33304
0.208354,10.1905,33305
0.16797,9.79739,33306
0.21581,10.2098,33307
0.17373,9.78971,33308
0.216131,10.1917,33309
0.18237,9.81317,33310
0.236515,10.202,33311
0.170018,9.80703,33312
0.243939,10.2014,33313
0.180418,9.7965,33314
0.237859,10.1948,33315
0.183682,9.81666,33316
0.236291,10.2095,33317
0.187362,9.77704,33318
0.230434,10.1933,33319
0.176002,9.80703,33320
0.241762,10.201,33321
0.172482,9.81439,33322
0.220579,10.1828,33323
0.178562,9.81509,33324
0.223587,10.1852,33325
0.169538,9.81061,33326
0.208066,10.175,33327
0.181762,9.8206,33328
0.222882,10.1981,33329
0.183362,9.79938,33330
0.233091,10.1732,33331
0.180418,9.8254,33332
0.231331,10.1912,33333
0.161538,9.80767,33334
0.239715,10.2121,33335
0.170306,9.78284,33336
0.202082,10.2088,33337
0.190722,9.79432,33338
0.217347,10.2151,33339
0.16797,9.78975,33340
0.223331,10.2654,33341
0.184706,9.73157,33342
0.227523,10.197,33343
0.168514,9.80828,33344
0.253699,10.2036,33345
0.179619,9.79595,33346
0.194403,10.2121,33347
0.169122,9.77957,33348
0.21341,10.189,33349
0.170626,9.81605,33350
0.204354,10.1771,33351
0.185218,9.83487,33352
0.22573,10.191,33353
0.184706,9.80216,33354
0.227843,10.1968,33355
0.194115,9.80021,33356
0.259075,10.1978,33357
0.180322,9.79877,33358
0.228291,10.2017,33359
0.17149,9.81295,33360
0.22269,10.1883,33361
0.167106,9.79759,33362
0.228834,10.1959,33363
0.174786,9.80783,33364
0.23629,10.2044,33365
0.157634,9.78514,33366
0.228194,10.2381,33367
0.181826,9.76683,33368
0.243075,10.2117,33369
0.172162,9.78488,33370
0.21549,10.1878,33371
0.166786,9.81103,33372
0.214754,10.1968,33373
0.182178,9.80719,33374
0.212291,10.1882,33375
0.186818,9.82063,33376
0.253091,10.2624,33377
0.164674,9.73141,33378
0.237347,10.2122,33379
0.173154,9.79138,33380
0.201635,10.2106,33381
0.178114,9.78636,33382
0.227875,10.2234,33383
0.187042,9.77458,33384
0.230594,10.2131,33385
0.189699,9.78395,33386
0.236803,10.2617,33387
0.179426,9.7565,33388
0.229795,10.1986,33389
0.175394,9.78571,33390
0.193666,10.192,33391
0.18029,9.81592,33392
0.22637,10.1921,33393
0.19069,9.80696,33394
0.193218,10.2278,33395
0.192258,9.78066,33396
0.183362,10.1872,33397
0.184226,9.80261,33398
0.206498,10.1835,33399
0.16413,9.80383,33400
0.221635,10.205,33401
0.185986,9.81493,33402
0.224163,10.1927,33403
0.17885,9.79215,33404
0.217987,10.2198,33405
0.181282,9.79852,33406
0.224483,10.2111,33407
0.181186,9.7757,33408
0.191746,10.1852,33409
0.160482,9.81231,33410
0.212258,10.1947,33411
0.184835,9.80607,33412
0.248579,10.2102,33413
0.181634,9.78411,33414
0.230179,10.2,33415
0.18653,9.80719,33416
0.212546,10.2389,33417
0.193666,9.75445,33418
0.243139,10.2172,33419
0.178114,9.7868,33420
0.208738,10.2131,33421
0.171234,9.79957,33422
0.243683,10.1901,33423
0.193634,9.80927,33424
0.217251,10.2146,33425
0.16765,9.77311,33426
0.182947,10.1855,33427
0.18317,9.81493,33428
0.213987,10.2141,33429
0.167202,9.79772,33430
0.221283,10.1934,33431
0.170818,9.79931,33432
0.219331,10.1762,33433
0.172162,9.81957,33434
0.208035,10.1843,33435
0.177698,9.81442,33436
0.221859,10.2238,33437
0.176962,9.7758,33438
0.234755,10.2078,33439
0.152834,9.79387,33440
0.238211,10.1988,33441
0.16749,9.80399,33442
0.256163,10.2068,33443
0.184546,9.79631,33444
0.21469,10.1942,33445
0.172322,9.81467,33446
0.198114,10.2028,33447
0.189794,9.78367,33448
0.224131,10.21,33449
0.180994,9.79589,33450
0.229059,10.1951,33451
0.167234,9.79656,33452
0.231235,10.2133,33453
0.183906,9.79045,33454
0.226659,10.206,33455
0.16989,9.79234,33456
0.20477,10.1939,33457
0.184098,9.82533,33458
0.241571,10.1785,33459
0.172834,9.80383,33460
0.22157,10.2002,33461
0.18397,9.80229,33462
0.21405,10.2384,33463
0.188738,9.76021,33464
0.204898,10.1854,33465
0.184259,9.81928,33466
0.177795,10.0115,33467
0.19005,9.98953,33468
0.231619,10.2388,33469
0.179906,9.75931,33470
0.211682,10.1852,33471
0.183554,9.81256,33472
0.225954,10.1903,33473
0.162754,9.80943,33474
0.172066,10.2526,33475
0.196866,9.74523,33476
0.208226,10.1808,33477
0.18973,9.82264,33478
0.255587,10.2034,33479
0.190147,9.79826,33480
0.203267,10.1787,33481
0.16493,9.80795,33482
0.247267,10.1946,33483
0.166946,9.8086,33484
0.240035,10.2357,33485
0.198722,9.77154,33486
0.192098,10.1973,33487
0.192866,9.80002,33488
0.220835,10.1984,33489
0.17517,9.80568,33490
0.203842,10.2058,33491
0.168098,9.78331,33492
0.215203,10.1944,33493
0.182627,9.80943,33494
0.212802,10.2505,33495
0.18781,9.76402,33496
0.207746,10.1962,33497
0.181986,9.79218,33498
0.235011,10.2061,33499
0.183682,9.79915,33500
0.20397,10.2008,33501
0.164322,9.78411,33502
0.21469,10.2246,33503
0.176675,9.7885,33504
0.230307,10.2193,33505
0.182562,9.77445,33506
0.222434,10.213,33507
0.19245,9.79855,33508
0.194722,10.1772,33509
0.17053,9.81637,33510
0.205378,10.1945,33511
0.168962,9.80031,33512
0.203331,10.1863,33513
0.182531,9.82229,33514
0.204514,10.1806,33515
0.174946,9.80917,33516
0.187875,10.1909,33517
0.17629,9.81596,33518
0.240067,10.1975,33519
0.183074,9.81138,33520
0.222178,10.1721,33521
0.176098,9.82293,33522
0.232227,10.2514,33523
0.188739,9.75608,33524
0.220354,10.1786,33525
0.15517,9.80274,33526
0.211171,10.2692,33527
0.185635,9.73458,33528
0.232227,10.2036,33529
0.17629,9.80463,33530
0.209026,10.1898,33531
0.184546,9.80965,33532
0.219202,10.2249,33533
0.169026,9.77659,33534
0.227778,10.1794,33535
0.189186,9.81695,33536
0.194595,10.1993,33537
0.192771,9.80162,33538
0.217123,10.2204,33539
0.178018,9.77999,33540
0.219746,10.1919,33541
0.196962,9.80751,33542
0.209091,10.2074,33543
0.18397,9.79266,33544
0.212899,10.232,33545
0.18109,9.75749,33546
0.244195,10.2109,33547
0.183714,9.78834,33548
0.240803,10.2428,33549
0.16285,9.76219,33550
0.233922,10.217,33551
0.176226,9.77765,33552
0.235683,10.1905,33553
0.173634,9.81032,33554
0.218018,10.2208,33555
0.183458,9.79749,33556
0.229154,10.2182,33557
0.191619,9.77557,33558
0.231779,10.2375,33559
0.179298,9.75352,33560
0.199971,10.1895,33561
0.187426,9.82709,33562
0.21405,10.1676,33563
0.18957,9.81615,33564
0.228066,10.2051,33565
0.182082,9.80696,33566
0.241667,10.1993,33567
0.16701,9.78882,33568
0.201058,10.1917,33569
0.19245,9.81506,33570
0.245858,10.2065,33571
0.170018,9.7845,33572
0.20733,10.2006,33573
0.182946,9.80434,33574
0.220482,10.21,33575
0.186274,9.80031,33576
0.230595,10.1877,33577
0.17565,9.80415,33578
0.20477,10.1871,33579
0.162114,9.80338,33580
0.204355,10.195,33581
0.154562,9.81211,33582
0.21949,10.1914,33583
0.18733,9.80629,33584
0.210594,10.2032,33585
0.181538,9.7997,33586
0.181986,10.2239,33587
0.173346,9.76917,33588
0.235554,10.207,33589
0.186178,9.79519,33590
0.207939,10.2021,33591
0.19981,9.80219,33592
0.229954,10.2027,33593
0.192482,9.80015,33594
0.223075,10.1986,33595
0.188226,9.80168,33596
0.206402,10.1948,33597
0.192994,9.80095,33598
0.218978,10.27,33599
0.175746,9.74242,33600
0.222466,10.1961,33601
0.17389,9.78482,33602
0.221922,10.1901,33603
0.176002,9.82178,33604
0.220259,10.2401,33605
0.192418,9.75247,33606
0.216707,10.2224,33607
0.193634,9.79016,33608
0.236387,10.1938,33609
0.20029,9.79791,33610
0.215362,10.1968,33611
0.188258,9.79544,33612
0.243074,10.2154,33613
0.187298,9.78638,33614
0.255331,10.231,33615
0.186755,9.77877,33616
0.195939,10.1906,33617
0.167682,9.81391,33618
0.245731,10.1803,33619
0.179458,9.82258,33620
0.217763,10.169,33621
0.193602,9.83221,33622
0.219618,10.1882,33623
0.186338,9.80306,33624
0.248227,10.2342,33625
0.156705,9.75275,33626
0.227491,10.2716,33627
0.166722,9.72879,33628
0.211586,10.1901,33629
0.170466,9.82626,33630
0.218594,10.1906,33631
0.18525,9.80479,33632
0.221923,10.1843,33633
0.168481,9.80389,33634
0.234179,10.225,33635
0.169026,9.77765,33636
0.198626,10.1844,33637
0.186978,9.81746,33638
0.175522,9.99538,33639
0.177506,10.0099,33640
0.215714,10.2469,33641
0.188354,9.75397,33642
0.240706,10.2052,33643
0.186242,9.80181,33644
0.251331,10.1951,33645
0.186947,9.78696,33646
0.244419,10.2431,33647
0.18413,9.7597,33648
0.254723,10.2118,33649
0.168962,9.78687,33650
0.213443,10.2061,33651
0.184354,9.79855,33652
0.228739,10.2005,33653
0.170146,9.79586,33654
0.21421,10.2272,33655
0.18317,9.76981,33656
0.188994,10.2252,33657
0.194115,9.78562,33658
0.204931,10.1895,33659
0.188482,9.81301,33660
0.21085,10.2061,33661
0.189218,9.78536,33662
0.206115,10.1969,33663
0.18765,9.80997,33664
0.15581,9.98076,33665
0.193571,10.0235,33666
0.212323,10.1863,33667
0.184098,9.80175,33668
0.220771,10.2282,33669
0.183522,9.78997,33670
0.195746,10.1653,33671
0.187746,9.82578,33672
0.238211,10.2075,33673
0.184898,9.78735,33674
0.227714,10.2292,33675
0.16365,9.76034,33676
0.210819,10.196,33677
0.193154,9.82783,33678
0.237763,10.1873,33679
0.186626,9.80584,33680
0.210691,10.1806,33681
0.187938,9.81906,33682
0.225219,10.1842,33683
0.175138,9.81602,33684
0.228515,10.1894,33685
0.171746,9.79663,33686
0.185506,10.2001,33687
0.172322,9.80715,33688
0.450437,9.98616,33689
0.184579,10.0137,33690
0.223554,10.1988,33691
0.167522,9.79272,33692
0.259075,10.2697,33693
0.188258,9.73634,33694
0.233218,10.1948,33695
0.17517,9.80456,33696
0.184642,10.1866,33697
0.189282,9.82623,33698
0.23085,10.2182,33699
0.175266,9.76146,33700
0.220739,10.2349,33701
0.166273,9.7699,33702
0.235171,10.2344,33703
0.18301,9.76866,33704
0.214242,10.2249,33705
0.185282,9.77714,33706
0.237347,10.2054,33707
0.188706,9.79163,33708
0.213763,10.2318,33709
0.192258,9.77733,33710
0.189762,10.1703,33711
0.184066,9.8189,33712
0.223843,10.2171,33713
0.174818,9.78197,33714
0.210307,10.225,33715
0.172002,9.77666,33716
0.220962,10.2235,33717
0.188386,9.78578,33718
0.201026,10.1807,33719
0.179234,9.82827,33720
0.242082,10.2125,33721
0.167874,9.76683,33722
0.233442,10.2108,33723
0.17901,9.79832,33724
0.213218,10.1816,33725
0.170306,9.81387,33726
0.196195,10.1876,33727
0.164674,9.80523,33728
0.244163,10.2336,33729
0.175938,9.77467,33730
0.215811,10.2026,33731
0.167682,9.79371,33732
0.222594,10.2057,33733
0.16173,9.79224,33734
0.22093,10.1982,33735
0.184706,9.80616,33736
0.192866,10.1942,33737
0.184226,9.80719,33738
0.221378,10.1977,33739
0.16445,9.81298,33740
0.195874,10.1677,33741
0.180194,9.81627,33742
0.229571,10.2066,33743
0.186946,9.80072,33744
0.216899,10.2215,33745
0.175874,9.7731,33746
0.18861,10.1898,33747
0.18141,9.80789,33748
0.199075,10.1827,33749
0.181954,9.82008,33750
0.198018,10.1813,33751
0.175202,9.82421,33752
0.215203,10.1962,33753
0.18701,9.80837,33754
0.223555,10.1817,33755
0.187842,9.82623,33756
0.200514,10.1723,33757
0.17949,9.81202,33758
0.228451,10.1924,33759
0.191554,9.81077,33760
0.21613,10.2183,33761
0.173954,9.77867,33762
0.224707,10.2332,33763
0.189058,9.76136,33764
0.220194,10.2124,33765
0.192322,9.79067,33766
0.201666,10.1861,33767
0.177826,9.83323,33768
0.240067,10.1803,33769
0.181698,9.80354,33770
0.232034,10.2047,33771
0.167394,9.79922,33772
0.462534,9.9813,33773
0.181602,10.0119,33774
0.223939,10.1935,33775
0.17565,9.79963,33776
0.224226,10.2193,33777
0.184835,9.78738,33778
0.226083,10.2144,33779
0.176386,9.78456,33780
0.215267,10.1969,33781
0.18253,9.80235,33782
0.431973,9.99007,33783
0.185826,10.0156,33784
0.230147,10.2047,33785
0.173506,9.80168,33786
0.22509,10.1923,33787
0.18317,9.81442,33788
0.231043,10.192,33789
0.191426,9.79288,33790
0.224387,10.227,33791
0.177058,9.77931,33792
0.455493,9.97819,33793
0.18669,10.0132,33794
0.219138,10.1996,33795
0.166306,9.798,33796
0.185826,10.189,33797
0.194147,9.83266,33798
0.188098,10.1727,33799
0.189314,9.82741,33800
0.221987,10.1859,33801
0.166274,9.79221,33802
0.21533,10.1999,33803
0.188194,9.80245,33804
0.23229,10.2682,33805
0.19245,9.73464,33806
0.220611,10.2178,33807
0.178242,9.78123,33808
0.219395,10.1986,33809
0.17549,9.81701,33810
0.224451,10.2107,33811
0.16509,9.76811,33812
0.222691,10.2082,33813
0.176034,9.80821,33814
0.207523,10.1856,33815
0.185346,9.80245,33816
0.187106,10.2032,33817
0.174274,9.79832,33818
0.250115,10.2077,33819
0.187554,9.80056,33820
0.219554,10.1884,33821
0.17693,9.80024,33822
0.229379,10.214,33823
0.192034,9.79688,33824
0.225058,10.2022,33825
0.160194,9.7883,33826
0.232322,10.2719,33827
0.177378,9.7419,33828
0.227011,10.1893,33829
0.187426,9.8084,33830
0.224611,10.191,33831
0.173378,9.80152,33832
0.225987,10.1821,33833
0.169858,9.80869,33834
0.223491,10.2364,33835
0.177762,9.77493,33836
0.207394,10.1854,33837
0.189891,9.80952,33838
0.225762,10.2249,33839
0.185794,9.78053,33840
0.261955,10.2562,33841
0.170402,9.75163,33842
0.22269,10.1853,33843
0.181634,9.81422,33844
0.213186,10.1748,33845
0.175586,9.80965,33846
0.21245,10.2242,33847
0.176642,9.77778,33848
0.218274,10.2106,33849
0.178434,9.80434,33850
0.205538,10.1847,33851
0.183234,9.80011,33852
0.224419,10.2125,33853
0.181346,9.80482,33854
0.251138,10.191,33855
0.173602,9.79483,33856
0.216514,10.1905,33857
0.176994,9.80546,33858
0.222083,10.2144,33859
0.178211,9.8036,33860
0.214882,10.2514,33861
0.187298,9.7364,33862
0.220546,10.221,33863
0.186498,9.78235,33864
0.22989,10.202,33865
0.165282,9.78376,33866
0.238019,10.2093,33867
0.187907,9.81182,33868
0.217987,10.1976,33869
0.186178,9.80466,33870
0.221666,10.186,33871
0.174338,9.80261,33872
0.236163,10.2049,33873
0.17917,9.79336,33874
0.277219,10.2679,33875
0.169346,9.74066,33876
0.219555,10.1766,33877
0.180802,9.81266,33878
0.232834,10.2097,33879
0.167458,9.80152,33880
0.226402,10.1905,33881
0.17709,9.80587,33882
0.197346,10.1825,33883
0.18685,9.82469,33884
0.216163,10.1831,33885
0.158018,9.7955,33886
0.219394,10.2095,33887
0.18925,9.80139,33888
0.221858,10.1979,33889
0.174114,9.79643,33890
0.225667,10.1912,33891
0.175714,9.80472,33892
0.204866,10.1862,33893
0.186978,9.82619,33894
0.237827,10.1852,33895
0.164866,9.80299,33896
0.222434,10.2126,33897
0.188514,9.79291,33898
0.24333,10.198,33899
0.172706,9.79899,33900
0.238403,10.2386,33901
0.161505,9.76338,33902
0.229315,10.2136,33903
0.19117,9.80226,33904
0.225954,10.2192,33905
0.171394,9.77553,33906
0.239427,10.1842,33907
0.185346,9.82069,33908
0.244194,10.1933,33909
0.180098,9.79384,33910
0.21373,10.2041,33911
0.156482,9.7909,33912
0.224706,10.2052,33913
0.173186,9.7972,33914
0.21565,10.2001,33915
0.182594,9.81458,33916
0.215043,10.1917,33917
0.192034,9.80069,33918
0.235363,10.2106,33919
0.176226,9.78395,33920
0.216195,10.1977,33921
0.182466,9.8053,33922
0.213251,10.1805,33923
0.190339,9.822,33924
0.233442,10.1924,33925
0.166082,9.79665,33926
0.23181,10.2718,33927
0.183266,9.72885,33928
0.213986,10.1916,33929
0.17789,9.81074,33930
0.234243,10.2672,33931
0.173538,9.74533,33932
0.242499,10.1913,33933
0.178946,9.79794,33934
0.235843,10.2005,33935
0.176834,9.79768,33936
0.233602,10.2097,33937
0.187715,9.79909,33938
0.221154,10.1819,33939
0.192226,9.80834,33940
0.232931,10.2008,33941
0.162114,9.79848,33942
0.226723,10.2017,33943
0.174018,9.8052,33944
0.225091,10.1965,33945
0.183522,9.81509,33946
0.229986,10.2235,33947
0.174626,9.76299,33948
0.232194,10.2076,33949
0.199875,9.79048,33950
0.218435,10.2348,33951
0.185506,9.77026,33952
0.228931,10.2118,33953
0.188098,9.78814,33954
0.223331,10.2038,33955
0.184514,9.80789,33956
0.222466,10.2159,33957
0.170818,9.76574,33958
0.233251,10.2115,33959
0.18285,9.79685,33960
0.245123,10.2272,33961
0.17709,9.7667,33962
0.217251,10.1877,33963
0.189443,9.81442,33964
0.223554,10.1931,33965
0.167938,9.79579,33966
0.21645,10.2041,33967
0.169602,9.79803,33968
0.227875,10.2247,33969
0.18621,9.79134,33970
0.219267,10.1874,33971
0.159266,9.81394,33972
0.231907,10.254,33973
0.18253,9.73077,33974
0.225379,10.1983,33975
0.195427,9.80558,33976
0.208002,10.1861,33977
0.167938,9.80942,33978
0.228546,10.2005,33979
0.186018,9.82043,33980
0.239651,10.1882,33981
0.160002,9.79778,33982
0.208611,10.2192,33983
0.172226,9.77694,33984
0.232515,10.247,33985
0.170114,9.74437,33986
0.214242,10.2205,33987
0.192194,9.79026,33988
0.232067,10.2188,33989
0.172354,9.77486,33990
0.219746,10.1969,33991
0.189666,9.80555,33992
0.217571,10.2267,33993
0.178434,9.77704,33994
0.216386,10.1876,33995
0.183874,9.81022,33996
0.244163,10.2082,33997
0.180738,9.79576,33998
0.213986,10.2057,33999
0.19181,9.78952,34000
0.224962,10.1926,34001
0.189954,9.81032,34002
0.213666,10.1963,34003
0.16797,9.80011,34004
0.218178,10.1936,34005
0.179618,9.80696,34006
0.231267,10.2302,34007
0.182978,9.77166,34008
0.218051,10.2178,34009
0.175778,9.77717,34010
0.215779,10.2252,34011
0.16365,9.77352,34012
0.213411,10.2063,34013
0.177346,9.79246,34014
0.225763,10.2666,34015
0.184898,9.73717,34016
0.194019,10.2086,34017
0.18397,9.79061,34018
0.22157,10.2114,34019
0.164961,9.78443,34020
0.216419,10.1978,34021
0.192738,9.8116,34022
0.21565,10.2236,34023
0.168642,9.76987,34024
0.208098,10.2063,34025
0.188866,9.79442,34026
0.235042,10.2068,34027
0.165122,9.7947,34028
0.23517,10.207,34029
0.194658,9.79118,34030
0.238499,10.2111,34031
0.183362,9.79192,34032
0.250979,10.241,34033
0.191522,9.76446,34034
0.228739,10.2041,34035
0.172994,9.80517,34036
0.19421,10.1783,34037
0.176514,9.81259,34038
0.223939,10.2243,34039
0.172034,9.77771,34040
0.212258,10.2657,34041
0.157346,9.73134,34042
0.222499,10.2025,34043
0.181538,9.79646,34044
0.219235,10.1937,34045
0.177058,9.80181,34046
0.200322,10.1846,34047
0.177442,9.81707,34048
0.221186,10.26,34049
0.165602,9.73438,34050
0.208995,10.2119,34051
0.172066,9.78712,34052
0.214114,10.236,34053
0.19133,9.78706,34054
0.22349,10.2109,34055
0.18493,9.78859,34056
0.254403,10.2547,34057
0.180738,9.73064,34058
0.239459,10.2305,34059
0.190242,9.76609,34060
0.204067,10.1891,34061
0.191682,9.82037,34062
0.250499,10.2673,34063
0.169538,9.72971,34064
0.21053,10.189,34065
0.183394,9.81122,34066
0.220706,10.1963,34067
0.172578,9.80168,34068
0.228898,10.2007,34069
0.176866,9.79755,34070
0.20013,10.1902,34071
0.183266,9.8107,34072
0.201634,10.184,34073
0.171266,9.8141,34074
0.226435,10.2092,34075
0.182946,9.79403,34076
0.214626,10.1873,34077
0.18269,9.81557,34078
0.231971,10.2273,34079
0.187938,9.76901,34080
0.223075,10.2152,34081
0.17357,9.78504,34082
0.161826,9.98831,34083
0.185571,10.0141,34084
0.235427,10.2091,34085
0.182722,9.78814,34086
0.224002,10.2246,34087
0.172226,9.76984,34088
0.219587,10.2062,34089
0.172834,9.79294,34090
0.228643,10.2099,34091
0.180994,9.80344,34092
0.238819,10.1883,34093
0.183458,9.81131,34094
0.218435,10.1959,34095
0.19005,9.79707,34096
0.231459,10.2061,34097
0.184322,9.79621,34098
0.220899,10.2267,34099
0.180802,9.76837,34100
0.223331,10.2053,34101
0.17053,9.80984,34102
0.210018,10.1867,34103
0.16701,9.79845,34104
0.243619,10.1997,34105
0.180098,9.80731,34106
0.229667,10.1984,34107
0.176386,9.80405,34108
0.229635,10.2025,34109
0.185314,9.80645,34110
0.230754,10.1885,34111
0.172833,9.79765,34112
0.22477,10.1998,34113
0.17917,9.80865,34114
0.23485,10.1871,34115
0.18621,9.81141,34116
0.23005,10.1994,34117
0.190339,9.79886,34118
0.250434,10.1971,34119
0.190883,9.80357,34120
0.23965,10.2014,34121
0.170978,9.79397,34122
0.21997,10.2125,34123
0.186274,9.78737,34124
0.221347,10.1989,34125
0.16973,9.80334,34126
0.180771,10.1992,34127
0.18845,9.79797,34128
0.213411,10.1843,34129
0.170242,9.81646,34130
0.233219,10.1979,34131
0.186882,9.79768,34132
0.220035,10.1835,34133
0.176706,9.82037,34134
0.224867,10.1923,34135
0.168834,9.80814,34136
0.213987,10.197,34137
0.188962,9.81483,34138
0.235394,10.2182,34139
0.19373,9.77144,34140
0.246114,10.2485,34141
0.17693,9.74779,34142
0.21325,10.1887,34143
0.192418,9.81777,34144
0.217539,10.2247,34145
0.189602,9.76689,34146
0.242787,10.2095,34147
0.195842,9.78926,34148
0.231779,10.2051,34149
0.165122,9.80133,34150
0.227234,10.1851,34151
0.172578,9.8172,34152
0.217282,10.1812,34153
0.182594,9.8115,34154
0.21277,10.1862,34155
0.184227,9.81189,34156
0.21997,10.2246,34157
0.182626,9.77595,34158
0.21341,10.1909,34159
0.187266,9.80923,34160
0.224418,10.198,34161
0.171138,9.79841,34162
0.223778,10.2172,34163
0.172194,9.7844,34164
0.231362,10.2317,34165
0.167906,9.7748,34166
0.222787,10.1887,34167
0.168962,9.80814,34168
0.225443,10.201,34169
0.182466,9.81246,34170
0.206307,10.1767,34171
0.174018,9.82043,34172
0.208643,10.1845,34173
0.16909,9.81685,34174
0.23389,10.2253,34175
0.19165,9.76654,34176
0.220259,10.1843,34177
0.19341,9.8291,34178
0.235139,10.1964,34179
0.162882,9.78289,34180
0.230307,10.215,34181
0.171074,9.79275,34182
0.199778,10.1807,34183
0.156354,9.81134,34184
0.233187,10.203,34185
0.162978,9.79448,34186
0.249347,10.2368,34187
0.183746,9.77086,34188
0.231235,10.225,34189
0.190818,9.77877,34190
0.23277,10.1984,34191
0.194146,9.79787,34192
0.215266,10.1846,34193
0.190018,9.81576,34194
0.197218,10.2092,34195
0.177794,9.78837,34196
0.224995,10.2076,34197
0.177794,9.79368,34198
0.242403,10.1899,34199
0.196131,9.8147,34200
0.234211,10.2077,34201
0.174338,9.78968,34202
0.215682,10.1863,34203
0.164482,9.80725,34204
0.209922,10.2158,34205
0.15981,9.7836,34206
0.237058,10.2119,34207
0.181602,9.79416,34208
0.241474,10.2062,34209
0.18749,9.80789,34210
0.251171,10.1853,34211
0.199682,9.806,34212
0.222563,10.1849,34213
0.16765,9.80264,34214
0.241539,10.2314,34215
0.181826,9.78081,34216
0.201378,10.1945,34217
0.18653,9.80638,34218
0.242883,10.2129,34219
0.180034,9.78229,34220
0.223427,10.2349,34221
0.187458,9.77659,34222
0.228642,10.1875,34223
0.174722,9.80261,34224
0.239651,10.2046,34225
0.17325,9.79345,34226
0.217123,10.1881,34227
0.182594,9.8132,34228
0.235747,10.2043,34229
0.193218,9.7955,34230
0.207682,10.211,34231
0.167106,9.79032,34232
0.217635,10.2244,34233
0.16205,9.77169,34234
0.214435,10.253,34235
0.172642,9.74171,34236
0.238658,10.2146,34237
0.180546,9.78955,34238
0.230403,10.2142,34239
0.189538,9.79096,34240
0.223202,10.2548,34241
0.170721,9.7555,34242
0.228098,10.1745,34243
0.17469,9.81637,34244
0.22237,10.1834,34245
0.191746,9.81009,34246
0.196866,10.1967,34247
0.177666,9.80686,34248
0.241122,10.2056,34249
0.17261,9.79873,34250
0.213123,10.1853,34251
0.192258,9.80597,34252
0.227299,10.207,34253
0.162754,9.7883,34254
0.230915,10.2315,34255
0.189026,9.77013,34256
0.239139,10.2008,34257
0.181986,9.80158,34258
0.240451,10.2146,34259
0.189698,9.79304,34260
0.244035,10.2057,34261
0.18205,9.806,34262
0.238179,10.2074,34263
0.165826,9.78101,34264
0.243107,10.2007,34265
0.188962,9.8004,34266
0.228547,10.1879,34267
0.185954,9.814,34268
0.226371,10.1858,34269
0.187587,9.82149,34270
0.226467,10.1833,34271
0.18381,9.81534,34272
0.236067,10.1867,34273
0.173602,9.80302,34274
0.22189,10.1876,34275
0.168514,9.81022,34276
0.228514,10.2066,34277
0.169954,9.80584,34278
0.219011,10.1796,34279
0.181026,9.80389,34280
0.250307,10.2045,34281
0.183426,9.81374,34282
0.225667,10.1811,34283
0.176642,9.80677,34284
0.226882,10.1899,34285
0.194402,9.80542,34286
0.198914,10.1961,34287
0.18589,9.81169,34288
0.229954,10.1893,34289
0.190947,9.81121,34290
0.218114,10.2207,34291
0.17773,9.77515,34292
0.237763,10.1975,34293
0.16221,9.79109,34294
0.20541,10.2058,34295
0.18429,9.80225,34296
0.227426,10.204,34297
0.183938,9.79352,34298
0.214947,10.1723,34299
0.186658,9.82933,34300
0.231267,10.1926,34301
0.164706,9.81816,34302
0.222466,10.1857,34303
0.18461,9.80453,34304
0.209187,10.2395,34305
0.167266,9.75832,34306
0.203907,10.1921,34307
0.173602,9.81681,34308
0.219395,10.1905,34309
0.178498,9.80913,34310
0.235875,10.1917,34311
0.176098,9.80136,34312
0.244131,10.2125,34313
0.15933,9.78276,34314
0.203875,10.1893,34315
0.17981,9.82398,34316
0.178306,10.193,34317
0.188994,9.81323,34318
0.233091,10.2138,34319
0.174498,9.76773,34320
0.251747,10.2104,34321
0.182946,9.80865,34322
0.245218,10.1936,34323
0.171906,9.80379,34324
0.230915,10.1849,34325
0.199394,9.81774,34326
0.221315,10.1926,34327
0.184514,9.79509,34328
0.221954,10.2069,34329
0.169025,9.79608,34330
0.21085,10.2054,34331
0.159138,9.78641,34332
0.518021,10.1297,34333
0.181762,9.86734,34334
0.218371,10.2058,34335
0.188962,9.80184,34336
0.213762,10.2112,34337
0.164929,9.79013,34338
0.225634,10.2,34339
0.17117,9.80072,34340
0.220419,10.1935,34341
0.18589,9.80481,34342
0.239843,10.2026,34343
0.163714,9.79749,34344
0.239875,10.198,34345
0.190466,9.80536,34346
0.228034,10.1915,34347
0.18269,9.80705,34348
0.216483,10.1965,34349
0.187778,9.79768,34350
0.245987,10.2047,34351
0.192994,9.79797,34352
0.225987,10.2015,34353
0.164866,9.80984,34354
0.475142,9.98027,34355
0.188579,10.0131,34356
0.222018,10.2212,34357
0.18205,9.77854,34358
0.235811,10.201,34359
0.165026,9.79685,34360
0.219554,10.1884,34361
0.185154,9.80789,34362
0.232162,10.1989,34363
0.163106,9.79857,34364
0.234338,10.2044,34365
0.179554,9.81326,34366
0.241123,10.2009,34367
0.166754,9.78184,34368
0.217922,10.202,34369
0.17469,9.81285,34370
0.217987,10.2294,34371
0.169762,9.75003,34372
0.236066,10.2167,34373
0.18333,9.78968,34374
0.230115,10.2609,34375
0.18733,9.74235,34376
0.204034,10.1894,34377
0.190338,9.80878,34378
0.232579,10.213,34379
0.183522,9.79729,34380
0.24557,10.196,34381
0.178434,9.80123,34382
0.222979,10.1982,34383
0.181378,9.79323,34384
0.204226,10.1885,34385
0.187458,9.81726,34386
0.238019,10.2003,34387
0.18605,9.79649,34388
0.23357,10.204,34389
0.183874,9.79297,34390
0.231267,10.2001,34391
0.16957,9.7988,34392
0.229954,10.1971,34393
0.164354,9.8028,34394
0.217474,10.2102,34395
0.169602,9.79092,34396
0.24157,10.2276,34397
0.185923,9.77534,34398
0.230211,10.2067,34399
0.162914,9.80465,34400
0.213346,10.1827,34401
0.186562,9.80757,34402
0.221891,10.204,34403
0.187874,9.7892,34404
0.231523,10.2334,34405
0.179394,9.76961,34406
0.227298,10.2158,34407
0.186082,9.79217,34408
0.237378,10.2262,34409
0.186242,9.76644,34410
0.241891,10.2069,34411
0.173922,9.80625,34412
0.23229,10.1857,34413
0.16973,9.79953,34414
0.225859,10.205,34415
0.195746,9.80657,34416
0.231331,10.192,34417
0.178466,9.79899,34418
0.240802,10.2037,34419
0.188386,9.80001,34420
0.233091,10.2026,34421
0.170466,9.80021,34422
0.222146,10.243,34423
0.182242,9.75953,34424
0.20381,10.1817,34425
0.18333,9.80884,34426
0.223683,10.1998,34427
0.170498,9.79435,34428
0.216514,10.1993,34429
0.175906,9.80203,34430
0.209475,10.1882,34431
0.18989,9.82184,34432
0.245891,10.2037,34433
0.170978,9.79224,34434
0.234915,10.1974,34435
0.179458,9.79937,34436
0.249635,10.235,34437
0.176386,9.76827,34438
0.236771,10.2089,34439
0.182434,9.79284,34440
0.233955,10.2038,34441
0.174082,9.81022,34442
0.224802,10.1992,34443
0.174242,9.78942,34444
0.222946,10.225,34445
0.187586,9.76628,34446
0.233187,10.2066,34447
0.177986,9.79937,34448
0.243202,10.2009,34449
0.18397,9.79678,34450
0.234083,10.2072,34451
0.187043,9.80366,34452
0.225219,10.1965,34453
0.181346,9.80814,34454
0.24637,10.1978,34455
0.169154,9.78216,34456
0.228803,10.2149,34457
0.189282,9.7907,34458
0.210818,10.1911,34459
0.185026,9.81307,34460
0.235938,10.2007,34461
0.18765,9.79092,34462
0.246243,10.2088,34463
0.184482,9.80059,34464
0.210018,10.1928,34465
0.176642,9.81716,34466
0.21357,10.2032,34467
0.189218,9.7892,34468
0.224675,10.1993,34469
0.184866,9.79009,34470
0.239107,10.2076,34471
0.180642,9.79461,34472
0.233794,10.2101,34473
0.186082,9.7924,34474
0.240003,10.2066,34475
0.181987,9.80565,34476
0.235523,10.1933,34477
0.170786,9.78837,34478
0.215939,10.2657,34479
0.164162,9.73937,34480
0.205027,10.2092,34481
0.18125,9.794,34482
0.229922,10.1957,34483
0.174498,9.8052,34484
0.213091,10.1841,34485
0.167682,9.80766,34486
0.210306,10.2325,34487
0.192546,9.77339,34488
0.235587,10.2047,34489
0.175426,9.79201,34490
0.229155,10.195,34491
0.185538,9.80715,34492
0.228226,10.245,34493
0.188418,9.75825,34494
0.222114,10.1857,34495
0.19149,9.80638,34496
0.19805,10.1906,34497
0.168098,9.80577,34498
0.222274,10.1987,34499
0.179362,9.81579,34500
0.240163,10.196,34501
0.170306,9.80005,34502
0.219618,10.1972,34503
0.171905,9.80257,34504
0.219203,10.1901,34505
0.192386,9.81233,34506
0.223971,10.2143,34507
0.178082,9.78129,34508
0.22493,10.1951,34509
0.173122,9.80072,34510
0.238243,10.1993,34511
0.190434,9.80325,34512
0.22525,10.2126,34513
0.170498,9.78977,34514
0.242435,10.2064,34515
0.163938,9.7924,34516
0.194114,10.1864,34517
0.172898,9.80891,34518
0.220707,10.2013,34519
0.173602,9.79934,34520
0.216995,10.2277,34521
0.178434,9.78341,34522
0.233763,10.2215,34523
0.185858,9.76462,34524
0.223427,10.204,34525
0.18349,9.79854,34526
0.210978,10.2056,34527
0.159874,9.79764,34528
0.221539,10.1979,34529
0.18477,9.80081,34530
0.22717,10.1961,34531
0.179746,9.806,34532
0.223778,10.2006,34533
0.167554,9.79176,34534
0.212322,10.207,34535
0.172546,9.8018,34536
0.211266,10.2181,34537
0.165538,9.7826,34538
0.234275,10.2018,34539
0.166242,9.78881,34540
0.198178,10.1876,34541
0.175394,9.82235,34542
0.234978,10.2124,34543
0.187426,9.78638,34544
0.204194,10.1835,34545
0.17341,9.82206,34546
0.203235,10.1901,34547
0.170018,9.80472,34548
0.207811,10.2092,34549
0.18317,9.78708,34550
0.23165,10.2081,34551
0.158274,9.79348,34552
0.225219,10.2049,34553
0.164514,9.79956,34554
0.233026,10.1853,34555
0.179202,9.81828,34556
0.206498,10.1742,34557
0.172706,9.82395,34558
0.210435,10.2159,34559
0.186402,9.78209,34560
0.184194,10.1932,34561
0.18605,9.8052,34562
0.21485,10.1976,34563
0.170081,9.78776,34564
0.22061,10.2131,34565
0.158946,9.79992,34566
0.224867,10.192,34567
0.158978,9.81054,34568
0.189922,10.1913,34569
0.18349,9.80052,34570
0.228035,10.2028,34571
0.188034,9.8036,34572
0.224323,10.2276,34573
0.16749,9.76603,34574
0.230403,10.1935,34575
0.184322,9.81461,34576
0.194818,10.1906,34577
0.171105,9.79973,34578
0.21373,10.2332,34579
0.181474,9.78689,34580
0.228739,10.184,34581
0.183106,9.80376,34582
0.237986,10.1973,34583
0.163266,9.80222,34584
0.229794,10.2291,34585
0.186722,9.76158,34586
0.211458,10.1976,34587
0.179682,9.81438,34588
0.223138,10.1976,34589
0.180546,9.80529,34590
0.209986,10.1839,34591
0.185442,9.80673,34592
0.219842,10.2085,34593
0.182402,9.80779,34594
0.220674,10.2332,34595
0.17949,9.75518,34596
0.245347,10.2269,34597
0.17693,9.77681,34598
0.235011,10.2005,34599
0.177186,9.78961,34600
0.221379,10.2047,34601
0.187426,9.80417,34602
0.209507,10.2227,34603
0.188098,9.77768,34604
0.210915,10.1845,34605
0.18157,9.80539,34606
0.195394,10.2115,34607
0.172034,9.78379,34608
0.218435,10.2063,34609
0.186402,9.81768,34610
0.226627,10.2363,34611
0.17037,9.74968,34612
0.23037,10.2276,34613
0.173794,9.76846,34614
0.207266,10.1858,34615
0.179746,9.83115,34616
0.237826,10.2006,34617
0.16877,9.78353,34618
0.23629,10.2063,34619
0.185986,9.80878,34620
0.235331,10.1855,34621
0.192098,9.81592,34622
0.235714,10.1882,34623
0.160769,9.78827,34624
0.236867,10.2168,34625
0.189603,9.80459,34626
0.246339,10.1963,34627
0.187106,9.79339,34628
0.250883,10.2013,34629
0.165506,9.79176,34630
0.205026,10.1894,34631
0.187138,9.8236,34632
0.450437,9.97531,34633
0.176066,10.0216,34634
0.218242,10.1989,34635
0.167266,9.80702,34636
0.18189,10.1846,34637
0.18125,9.81598,34638
0.226914,10.2179,34639
0.193954,9.77473,34640
0.244482,10.2301,34641
0.17677,9.77012,34642
0.258563,10.2021,34643
0.165665,9.7852,34644
0.244611,10.2354,34645
0.17597,9.77956,34646
0.242435,10.2328,34647
0.184418,9.77409,34648
0.220771,10.2123,34649
0.187298,9.77454,34650
0.22253,10.2029,34651
0.167809,9.79147,34652
0.21533,10.2145,34653
0.165538,9.78638,34654
0.21277,10.252,34655
0.18173,9.75073,34656
0.218594,10.2007,34657
0.187618,9.80628,34658
0.215939,10.1856,34659
0.187874,9.82187,34660
0.260355,10.2521,34661
0.181634,9.73604,34662
0.172865,10.1163,34663
0.18205,9.88254,34664
0.203106,10.1883,34665
0.18957,9.81876,34666
0.199554,10.1808,34667
0.184995,9.81803,34668
0.19293,10.2026,34669
0.188162,9.80152,34670
0.19789,10.178,34671
0.186466,9.82581,34672
0.170082,10.1748,34673
0.191202,9.8171,34674
0.22477,10.2186,34675
0.180418,9.78827,34676
0.187458,10.188,34677
0.16445,9.79185,34678
0.221347,10.2261,34679
0.168194,9.78516,34680
0.230723,10.221,34681
0.176802,9.77188,34682
0.222242,10.2375,34683
0.16109,9.75857,34684
0.236355,10.2282,34685
0.175842,9.78078,34686
0.196866,10.1936,34687
0.183586,9.81915,34688
0.223074,10.2079,34689
0.169922,9.77137,34690
0.207043,10.2202,34691
0.181602,9.79668,34692
0.233602,10.1888,34693
0.167938,9.79908,34694
0.228226,10.1957,34695
0.187395,9.80606,34696
0.214914,10.2208,34697
0.179458,9.77521,34698
0.243746,10.2016,34699
0.175682,9.8043,34700
0.219459,10.2138,34701
0.180738,9.78321,34702
0.228387,10.1948,34703
0.164866,9.80756,34704
0.224706,10.1904,34705
0.172386,9.80772,34706
0.210338,10.2255,34707
0.16861,9.77908,34708
0.221538,10.208,34709
0.172834,9.80289,34710
0.182882,10.1719,34711
0.177474,9.80872,34712
0.208226,10.2244,34713
0.16893,9.79169,34714
0.206114,10.1928,34715
0.186627,9.80196,34716
0.221699,10.1905,34717
0.178274,9.80145,34718
0.218018,10.2046,34719
0.197123,9.81128,34720
0.21293,10.1729,34721
0.19197,9.81854,34722
0.244227,10.1901,34723
0.174274,9.80907,34724
0.21485,10.2085,34725
0.186018,9.79947,34726
0.213218,10.2159,34727
0.161634,9.78228,34728
0.235106,10.1918,34729
0.187266,9.80142,34730
0.224131,10.2179,34731
0.168609,9.77924,34732
0.221922,10.2341,34733
0.16333,9.76097,34734
0.200034,10.1926,34735
0.185314,9.81636,34736
0.187234,10.1888,34737
0.17709,9.80078,34738
0.213603,10.1773,34739
0.192674,9.83172,34740
0.200418,10.1737,34741
0.166178,9.81383,34742
0.216099,10.2065,34743
0.197154,9.79694,34744
0.24669,10.2027,34745
0.165858,9.80635,34746
0.225571,10.2097,34747
0.181986,9.78782,34748
0.254083,10.2661,34749
0.165346,9.74273,34750
0.4145,9.97614,34751
0.178754,10.0232,34752
0.22637,10.2245,34753
0.18173,9.77073,34754
0.261443,10.1981,34755
0.164802,9.79531,34756
0.219651,10.2247,34757
0.17581,9.79185,34758
0.236482,10.1966,34759
0.188386,9.80376,34760
0.240963,10.186,34761
0.189922,9.81348,34762
0.232963,10.1878,34763
0.168514,9.79707,34764
0.22125,10.2065,34765
0.170146,9.79924,34766
0.234691,10.1987,34767
0.177922,9.78763,34768
0.22621,10.2041,34769
0.180706,9.80312,34770
0.215586,10.2678,34771
0.164258,9.72702,34772
0.201698,10.1923,34773
0.186146,9.81208,34774
0.224962,10.2039,34775
0.18445,9.8058,34776
0.18957,10.19,34777
0.199202,9.81675,34778
0.241666,10.195,34779
0.171778,9.78254,34780
0.222434,10.1926,34781
0.185954,9.81342,34782
0.227267,10.2042,34783
0.169794,9.79118,34784
0.221538,10.1968,34785
0.178338,9.8123,34786
0.217603,10.2036,34787
0.194658,9.7931,34788
0.24397,10.2007,34789
0.179522,9.80225,34790
0.21645,10.196,34791
0.182082,9.80292,34792
0.208898,10.1806,34793
0.180098,9.81889,34794
0.210562,10.2026,34795
0.182946,9.79291,34796
0.244866,10.2008,34797
0.183874,9.80004,34798
0.231299,10.2015,34799
0.176834,9.81668,34800
0.224642,10.2164,34801
0.182498,9.77137,34802
0.226402,10.1817,34803
0.183842,9.81959,34804
0.226914,10.1863,34805
0.188002,9.81163,34806
0.214307,10.2029,34807
0.191139,9.80612,34808
0.246402,10.1805,34809
0.167106,9.81787,34810
0.232803,10.1979,34811
0.180418,9.79758,34812
0.227075,10.1911,34813
0.156898,9.7986,34814
0.229122,10.2247,34815
0.158178,9.77479,34816
0.232866,10.2056,34817
0.174626,9.7986,34818
0.246499,10.2148,34819
0.19117,9.79985,34820
0.231203,10.1793,34821
0.183426,9.80875,34822
0.227266,10.1939,34823
0.165826,9.80366,34824
0.220707,10.1976,34825
0.184386,9.80206,34826
0.228834,10.2317,34827
0.193443,9.76961,34828
0.212994,10.1866,34829
0.174594,9.80846,34830
0.21149,10.1941,34831
0.183042,9.80871,34832
0.221891,10.2046,34833
0.180962,9.79707,34834
0.223522,10.1959,34835
0.169441,9.80222,34836
0.229027,10.2275,34837
0.185986,9.77256,34838
0.230658,10.2378,34839
0.18573,9.76107,34840
0.228994,10.2108,34841
0.188002,9.80603,34842
0.227746,10.176,34843
0.183394,9.81447,34844
0.215139,10.2032,34845
0.170402,9.78622,34846
0.223106,10.2184,34847
0.170082,9.78647,34848
0.234274,10.2056,34849
0.171874,9.79307,34850
0.231587,10.2097,34851
0.166658,9.79604,34852
0.235042,10.2043,34853
0.189571,9.79515,34854
0.23213,10.1964,34855
0.173986,9.80286,34856
0.236386,10.2527,34857
0.180258,9.7403,34858
0.210467,10.1936,34859
0.197922,9.80391,34860
0.256194,10.2057,34861
0.158753,9.79982,34862
0.210562,10.1992,34863
0.189186,9.80065,34864
0.205026,10.1829,34865
0.159138,9.81864,34866
0.189891,10.1891,34867
0.171297,9.80814,34868
0.231906,10.1952,34869
0.17373,9.8131,34870
0.221443,10.1926,34871
0.181186,9.79924,34872
0.240834,10.2274,34873
0.176194,9.76919,34874
0.230946,10.2003,34875
0.175778,9.8107,34876
0.215715,10.195,34877
0.183906,9.79595,34878
0.218179,10.1942,34879
0.189506,9.82286,34880
0.20077,10.199,34881
0.172354,9.79211,34882
0.230275,10.1958,34883
0.17485,9.79739,34884
0.211458,10.2498,34885
0.183394,9.74635,34886
0.210466,10.1838,34887
0.170338,9.81387,34888
0.432004,9.99608,34889
0.171202,10.0036,34890
0.226435,10.2138,34891
0.176002,9.80296,34892
0.227746,10.2062,34893
0.155522,9.78094,34894
0.227299,10.2369,34895
0.190978,9.77678,34896
0.211298,10.2072,34897
0.189602,9.78436,34898
0.227971,10.1941,34899
0.182786,9.81022,34900
0.229731,10.1843,34901
0.172098,9.80814,34902
0.221922,10.234,34903
0.18717,9.76715,34904
0.202114,10.2131,34905
0.191138,9.79527,34906
0.242883,10.1919,34907
0.160866,9.79684,34908
0.212034,10.2257,34909
0.163138,9.77831,34910
0.229859,10.2533,34911
0.165538,9.74459,34912
0.237506,10.1992,34913
0.182722,9.8099,34914
0.233923,10.1984,34915
0.166338,9.79108,34916
0.248227,10.2114,34917
0.189922,9.79998,34918
0.245059,10.1914,34919
0.169538,9.80718,34920
0.242307,10.2238,34921
0.183906,9.78228,34922
0.214818,10.2061,34923
0.164834,9.78708,34924
0.211106,10.183,34925
0.176609,9.80823,34926
0.243906,10.2177,34927
0.173538,9.77873,34928
0.469477,9.99044,34929
0.188546,10.0264,34930
0.241219,10.2209,34931
0.167714,9.77307,34932
0.253603,10.2016,34933
0.182978,9.80161,34934
0.217218,10.2185,34935
0.181314,9.78465,34936
0.236354,10.2172,34937
0.174146,9.77063,34938
0.224482,10.2058,34939
0.180386,9.80343,34940
0.215106,10.1797,34941
0.205378,9.82814,34942
0.217058,10.1785,34943
0.177858,9.81051,34944
0.430533,9.98366,34945
0.175138,10.0031,34946
0.205506,10.2208,34947
0.179458,9.78343,34948
0.225794,10.2036,34949
0.183522,9.79921,34950
0.233507,10.2232,34951
0.169794,9.77367,34952
0.217059,10.2137,34953
0.178946,9.78727,34954
0.212675,10.1925,34955
0.174082,9.80846,34956
0.213186,10.2042,34957
0.174594,9.79182,34958
0.212898,10.217,34959
0.161794,9.78782,34960
0.223234,10.1828,34961
0.171554,9.82094,34962
0.206755,10.1896,34963
0.187874,9.80699,34964
0.20621,10.197,34965
0.168834,9.80401,34966
0.224835,10.2269,34967
0.171106,9.77723,34968
0.218275,10.222,34969
0.183234,9.77604,34970
0.228194,10.2481,34971
0.172642,9.75038,34972
0.485318,10.0907,34973
0.17101,9.9235,34974
0.215586,10.1992,34975
0.184994,9.79316,34976
0.21341,10.1865,34977
0.17693,9.80497,34978
0.208195,10.2131,34979
0.169858,9.79694,34980
0.213571,10.1847,34981
0.176418,9.8147,34982
0.210498,10.1894,34983
0.181794,9.80881,34984
0.22045,10.1819,34985
0.18221,9.81105,34986
0.253571,10.1943,34987
0.18589,9.80673,34988
0.480485,10.0711,34989
0.172194,9.92404,34990
0.213858,10.202,34991
0.184898,9.80164,34992
0.229731,10.1803,34993
0.169601,9.8202,34994
0.223522,10.2085,34995
0.19389,9.8018,34996
0.243523,10.2013,34997
0.186754,9.79009,34998
0.229475,10.2045,34999
0.167554,9.79159,35000
0.23389,10.2545,35001
0.186242,9.75095,35002
0.221091,10.1871,35003
0.196867,9.81982,35004
0.217411,10.1823,35005
0.185602,9.81719,35006
0.224066,10.1874,35007
0.18061,9.80977,35008
0.212546,10.1796,35009
0.171714,9.8091,35010
0.447717,10.1395,35011
0.162082,9.87185,35012
0.240771,10.2033,35013
0.159522,9.79182,35014
0.209634,10.188,35015
0.19373,9.81953,35016
0.224418,10.2267,35017
0.177826,9.76097,35018
0.211874,10.2072,35019
0.166626,9.79492,35020
0.227298,10.219,35021
0.175586,9.7882,35022
0.227523,10.2215,35023
0.181154,9.77355,35024
0.222082,10.1873,35025
0.172994,9.81694,35026
0.199842,10.1931,35027
0.168738,9.80199,35028
0.245315,10.2079,35029
0.17421,9.80388,35030
0.24205,10.2201,35031
0.19005,9.76676,35032
0.230626,10.1987,35033
0.179682,9.79406,35034
0.237474,10.2181,35035
0.179266,9.79374,35036
0.253891,10.2196,35037
0.17261,9.78491,35038
0.226978,10.1706,35039
0.184706,9.83127,35040
0.217507,10.1951,35041
0.179874,9.80331,35042
0.234146,10.2157,35043
0.168354,9.7723,35044
0.211875,10.1945,35045
0.167906,9.80635,35046
0.200418,10.1999,35047
0.188963,9.80011,35048
0.240482,10.2078,35049
0.18909,9.79483,35050
0.220162,10.2051,35051
0.190914,9.81105,35052
0.151105,9.97108,35053
0.163586,10.0082,35054
0.239459,10.2166,35055
0.185154,9.78923,35056
0.215395,10.1882,35057
0.180642,9.81876,35058
0.213698,10.2178,35059
0.183938,9.78023,35060
0.160642,9.98968,35061
0.179714,10.0098,35062
0.222946,10.2227,35063
0.165793,9.77236,35064
0.251331,10.2323,35065
0.170754,9.7811,35066
0.255523,10.2522,35067
0.180802,9.75022,35068
0.186722,10.1861,35069
0.192802,9.81543,35070
0.207779,10.1759,35071
0.17053,9.81959,35072
0.190914,10.1777,35073
0.192194,9.80529,35074
0.234626,10.2151,35075
0.193698,9.7883,35076
0.193122,10.1987,35077
0.168642,9.80622,35078
0.223331,10.2236,35079
0.172482,9.77086,35080
0.238051,10.2323,35081
0.186818,9.76574,35082
0.212482,10.2654,35083
0.167746,9.73419,35084
0.223587,10.2036,35085
0.168226,9.79134,35086
0.233282,10.2334,35087
0.170882,9.76811,35088
0.230498,10.2127,35089
0.177282,9.79054,35090
0.212994,10.2131,35091
0.189762,9.78855,35092
0.244546,10.1987,35093
0.174146,9.80321,35094
0.20477,10.186,35095
0.176706,9.81306,35096
0.247139,10.232,35097
0.168546,9.76391,35098
0.201442,10.1897,35099
0.186466,9.81783,35100
0.21037,10.2025,35101
0.172482,9.79326,35102
0.221795,10.2281,35103
0.184866,9.78011,35104
0.21773,10.1836,35105
0.177634,9.82734,35106
0.243683,10.1978,35107
0.182242,9.78535,35108
0.217603,10.1903,35109
0.187682,9.81601,35110
0.21805,10.2122,35111
0.175938,9.77623,35112
0.242851,10.1991,35113
0.187874,9.80609,35114
0.206019,10.1816,35115
0.16701,9.81332,35116
0.204546,10.2037,35117
0.170018,9.80378,35118
0.206306,10.209,35119
0.167554,9.78958,35120
0.214274,10.1792,35121
0.177698,9.82142,35122
0.206242,10.1877,35123
0.164034,9.80346,35124
0.203106,10.1984,35125
0.16861,9.80369,35126
0.206658,10.2046,35127
0.203011,9.80164,35128
0.21613,10.1973,35129
0.169026,9.79879,35130
0.221763,10.2159,35131
0.182785,9.78788,35132
0.222723,10.1949,35133
0.182753,9.79975,35134
0.220323,10.1994,35135
0.158337,9.80308,35136
0.219426,10.2258,35137
0.18237,9.77998,35138
0.206626,10.1812,35139
0.182114,9.82071,35140
0.219203,10.197,35141
0.179682,9.79252,35142
0.50135,9.98884,35143
0.17501,10.0047,35144
0.213218,10.2053,35145
0.177442,9.7986,35146
0.212418,10.2329,35147
0.167746,9.77374,35148
0.212258,10.1904,35149
0.187394,9.82558,35150
0.227714,10.1941,35151
0.163682,9.78487,35152
0.206562,10.2007,35153
0.17869,9.79803,35154
0.206818,10.1969,35155
0.180834,9.80289,35156
0.221058,10.2207,35157
0.174242,9.78814,35158
0.205026,10.2171,35159
0.169762,9.78443,35160
0.203426,10.1888,35161
0.172642,9.80609,35162
0.175042,10.1977,35163
0.19293,9.80583,35164
0.225218,10.1839,35165
0.174369,9.81153,35166
0.183682,10.2973,35167
0.190434,9.71246,35168
0.224963,10.1908,35169
0.175106,9.79947,35170
0.223394,10.222,35171
0.19277,9.78292,35172
0.227811,10.2642,35173
0.160898,9.74807,35174
0.221379,10.1799,35175
0.17965,9.80123,35176
0.234274,10.2163,35177
0.183202,9.78987,35178
0.233218,10.2143,35179
0.172642,9.78423,35180
0.216546,10.2155,35181
0.191394,9.7858,35182
0.223714,10.1882,35183
0.18973,9.80711,35184
0.217986,10.1922,35185
0.17405,9.80366,35186
0.162562,9.997,35187
0.176034,10.0079,35188
0.191906,10.1836,35189
0.17405,9.81233,35190
0.234435,10.2044,35191
0.163714,9.81556,35192
0.210818,10.169,35193
0.189762,9.81799,35194
0.204482,10.2095,35195
0.16189,9.79227,35196
0.242691,10.2003,35197
0.189602,9.80161,35198
0.225602,10.1821,35199
0.191586,9.8202,35200
0.231938,10.1784,35201
0.187234,9.81985,35202
0.207746,10.1919,35203
0.188482,9.80574,35204
0.21997,10.1952,35205
0.16237,9.80078,35206
0.225794,10.2103,35207
0.185602,9.79255,35208
0.20301,10.1912,35209
0.176258,9.80954,35210
0.233027,10.2333,35211
0.19101,9.76299,35212
0.228802,10.2095,35213
0.173506,9.79319,35214
0.234018,10.1957,35215
0.19933,9.80865,35216
0.241827,10.2212,35217
0.16909,9.77156,35218
0.198914,10.1822,35219
0.185858,9.83243,35220
0.198722,10.1728,35221
0.174338,9.82107,35222
0.231778,10.1914,35223
0.178818,9.81531,35224
0.208322,10.1918,35225
0.176642,9.79562,35226
0.209122,10.1806,35227
0.167681,9.81607,35228
0.197442,10.2113,35229
0.174242,9.8035,35230
0.208386,10.1752,35231
0.18573,9.813,35232
0.227363,10.221,35233
0.191394,9.79531,35234
0.221539,10.2168,35235
0.171746,9.76612,35236
0.226818,10.2002,35237
0.182402,9.81201,35238
0.246434,10.1851,35239
0.198082,9.80625,35240
0.202626,10.2039,35241
0.175714,9.79098,35242
0.23597,10.2065,35243
0.187618,9.79729,35244
0.233666,10.2071,35245
0.187682,9.78945,35246
0.247394,10.2073,35247
0.187394,9.7889,35248
0.242562,10.2073,35249
0.175521,9.79914,35250
0.210178,10.2194,35251
0.18333,9.77991,35252
0.217922,10.2255,35253
0.171745,9.7755,35254
0.213474,10.205,35255
0.170049,9.79479,35256
0.228546,10.1902,35257
0.159521,9.82369,35258
0.219907,10.2436,35259
0.18269,9.7443,35260
0.191618,10.2162,35261
0.190178,9.78263,35262
0.184482,10.1952,35263
0.174434,9.79751,35264
0.210915,10.1835,35265
0.182018,9.81886,35266
0.167553,10.1996,35267
0.177025,9.80487,35268
0.199779,10.1807,35269
0.172994,9.81751,35270
0.226082,10.2057,35271
0.175233,9.79969,35272
0.230274,10.1998,35273
0.188162,9.79492,35274
0.226914,10.2197,35275
0.175842,9.7793,35276
0.222114,10.2377,35277
0.17581,9.75761,35278
0.209091,10.1832,35279
0.162306,9.82862,35280
0.201698,10.2107,35281
0.169666,9.78974,35282
0.207907,10.1733,35283
0.178305,9.83329,35284
0.218946,10.2145,35285
0.170946,9.77066,35286
0.21613,10.211,35287
0.167298,9.79822,35288
0.223139,10.177,35289
0.168738,9.81633,35290
0.209315,10.1901,35291
0.168482,9.82327,35292
0.194306,10.1687,35293
0.17917,9.82161,35294
0.235842,10.2137,35295
0.184802,9.78574,35296
0.249507,10.2001,35297
0.194658,9.79102,35298
0.229123,10.2186,35299
0.189218,9.78926,35300
0.216482,10.2454,35301
0.187714,9.74724,35302
0.239554,10.1963,35303
0.16173,9.81191,35304
0.226947,10.2197,35305
0.175234,9.79002,35306
0.205826,10.1694,35307
0.17261,9.8171,35308
0.22813,10.2306,35309
0.185858,9.76798,35310
0.238914,10.2015,35311
0.186434,9.80804,35312
0.237442,10.2084,35313
0.19837,9.7841,35314
0.226883,10.2619,35315
0.19181,9.73422,35316
0.43114,10.1539,35317
0.17869,9.86139,35318
0.262691,10.2062,35319
0.191266,9.78116,35320
0.235171,10.2028,35321
0.182338,9.79335,35322
0.233315,10.2257,35323
0.197378,9.78468,35324
0.243075,10.1911,35325
0.174978,9.81191,35326
0.217474,10.1881,35327
0.185442,9.80478,35328
0.243394,10.1981,35329
0.184322,9.80282,35330
0.24237,10.1987,35331
0.17549,9.80222,35332
0.225058,10.2242,35333
0.192706,9.77303,35334
0.229122,10.1974,35335
0.167074,9.79857,35336
0.15181,9.99271,35337
0.191042,10.0156,35338
0.205026,10.1824,35339
0.172322,9.81476,35340
0.239874,10.2164,35341
0.168833,9.7763,35342
0.226211,10.2094,35343
0.17565,9.80369,35344
0.218242,10.1887,35345
0.18557,9.80762,35346
0.234467,10.1956,35347
0.167521,9.81255,35348
0.480261,10.1031,35349
0.169634,9.88302,35350
0.196866,10.1868,35351
0.184002,9.82362,35352
0.17309,10.0172,35353
0.195618,9.97457,35354
0.187138,10.2492,35355
0.184866,9.75223,35356
0.216962,10.2185,35357
0.192066,9.79713,35358
0.222946,10.1949,35359
0.177602,9.78596,35360
0.22061,10.2038,35361
0.170754,9.80234,35362
0.213474,10.2094,35363
0.180066,9.7857,35364
0.239234,10.2205,35365
0.18221,9.77572,35366
0.18301,10.2074,35367
0.195874,9.79959,35368
0.234979,10.223,35369
0.175746,9.76593,35370
0.237283,10.2304,35371
0.185762,9.7802,35372
0.216354,10.2099,35373
0.184642,9.79294,35374
0.234338,10.1837,35375
0.167266,9.80942,35376
0.24733,10.1999,35377
0.174242,9.8009,35378
0.224386,10.1963,35379
0.15981,9.80308,35380
0.218275,10.1822,35381
0.182018,9.82055,35382
0.231491,10.1946,35383
0.163106,9.80922,35384
0.253155,10.1911,35385
0.170274,9.8009,35386
0.239362,10.214,35387
0.179938,9.78391,35388
0.22765,10.2317,35389
0.193954,9.7761,35390
0.252483,10.1976,35391
0.191234,9.79895,35392
0.228226,10.1948,35393
0.179778,9.80842,35394
0.250787,10.1967,35395
0.174754,9.80033,35396
0.241794,10.1987,35397
0.184226,9.80503,35398
0.241922,10.1919,35399
0.183554,9.81271,35400
0.222691,10.1845,35401
0.183458,9.81214,35402
0.239523,10.1939,35403
0.164194,9.79978,35404
0.22445,10.1992,35405
0.169538,9.79658,35406
0.216131,10.2352,35407
0.175554,9.7731,35408
0.219522,10.1874,35409
0.168449,9.81294,35410
0.221922,10.2293,35411
0.189506,9.77047,35412
0.213538,10.2156,35413
0.168482,9.77537,35414
0.452741,9.99303,35415
0.16477,10.0252,35416
0.218659,10.1933,35417
0.172354,9.78839,35418
0.223394,10.1953,35419
0.185346,9.80724,35420
0.201346,10.1943,35421
0.17965,9.81879,35422
0.208066,10.2054,35423
0.180194,9.78218,35424
0.225795,10.2014,35425
0.162498,9.80081,35426
0.221314,10.2171,35427
0.165314,9.7762,35428
0.240739,10.2157,35429
0.187682,9.80158,35430
0.226755,10.2167,35431
0.179842,9.76801,35432
0.204546,10.1956,35433
0.167137,9.80391,35434
0.219714,10.1935,35435
0.162978,9.80401,35436
0.508358,10.0961,35437
0.183202,9.90769,35438
0.216899,10.2013,35439
0.17901,9.80657,35440
0.258563,10.2732,35441
0.15885,9.72189,35442
0.219874,10.1943,35443
0.18013,9.80218,35444
0.231747,10.2236,35445
0.186018,9.78001,35446
0.24397,10.2134,35447
0.187906,9.78692,35448
0.18285,10.2082,35449
0.166818,9.78484,35450
0.223043,10.2019,35451
0.194882,9.80769,35452
0.193186,10.19,35453
0.178274,9.80804,35454
0.210082,10.1904,35455
0.186882,9.80919,35456
0.221506,10.1877,35457
0.191906,9.81066,35458
0.251906,10.2822,35459
0.187074,9.72148,35460
0.246467,10.2286,35461
0.189154,9.77495,35462
0.22621,10.2177,35463
0.173378,9.76974,35464
0.218915,10.208,35465
0.160098,9.79758,35466
0.226243,10.2042,35467
0.172802,9.80215,35468
0.226979,10.2201,35469
0.166434,9.7707,35470
0.234754,10.2052,35471
0.170593,9.79777,35472
0.210691,10.1743,35473
0.181697,9.83585,35474
0.218818,10.1997,35475
0.18909,9.79793,35476
0.191266,10.1943,35477
0.189186,9.80964,35478
0.222307,10.1936,35479
0.16717,9.79159,35480
0.225378,10.2091,35481
0.174082,9.78999,35482
0.220931,10.2491,35483
0.189026,9.75668,35484
0.219906,10.2372,35485
0.193666,9.76983,35486
0.227522,10.1931,35487
0.195042,9.80919,35488
0.232931,10.1727,35489
0.19341,9.8265,35490
0.219042,10.2359,35491
0.183137,9.75623,35492
0.241922,10.2766,35493
0.160706,9.71828,35494
0.218434,10.2056,35495
0.167522,9.80449,35496
0.234851,10.1863,35497
0.172738,9.81089,35498
0.22477,10.2156,35499
0.166273,9.78017,35500
0.205218,10.1991,35501
0.172546,9.80157,35502
0.24349,10.1983,35503
0.159714,9.80878,35504
0.249986,10.1975,35505
0.176482,9.80673,35506
0.213187,10.185,35507
0.190146,9.8225,35508
0.238403,10.185,35509
0.171521,9.80711,35510
0.240099,10.2063,35511
0.180354,9.78465,35512
0.225666,10.193,35513
0.17101,9.82068,35514
0.220546,10.1864,35515
0.17005,9.80375,35516
0.205314,10.2188,35517
0.178338,9.78702,35518
0.20221,10.204,35519
0.16621,9.78362,35520
0.185953,10.1756,35521
0.177058,9.84398,35522
0.218242,10.175,35523
0.161058,9.80647,35524
0.22893,10.2276,35525
0.201026,9.78106,35526
0.233667,10.1961,35527
0.178785,9.81351,35528
0.201538,10.169,35529
0.167074,9.80698,35530
0.204579,10.1848,35531
0.166114,9.82612,35532
0.228739,10.198,35533
0.168066,9.80391,35534
0.224034,10.2328,35535
0.187297,9.76381,35536
0.19325,10.1709,35537
0.19133,9.83057,35538
0.230562,10.2229,35539
0.17453,9.77102,35540
0.227874,10.2041,35541
0.184482,9.79204,35542
0.20141,10.1946,35543
0.165281,9.81418,35544
0.25293,10.2458,35545
0.169986,9.75492,35546
0.17469,10.1888,35547
0.162114,9.82295,35548
0.419109,10.1568,35549
0.184706,9.83607,35550
0.207266,10.1812,35551
0.189986,9.81463,35552
0.194402,10.1799,35553
0.192291,9.82398,35554
0.214978,10.2074,35555
0.176002,9.79313,35556
0.203266,10.2136,35557
0.175106,9.78228,35558
0.201891,10.1946,35559
0.168194,9.81431,35560
0.233314,10.2503,35561
0.15821,9.73492,35562
0.245539,10.237,35563
0.18573,9.76126,35564
0.192674,10.5913,35565
0.166914,9.41639,35566
0.435109,9.98583,35567
0.179522,10.0079,35568
0.212674,10.1778,35569
0.168737,9.82529,35570
0.228802,10.2582,35571
0.168738,9.73828,35572
0.253186,10.2006,35573
0.175042,9.79953,35574
0.231875,10.182,35575
0.176898,9.81847,35576
0.233091,10.2042,35577
0.177858,9.81111,35578
0.201538,10.1698,35579
0.17597,9.81905,35580
0.19981,10.1832,35581
0.182786,9.82148,35582
0.167266,9.98455,35583
0.179682,10.0169,35584
0.198562,10.196,35585
0.191298,9.79649,35586
0.207906,10.2075,35587
0.171362,9.789,35588
0.232547,10.2362,35589
0.167874,9.77114,35590
0.206978,10.1845,35591
0.168065,9.81546,35592
0.250562,10.2166,35593
0.191202,9.77837,35594
0.223587,10.2105,35595
0.184194,9.78823,35596
0.220515,10.2328,35597
0.177186,9.7681,35598
0.228834,10.2003,35599
0.16509,9.79937,35600
0.233155,10.2022,35601
0.20141,9.80929,35602
0.225058,10.1913,35603
0.173474,9.80321,35604
0.222722,10.1939,35605
0.175297,9.81665,35606
0.211651,10.1847,35607
0.155906,9.79495,35608
0.214786,10.1927,35609
0.18573,9.81665,35610
0.243778,10.1985,35611
0.176321,9.79969,35612
0.234626,10.2083,35613
0.166018,9.79444,35614
0.228866,10.2275,35615
0.183394,9.76596,35616
0.150817,9.9898,35617
0.190882,10.0122,35618
0.222818,10.2287,35619
0.172002,9.77533,35620
0.216866,10.1807,35621
0.195138,9.82426,35622
0.232706,10.1928,35623
0.190146,9.81453,35624
0.224259,10.2489,35625
0.187778,9.73178,35626
0.220098,10.2086,35627
0.189346,9.80295,35628
0.241443,10.2028,35629
0.164322,9.80033,35630
0.211458,10.2056,35631
0.184418,9.79009,35632
0.23053,10.2257,35633
0.181634,9.76605,35634
0.215587,10.2119,35635
0.158402,9.78577,35636
0.232578,10.1963,35637
0.178114,9.81031,35638
0.509446,10.0704,35639
0.172482,9.92388,35640
0.208322,10.2203,35641
0.17485,9.78887,35642
0.235203,10.1915,35643
0.168866,9.81434,35644
0.204706,10.1925,35645
0.177985,9.79719,35646
0.214019,10.1852,35647
0.166786,9.81729,35648
0.241283,10.1982,35649
0.18205,9.80017,35650
0.221603,10.2557,35651
0.186114,9.7394,35652
0.191586,10.194,35653
0.17485,9.80861,35654
0.225987,10.1914,35655
0.176706,9.81668,35656
0.225858,10.1923,35657
0.17821,9.79857,35658
0.238146,10.2311,35659
0.181026,9.77498,35660
0.231331,10.1921,35661
0.180162,9.81575,35662
0.222403,10.2072,35663
0.167426,9.77652,35664
0.222754,10.2022,35665
0.175137,9.80631,35666
0.248611,10.2681,35667
0.18461,9.72797,35668
0.240643,10.2013,35669
0.174338,9.79639,35670
0.23341,10.2016,35671
0.188034,9.80058,35672
0.219266,10.1942,35673
0.186178,9.7994,35674
0.242787,10.2197,35675
0.189506,9.79108,35676
0.215746,10.2674,35677
0.17565,9.7257,35678
0.216098,10.2284,35679
0.185345,9.78045,35680
0.205346,10.2024,35681
0.186338,9.78567,35682
0.231427,10.2218,35683
0.181026,9.78922,35684
0.224642,10.2147,35685
0.17341,9.77117,35686
0.224962,10.231,35687
0.172738,9.77652,35688
0.245027,10.1987,35689
0.173058,9.79425,35690
0.195074,10.1768,35691
0.17277,9.82913,35692
0.216482,10.2104,35693
0.163041,9.78388,35694
0.452581,9.99066,35695
0.185346,10.0138,35696
0.20509,10.2124,35697
0.187266,9.79569,35698
0.262595,10.2657,35699
0.182338,9.73079,35700
0.219618,10.185,35701
0.168706,9.82522,35702
0.228162,10.2221,35703
0.173698,9.76445,35704
0.219587,10.2035,35705
0.164929,9.80916,35706
0.202882,10.1735,35707
0.176994,9.81393,35708
0.242082,10.1991,35709
0.163298,9.80397,35710
0.219107,10.2033,35711
0.180097,9.79329,35712
0.463141,10.0926,35713
0.172322,9.90215,35714
0.512294,10.171,35715
0.183202,9.83479,35716
0.201858,10.2415,35717
0.17821,9.76519,35718
0.216258,10.1784,35719
0.191362,9.82141,35720
0.214307,10.1809,35721
0.185122,9.81914,35722
0.227011,10.2213,35723
0.187106,9.78625,35724
0.229602,10.2055,35725
0.16589,9.77799,35726
0.221314,10.2168,35727
0.177569,9.78305,35728
0.225698,10.1983,35729
0.186274,9.7994,35730
0.21197,10.199,35731
0.19309,9.81396,35732
0.226019,10.2037,35733
0.163809,9.80017,35734
0.23213,10.1804,35735
0.172514,9.8137,35736
0.209666,10.1944,35737
0.188802,9.79783,35738
0.233507,10.2045,35739
0.190018,9.79517,35740
0.20765,10.2136,35741
0.165954,9.78647,35742
0.223427,10.2018,35743
0.168129,9.80414,35744
0.209922,10.186,35745
0.172898,9.81511,35746
0.21757,10.1927,35747
0.16349,9.79962,35748
0.235139,10.2123,35749
0.187362,9.80673,35750
0.238434,10.2392,35751
0.164066,9.74743,35752
0.215426,10.1882,35753
0.177154,9.80759,35754
0.233667,10.2113,35755
0.179938,9.78951,35756
0.203106,10.1912,35757
0.184226,9.80852,35758
0.222754,10.2126,35759
0.187938,9.79652,35760
0.224674,10.2247,35761
0.18925,9.76829,35762
0.229826,10.2173,35763
0.16861,9.79626,35764
0.220835,10.1808,35765
0.170849,9.80116,35766
0.196322,10.1911,35767
0.162306,9.81009,35768
0.218242,10.2081,35769
0.176226,9.7962,35770
0.206147,10.2128,35771
0.171553,9.78839,35772
0.242978,10.1919,35773
0.18765,9.80765,35774
0.219714,10.2005,35775
0.193346,9.79687,35776
0.236546,10.2302,35777
0.182786,9.76685,35778
0.204067,10.1584,35779
0.180034,9.84529,35780
0.224642,10.2124,35781
0.174946,9.79217,35782
0.217795,10.2181,35783
0.184706,9.78324,35784
0.21197,10.2038,35785
0.170754,9.7922,35786
0.204802,10.2478,35787
0.16989,9.74372,35788
0.21885,10.1904,35789
0.17789,9.81981,35790
0.200194,10.202,35791
0.176513,9.80477,35792
0.215138,10.2103,35793
0.16301,9.77501,35794
0.216482,10.2254,35795
0.177217,9.7769,35796
0.221955,10.1984,35797
0.177442,9.80762,35798
0.456644,10.15,35799
0.175649,9.8385,35800
0.21885,10.2111,35801
0.173858,9.79767,35802
0.214979,10.2164,35803
0.178018,9.78545,35804
0.22013,10.2052,35805
0.170593,9.80535,35806
0.206882,10.1708,35807
0.18269,9.81716,35808
0.216546,10.2086,35809
0.180386,9.80157,35810
0.212163,10.1923,35811
0.175298,9.80301,35812
0.210498,10.179,35813
0.184962,9.81633,35814
0.221827,10.1882,35815
0.180418,9.82189,35816
0.213314,10.173,35817
0.189186,9.81543,35818
0.233058,10.1874,35819
0.152577,9.82237,35820
0.222179,10.1826,35821
0.174978,9.80196,35822
0.205378,10.2032,35823
0.165217,9.80644,35824
0.219843,10.1771,35825
0.180642,9.81373,35826
0.21949,10.2174,35827
0.160193,9.78801,35828
0.227587,10.1845,35829
0.172866,9.82487,35830
0.208546,10.1744,35831
0.169826,9.81607,35832
0.226146,10.1965,35833
0.176642,9.80423,35834
0.203682,10.1914,35835
0.181346,9.80631,35836
0.207842,10.186,35837
0.18989,9.81274,35838
0.217186,10.2191,35839
0.18365,9.7762,35840
0.225283,10.2307,35841
0.185378,9.77741,35842
0.203811,10.1891,35843
0.175074,9.81988,35844
0.21581,10.1912,35845
0.166337,9.78845,35846
0.201986,10.2331,35847
0.173282,9.76948,35848
0.213986,10.2039,35849
0.17149,9.79293,35850
0.214882,10.22,35851
0.183265,9.78737,35852
0.22637,10.2602,35853
0.176194,9.73873,35854
0.217506,10.2215,35855
0.164641,9.77687,35856
0.22477,10.207,35857
0.179682,9.79489,35858
0.230947,10.2061,35859
0.18781,9.80634,35860
0.233474,10.186,35861
0.173761,9.81905,35862
0.224739,10.1865,35863
0.170114,9.81178,35864
0.198562,10.1722,35865
0.185922,9.81066,35866
0.212642,10.1893,35867
0.185762,9.82285,35868
0.216226,10.2102,35869
0.168993,9.78353,35870
0.218435,10.1903,35871
0.17085,9.80186,35872
0.249635,10.2035,35873
0.171586,9.79521,35874
0.202466,10.1901,35875
0.195298,9.82362,35876
0.204322,10.1807,35877
0.174914,9.82938,35878
0.237698,10.1909,35879
0.193218,9.79972,35880
0.205122,10.2056,35881
0.18493,9.78551,35882
0.222722,10.2187,35883
0.178274,9.7849,35884
0.236899,10.1854,35885
0.189378,9.80986,35886
0.225475,10.1968,35887
0.178146,9.80343,35888
0.216258,10.2017,35889
0.166018,9.80375,35890
0.215267,10.2007,35891
0.17005,9.79607,35892
0.22973,10.2302,35893
0.194434,9.7857,35894
0.23661,10.2085,35895
0.156706,9.76912,35896
0.216162,10.2021,35897
0.171746,9.81991,35898
0.206435,10.1967,35899
0.178178,9.78289,35900
0.225186,10.2093,35901
0.178754,9.79332,35902
0.213314,10.1949,35903
0.198594,9.80788,35904
0.211106,10.2065,35905
0.160514,9.79463,35906
0.208195,10.2023,35907
0.17533,9.78743,35908
0.205954,10.2497,35909
0.182658,9.75812,35910
0.228803,10.208,35911
0.183873,9.79565,35912
0.224386,10.2015,35913
0.182978,9.79783,35914
0.215939,10.1957,35915
0.171585,9.80836,35916
0.203074,10.2012,35917
0.180514,9.7882,35918
0.176578,10.1851,35919
0.192162,9.82557,35920
0.20701,10.2092,35921
0.171394,9.77847,35922
0.223746,10.4599,35923
0.172257,9.53876,35924
0.258946,10.2822,35925
0.184962,9.72756,35926
0.22925,10.2081,35927
0.174401,9.78365,35928
0.210754,10.2119,35929
0.16477,9.78695,35930
0.448421,10.171,35931
0.177986,9.841,35932
0.21165,10.1893,35933
0.17565,9.81911,35934
0.219138,10.2008,35935
0.174465,9.78794,35936
0.188226,10.1703,35937
0.169218,9.82644,35938
0.221219,10.1928,35939
0.170433,9.81162,35940
0.223074,10.1932,35941
0.16301,9.81837,35942
0.218467,10.1835,35943
0.189058,9.80929,35944
0.224194,10.1818,35945
0.16893,9.81623,35946
0.227874,10.2303,35947
0.171297,9.76221,35948
0.171265,10.0758,35949
0.193314,9.93335,35950
0.243906,10.2223,35951
0.161506,9.78186,35952
0.236291,10.2199,35953
0.181538,9.77543,35954
0.218531,10.1878,35955
0.193506,9.80343,35956
0.21981,10.2052,35957
0.167906,9.79984,35958
0.208611,10.1883,35959
0.189538,9.81725,35960
0.22237,10.1919,35961
0.189602,9.80685,35962
0.210722,10.2195,35963
0.167746,9.78231,35964
0.244898,10.2654,35965
0.158914,9.7274,35966
0.195042,10.1814,35967
0.161922,9.82247,35968
0.232515,10.2056,35969
0.161794,9.78241,35970
0.23309,10.2093,35971
0.17789,9.79898,35972
0.25325,10.2665,35973
0.183298,9.7322,35974
0.221442,10.2359,35975
0.171874,9.75658,35976
0.212898,10.2101,35977
0.178274,9.789,35978
0.250754,10.221,35979
0.182466,9.78602,35980
0.233602,10.2448,35981
0.174946,9.75543,35982
0.206978,10.1878,35983
0.192802,9.82832,35984
0.210786,10.1708,35985
0.18157,9.81552,35986
0.201666,10.1834,35987
0.17597,9.80592,35988
0.209826,10.2468,35989
0.19517,9.76599,35990
0.227362,10.197,35991
0.182369,9.81549,35992
0.20925,10.171,35993
0.185186,9.81124,35994
0.224738,10.2015,35995
0.17693,9.81328,35996
0.215714,10.1852,35997
0.163041,9.79533,35998
0.254851,10.275,35999
0.160642,9.72788,36000
0.236067,10.229,36001
0.183906,9.77393,36002
0.243427,10.1997,36003
0.18349,9.79824,36004
0.203362,10.1862,36005
0.183586,9.82279,36006
0.21405,10.1892,36007
0.160802,9.7962,36008
0.204258,10.2006,36009
0.170625,9.81876,36010
0.226755,10.1925,36011
0.178946,9.81159,36012
0.231458,10.1808,36013
0.185282,9.80173,36014
0.225315,10.2344,36015
0.171202,9.76801,36016
0.230435,10.1865,36017
0.161986,9.82407,36018
0.23245,10.1882,36019
0.16765,9.81489,36020
0.237474,11.5788,36021
0.224323,8.60918,36022
0.182082,9.81312,36023
0.206754,10.1798,36024
0.159362,9.80842,36025
0.238562,10.1934,36026
0.18333,9.80909,36027
0.213858,10.213,36028
0.169922,9.78512,36029
0.220802,10.1865,36030
0.182306,9.81735,36031
0.233699,10.1633,36032
0.18093,9.82941,36033
0.211362,10.1955,36034
0.164097,9.81569,36035
0.216994,10.2142,36036
0.174786,9.78538,36037
0.227746,10.1966,36038
0.175682,9.79076,36039
0.207682,10.1927,36040
0.166434,9.81882,36041
0.18909,10.2177,36042
0.190626,9.76957,36043
0.240322,10.2597,36044
0.160737,9.74292,36045
0.219554,10.1942,36046
0.180066,9.80308,36047
0.211298,10.1975,36048
0.173281,9.80813,36049
0.228034,10.2025,36050
0.15853,9.79524,36051
0.19485,10.1908,36052
0.186242,9.81053,36053
0.211298,10.1911,36054
0.187202,9.81546,36055
0.21869,10.1983,36056
0.180897,9.79757,36057
0.202178,10.1808,36058
0.173602,9.82941,36059
0.176545,10.1674,36060
0.183905,9.83271,36061
0.197634,10.1777,36062
0.160129,9.79812,36063
0.231938,10.2106,36064
0.173666,9.79383,36065
0.209154,10.2049,36066
0.163713,9.79409,36067
0.213922,10.2629,36068
0.178242,9.74621,36069
0.224578,10.2011,36070
0.176098,9.80576,36071
0.210722,10.2173,36072
0.175682,9.76868,36073
0.236034,10.2122,36074
0.185121,9.79389,36075
0.215203,10.2155,36076
0.176098,9.78058,36077
0.20877,10.2113,36078
0.170178,9.78756,36079
0.220738,10.1887,36080
0.189762,9.81085,36081
0.19533,10.2217,36082
0.17341,9.78596,36083
0.227587,10.2071,36084
0.173442,9.78621,36085
0.223682,10.1985,36086
0.164674,9.79815,36087
0.217666,10.2308,36088
0.187138,9.78282,36089
0.210562,10.1828,36090
0.174882,9.81098,36091
0.204834,10.2088,36092
0.186625,9.79156,36093
0.221922,10.2047,36094
0.165954,9.78964,36095
0.231555,10.2302,36096
0.191394,9.78823,36097
0.196706,10.1671,36098
0.185826,9.82314,36099
0.218338,10.2115,36100
0.186978,9.78634,36101
0.223043,10.1861,36102
0.192866,9.80938,36103
0.250914,10.2059,36104
0.18077,9.79088,36105
0.20557,10.1923,36106
0.152642,9.81015,36107
0.223522,10.2653,36108
0.186082,9.7377,36109
0.251938,10.2015,36110
0.177314,9.81008,36111
0.204738,10.1724,36112
0.162466,9.80807,36113
0.234562,10.2312,36114
0.175778,9.7728,36115
0.232099,10.2294,36116
0.189058,9.78839,36117
0.19789,10.1653,36118
0.161953,9.81703,36119
0.229859,10.2475,36120
0.180738,9.75751,36121
0.217539,10.2205,36122
0.163234,9.78109,36123
0.23341,10.221,36124
0.161601,9.77559,36125
0.239139,10.2358,36126
0.181666,9.7664,36127
0.219523,10.1836,36128
0.176865,9.8154,36129
0.224642,10.1851,36130
0.17005,9.81188,36131
0.200514,10.195,36132
0.17101,9.80224,36133
0.235714,10.2108,36134
0.17837,9.79188,36135
0.220387,10.2326,36136
0.174818,9.78304,36137
0.227875,10.194,36138
0.179586,9.79108,36139
0.19645,10.1947,36140
0.18077,9.81079,36141
0.203042,10.1841,36142
0.183906,9.81997,36143
0.229602,10.1928,36144
0.174881,9.79415,36145
0.236578,10.1916,36146
0.185506,9.81008,36147
0.209378,10.1948,36148
0.185506,9.81082,36149
0.237251,10.1697,36150
0.183074,9.84,36151
0.239842,10.2559,36152
0.178402,9.74205,36153
0.175938,10.1803,36154
0.171937,9.80673,36155
0.203234,10.195,36156
0.176866,9.8064,36157
0.223811,10.2165,36158
0.175905,9.79943,36159
0.228066,10.179,36160
0.159841,9.79754,36161
0.195266,10.208,36162
0.180482,9.80164,36163
0.224834,10.2451,36164
0.155842,9.74516,36165
0.221634,10.2373,36166
0.156065,9.76052,36167
0.253699,10.2071,36168
0.16365,9.797,36169
0.228962,10.2006,36170
0.171777,9.80525,36171
0.211106,10.1901,36172
0.16797,9.80199,36173
0.20317,10.182,36174
0.178946,9.82176,36175
0.21453,10.2164,36176
0.181634,9.78125,36177
0.210562,10.194,36178
0.193602,9.81168,36179
0.200578,10.2036,36180
0.154113,9.79191,36181
0.223778,10.2142,36182
0.17997,9.78551,36183
0.226754,10.2271,36184
0.17037,9.7697,36185
0.22973,10.2301,36186
0.16477,9.776,36187
0.246434,10.1998,36188
0.188161,9.81978,36189
0.219426,10.1776,36190
0.163201,9.80295,36191
0.229315,10.204,36192
0.198146,9.80548,36193
0.24413,10.1961,36194
0.170338,9.80215,36195
0.217058,10.1949,36196
0.175074,9.81533,36197
0.205314,10.1951,36198
0.169378,9.78477,36199
0.24701,10.1939,36200
0.191618,9.81005,36201
0.242083,10.1985,36202
0.178049,9.79869,36203
0.210818,10.1883,36204
0.196162,9.82413,36205
0.256258,10.1951,36206
0.18269,9.79754,36207
0.218754,10.1909,36208
0.165121,9.804,36209
0.207234,10.1932,36210
0.177634,9.8273,36211
0.236834,10.1793,36212
0.180578,9.80848,36213
0.219843,10.2287,36214
0.182338,9.77124,36215
0.205602,10.2286,36216
0.15949,9.7802,36217
0.210626,10.1712,36218
0.163362,9.80976,36219
0.235618,10.2082,36220
0.171074,9.81511,36221
0.231139,10.183,36222
0.179682,9.80336,36223
0.202114,10.1817,36224
0.181442,9.81552,36225
0.232642,10.2034,36226
0.183714,9.79831,36227
0.20637,10.2139,36228
0.16349,9.77667,36229
0.233667,10.1661,36230
0.164578,9.83783,36231
0.20701,10.1888,36232
0.175009,9.81242,36233
0.236259,10.1959,36234
0.183938,9.81015,36235
0.233218,10.1981,36236
0.175298,9.79709,36237
0.204674,10.2171,36238
0.17981,9.80253,36239
0.216931,10.1756,36240
0.186114,9.79946,36241
0.190306,10.1975,36242
0.178306,9.80912,36243
0.205314,10.1969,36244
0.180354,9.80128,36245
0.221539,10.2003,36246
0.167554,9.80106,36247
0.20669,10.2012,36248
0.191394,9.80355,36249
0.24061,10.1853,36250
0.18445,9.81408,36251
0.194562,10.1888,36252
0.18333,9.81466,36253
0.191554,10.1895,36254
0.184802,9.80381,36255
0.239011,10.2059,36256
0.191298,9.79328,36257
0.208227,10.1987,36258
0.161122,9.80362,36259
0.234338,10.2019,36260
0.18301,9.80115,36261
0.236003,10.2198,36262
0.183874,9.77421,36263
0.210019,10.1966,36264
0.165154,9.81687,36265
0.221314,10.2223,36266
0.190337,9.78061,36267
0.193346,10.17,36268
0.164513,9.80944,36269
0.239491,10.198,36270
0.180898,9.80711,36271
0.221891,10.2665,36272
0.188417,9.74714,36273
0.250403,10.1803,36274
0.186978,9.81914,36275
0.244771,10.1933,36276
0.18637,9.79831,36277
0.216034,10.1819,36278
0.172578,9.8088,36279
0.21597,10.2181,36280
0.153025,9.78032,36281
0.225827,10.2123,36282
0.176514,9.79287,36283
0.215266,10.2025,36284
0.184962,9.80477,36285
0.229219,10.257,36286
0.188322,9.75034,36287
0.216962,10.2006,36288
0.16813,9.77962,36289
0.231202,10.1894,36290
0.181218,9.81261,36291
0.191457,10.1975,36292
0.187714,9.80615,36293
0.23133,10.2026,36294
0.177314,9.80596,36295
0.21421,10.1841,36296
0.17293,9.80666,36297
0.220451,10.1929,36298
0.169953,9.812,36299
0.219043,10.2595,36300
0.180098,9.75005,36301
0.241794,10.1904,36302
0.174946,9.79088,36303
0.225827,10.2002,36304
0.173058,9.80349,36305
0.20957,10.1818,36306
0.156481,9.82503,36307
0.20877,10.1867,36308
0.177538,9.82013,36309
0.23421,10.1876,36310
0.176066,9.79559,36311
0.219107,10.2041,36312
0.18941,9.80743,36313
0.221154,10.191,36314
0.186146,9.79988,36315
0.226146,10.2243,36316
0.184962,9.77376,36317
0.228386,10.2314,36318
0.185793,9.78919,36319
0.228482,10.1943,36320
0.173281,9.79005,36321
0.224194,10.221,36322
0.18141,9.77984,36323
0.259139,10.1974,36324
0.174242,9.80183,36325
0.21821,10.2337,36326
0.155266,9.75936,36327
0.227362,10.1941,36328
0.178274,9.8105,36329
0.198338,10.1865,36330
0.16285,9.81872,36331
0.237827,10.1934,36332
0.191426,9.81463,36333
0.242914,10.2007,36334
0.176801,9.78874,36335
0.212514,10.1862,36336
0.152737,9.81076,36337
0.214402,10.195,36338
0.176674,9.80487,36339
0.202818,10.182,36340
0.16621,9.81728,36341
0.18141,10.1887,36342
0.174401,9.80928,36343
0.20557,10.1918,36344
0.184258,9.81952,36345
0.238403,10.1939,36346
0.190498,9.80432,36347
0.225315,10.198,36348
0.183073,9.79479,36349
0.207362,10.1922,36350
0.185154,9.80999,36351
0.200962,10.206,36352
0.190754,9.79613,36353
0.226755,10.2035,36354
0.185634,9.79325,36355
0.215075,10.1933,36356
0.182082,9.81156,36357
0.222626,10.1918,36358
0.176802,9.79815,36359
0.233251,10.2119,36360
0.193058,9.79539,36361
0.230946,10.2382,36362
0.184225,9.76259,36363
0.260483,10.229,36364
0.177218,9.77597,36365
0.247619,10.204,36366
0.181634,9.80477,36367
0.249506,10.2237,36368
0.185442,9.76019,36369
0.223298,10.2166,36370
0.176353,9.78407,36371
0.209794,10.1855,36372
0.192482,9.82685,36373
0.229538,10.198,36374
0.18029,9.79546,36375
0.242946,10.2262,36376
0.18285,9.76733,36377
0.190882,10.1726,36378
0.164801,9.82916,36379
0.217538,10.1935,36380
0.188002,9.81424,36381
0.242787,10.1887,36382
0.168546,9.79898,36383
0.22685,10.2121,36384
0.158113,9.78663,36385
0.23245,10.2383,36386
0.177026,9.77027,36387
0.217058,10.2067,36388
0.187362,9.79578,36389
0.239682,10.1989,36390
0.168801,9.80045,36391
0.237954,10.1927,36392
0.191618,9.80797,36393
0.193922,10.1867,36394
0.163746,9.80362,36395
0.239682,10.1966,36396
0.18077,9.80618,36397
0.248643,10.2274,36398
0.162882,9.77783,36399
0.226787,10.2222,36400
0.191842,9.78874,36401
0.203714,10.1706,36402
0.170529,9.80692,36403
0.22925,10.2312,36404
0.175874,9.78419,36405
0.21837,10.1879,36406
0.165634,9.79914,36407
0.237186,10.2166,36408
0.181729,9.79015,36409
0.207906,10.1885,36410
0.190946,9.81002,36411
0.229091,10.2077,36412
0.18893,9.79149,36413
0.202114,10.2254,36414
0.189058,9.78387,36415
0.232866,10.1865,36416
0.175234,9.80826,36417
0.221826,10.1885,36418
0.180897,9.80605,36419
0.215458,10.1903,36420
0.167874,9.80688,36421
0.226786,10.2138,36422
0.185986,9.80403,36423
0.23213,10.193,36424
0.172162,9.79155,36425
0.236675,10.2308,36426
0.185729,9.76995,36427
0.245731,10.2056,36428
0.176066,9.7937,36429
0.210082,10.1797,36430
0.176354,9.824,36431
0.210818,10.2028,36432
0.176738,9.79715,36433
0.212098,10.1902,36434
0.16365,9.80567,36435
0.172482,10.1911,36436
0.184674,9.81063,36437
0.240003,10.2046,36438
0.165922,9.80746,36439
0.216578,10.1918,36440
0.179394,9.80227,36441
0.234722,10.196,36442
0.175553,9.81325,36443
0.21053,10.1955,36444
0.172033,9.78736,36445
0.216386,10.191,36446
0.175138,9.81408,36447
0.224642,10.2423,36448
0.176194,9.7552,36449
0.206978,10.205,36450
0.187746,9.79824,36451
0.237218,10.201,36452
0.179393,9.79632,36453
0.222979,10.2287,36454
0.184834,9.78711,36455
0.207874,10.1784,36456
0.178754,9.81236,36457
0.209891,10.1801,36458
0.17181,9.80688,36459
0.239619,10.2562,36460
0.17997,9.75187,36461
0.189122,10.2004,36462
0.175105,9.7977,36463
0.20605,10.1737,36464
0.161154,9.824,36465
0.227266,10.2576,36466
0.176098,9.74195,36467
0.229186,10.201,36468
0.191234,9.79587,36469
0.205762,10.1973,36470
0.163169,9.81034,36471
0.239715,10.199,36472
0.18189,9.79696,36473
0.234371,10.2005,36474
0.15949,9.80029,36475
0.226242,10.1959,36476
0.176802,9.80215,36477
0.225346,10.1968,36478
0.166113,9.80996,36479
0.226018,10.1957,36480
0.176001,9.79738,36481
0.198114,10.1927,36482
0.182114,9.81088,36483
0.212514,10.1948,36484
0.187554,9.80397,36485
0.222051,10.1966,36486
0.172321,9.81712,36487
0.217058,10.1851,36488
0.165537,9.79616,36489
0.21229,10.232,36490
0.18045,9.77299,36491
0.193666,10.1997,36492
0.175202,9.79866,36493
0.217762,10.2315,36494
0.175906,9.76893,36495
0.223234,10.2326,36496
0.183809,9.77411,36497
0.229026,10.1896,36498
0.176481,9.8129,36499
0.21965,10.2088,36500
0.18445,9.792,36501
0.231042,10.1952,36502
0.190434,9.79533,36503
0.215266,10.1938,36504
0.188834,9.82432,36505
0.209954,10.1797,36506
0.164514,9.80391,36507
0.228994,10.2335,36508
0.163073,9.76442,36509
0.229058,10.2142,36510
0.184002,9.78624,36511
0.223938,10.2021,36512
0.180386,9.79722,36513
0.229474,10.1913,36514
0.173314,9.82317,36515
0.234242,10.1847,36516
0.17453,9.79786,36517
0.223106,10.2391,36518
0.176577,9.77805,36519
0.232578,10.222,36520
0.178849,9.76775,36521
0.23053,10.1963,36522
0.190018,9.81584,36523
0.23805,10.1896,36524
0.180994,9.79504,36525
0.221922,10.2081,36526
0.176066,9.79354,36527
0.221634,10.1943,36528
0.16013,9.80301,36529
0.178338,10.1936,36530
0.177601,9.82029,36531
0.23757,10.1995,36532
0.170241,9.79565,36533
0.209634,10.242,36534
0.184162,9.76167,36535
0.20557,10.1794,36536
0.18461,9.82439,36537
0.221602,10.2467,36538
0.168194,9.74912,36539
0.22557,10.1804,36540
0.190465,9.82391,36541
0.206786,10.1731,36542
0.176865,9.81363,36543
0.22717,10.2316,36544
0.180738,9.76637,36545
0.217314,10.1905,36546
0.16941,9.80503,36547
0.232258,10.2047,36548
0.187298,9.80477,36549
0.232675,10.1966,36550
0.182338,9.80106,36551
0.204834,10.1868,36552
0.183489,9.82602,36553
0.22205,10.1826,36554
0.172449,9.79895,36555
0.171906,10.1705,36556
0.186946,9.848,36557
0.238914,10.197,36558
0.192002,9.79066,36559
0.211746,10.2092,36560
0.187842,9.78992,36561
0.500197,10.1462,36562
0.194434,9.84989,36563
0.225347,10.1988,36564
0.19085,9.80253,36565
0.208579,10.1879,36566
0.183554,9.82976,36567
0.21373,10.22,36568
0.17341,9.77578,36569
0.220258,10.2483,36570
0.185474,9.74208,36571
0.193986,10.1968,36572
0.173922,9.79923,36573
0.236194,10.2341,36574
0.174273,9.78419,36575
0.205346,10.1656,36576
0.191458,9.83306,36577
0.201634,10.2054,36578
0.162369,9.77869,36579
0.23933,10.2262,36580
0.158018,9.78695,36581
0.233186,10.1904,36582
0.19213,9.79431,36583
0.245859,10.2093,36584
0.179074,9.79066,36585
0.226402,10.2686,36586
0.185666,9.74931,36587
0.224323,10.2129,36588
0.16493,9.78355,36589
0.235139,10.1897,36590
0.177346,9.79594,36591
0.212259,10.2009,36592
0.168514,9.7968,36593
0.224226,10.2006,36594
0.181154,9.80042,36595
0.213474,10.1964,36596
0.181794,9.81511,36597
0.204674,10.1818,36598
0.176162,9.81418,36599
0.223555,10.2411,36600
0.180705,9.75527,36601
0.21357,10.193,36602
0.185826,9.80515,36603
0.248322,10.229,36604
0.182946,9.77453,36605
0.197826,10.1907,36606
0.170242,9.80611,36607
0.194434,10.196,36608
0.174594,9.81344,36609
0.203074,10.1792,36610
0.15933,9.82435,36611
0.24637,10.1786,36612
0.176994,9.81539,36613
0.21773,10.2269,36614
0.176802,9.76784,36615
0.242467,10.2073,36616
0.180609,9.79223,36617
0.225027,10.2307,36618
0.197698,9.77031,36619
0.19357,10.1858,36620
0.18157,9.81946,36621
0.209475,10.2011,36622
0.169282,9.80576,36623
0.228834,10.2463,36624
0.17373,9.74218,36625
0.224706,10.1984,36626
0.17725,9.80631,36627
0.199586,10.1875,36628
0.153154,9.80115,36629
0.210146,10.2005,36630
0.162689,9.80611,36631
0.23821,10.2032,36632
0.166145,9.79379,36633
0.23085,10.1885,36634
0.179393,9.8072,36635
0.206274,10.1868,36636
0.161985,9.81351,36637
0.251235,10.2055,36638
0.158754,9.79824,36639
0.237218,10.2035,36640
0.168642,9.80883,36641
0.222402,10.1875,36642
0.186562,9.81088,36643
0.184642,10.1763,36644
0.189409,9.83111,36645
0.213154,10.1875,36646
0.192674,9.80285,36647
0.43386,9.98093,36648
0.187362,10.0142,36649
0.183266,10.1859,36650
0.172674,9.81552,36651
0.219971,10.1938,36652
0.18605,9.81043,36653
0.228739,10.1897,36654
0.171842,9.80685,36655
0.23645,10.1872,36656
0.173666,9.81645,36657
0.217346,10.1881,36658
0.166274,9.8143,36659
0.23005,10.192,36660
0.172226,9.79383,36661
0.217378,10.2077,36662
0.169025,9.80234,36663
0.222338,10.1897,36664
0.158881,9.79811,36665
0.217698,10.2012,36666
0.189314,9.80103,36667
0.225699,10.2112,36668
0.164866,9.78826,36669
0.220547,10.1996,36670
0.178722,9.80301,36671
0.190658,10.2005,36672
0.17053,9.79875,36673
0.237666,10.1981,36674
0.180162,9.80663,36675
0.219746,10.2239,36676
0.177953,9.78211,36677
0.250083,10.2196,36678
0.167969,9.77011,36679
0.188258,10.1862,36680
0.189698,9.81475,36681
0.201794,10.1927,36682
0.17037,9.81968,36683
0.207394,10.1707,36684
0.174818,9.81578,36685
0.196514,10.2348,36686
0.179618,9.7831,36687
0.217858,10.175,36688
0.169154,9.80701,36689
0.202498,10.2161,36690
0.172738,9.77914,36691
0.214275,10.1944,36692
0.183681,9.80963,36693
0.222946,10.1983,36694
0.172065,9.80134,36695
0.230818,10.2051,36696
0.178177,9.79507,36697
0.225186,10.2346,36698
0.17693,9.77802,36699
0.236834,10.1931,36700
0.187298,9.79811,36701
0.24973,10.2036,36702
0.178786,9.79834,36703
0.259011,10.2106,36704
0.172642,9.78672,36705
0.217218,10.2167,36706
0.162306,9.78288,36707
0.243011,10.1973,36708
0.185154,9.80496,36709
0.21901,10.1869,36710
0.184994,9.81686,36711
0.214786,10.1803,36712
0.175042,9.80608,36713
0.230786,10.232,36714
0.185633,9.79123,36715
0.235138,10.21,36716
0.179969,9.78272,36717
0.229634,10.2079,36718
0.190306,9.78448,36719
0.20413,10.2115,36720
0.163137,9.78531,36721
0.222466,10.205,36722
0.174146,9.80423,36723
0.222018,10.1902,36724
0.178242,9.80211,36725
0.221602,10.2009,36726
0.19197,9.81603,36727
0.231715,10.2271,36728
0.174434,9.76262,36729
0.212514,10.1881,36730
0.17613,9.80294,36731
0.201954,10.2183,36732
0.169122,9.79562,36733
0.204098,10.1811,36734
0.187842,9.80826,36735
0.212738,10.2026,36736
0.187458,9.8048,36737
0.247203,10.1971,36738
0.179105,9.79821,36739
0.222754,10.2005,36740
0.184129,9.80157,36741
0.200866,10.1801,36742
0.18765,9.8232,36743
0.220194,10.1994,36744
0.18253,9.79587,36745
0.196514,10.1881,36746
0.166306,9.81859,36747
0.246946,10.211,36748
0.178114,9.78307,36749
0.201762,10.21,36750
0.178626,9.78502,36751
0.197282,10.2062,36752
0.165314,9.80701,36753
0.214082,10.1869,36754
0.185346,9.80746,36755
0.206562,10.1785,36756
0.167394,9.82099,36757
0.222403,10.2084,36758
0.160802,9.77907,36759
0.220131,10.2129,36760
0.183969,9.80471,36761
0.197634,10.1911,36762
0.194594,9.81344,36763
0.234371,10.1823,36764
0.185697,9.80096,36765
0.229122,10.2314,36766
0.18509,9.78589,36767
0.236674,10.1858,36768
0.186786,9.79875,36769
0.20861,10.2107,36770
0.17197,9.79488,36771
0.215746,10.1795,36772
0.177858,9.81846,36773
0.234787,10.2343,36774
0.183042,9.76877,36775
0.22285,10.1851,36776
0.184034,9.8048,36777
0.245187,10.2081,36778
0.188322,9.79274,36779
0.20861,10.1876,36780
0.180322,9.83219,36781
0.220835,10.1945,36782
0.166978,9.79095,36783
0.249602,10.2189,36784
0.184418,9.77923,36785
0.211746,10.1866,36786
0.167777,9.8129,36787
0.213218,10.2042,36788
0.188802,9.79667,36789
0.211522,10.2381,36790
0.170113,9.75853,36791
0.242659,10.2137,36792
0.175618,9.80022,36793
0.215138,10.2163,36794
0.181954,9.77299,36795
0.224899,10.2061,36796
0.174978,9.80214,36797
0.214979,10.1931,36798
0.163265,9.7889,36799
0.224386,10.1812,36800
0.186914,9.82893,36801
0.237059,10.1945,36802
0.15853,9.81562,36803
0.228899,10.1826,36804
0.176194,9.81955,36805
0.221922,10.19,36806
0.181186,9.81187,36807
0.233699,10.1735,36808
0.178498,9.81293,36809
0.214146,10.2464,36810
0.18349,9.75094,36811
0.225986,10.1975,36812
0.16589,9.81469,36813
0.228642,10.2083,36814
0.184834,9.77792,36815
0.214466,10.1975,36816
0.17709,9.82029,36817
0.22253,10.204,36818
0.183202,9.78192,36819
0.208226,10.1838,36820
0.173666,9.81379,36821
0.197666,10.1918,36822
0.182114,9.80416,36823
0.248131,10.2363,36824
0.183074,9.77453,36825
0.237698,10.1831,36826
0.169698,9.80934,36827
0.222818,10.2267,36828
0.178241,9.7736,36829
0.209794,10.2004,36830
0.174977,9.80304,36831
0.22045,10.2022,36832
0.174241,9.79645,36833
0.220354,10.2046,36834
0.171201,9.80016,36835
0.242467,10.1969,36836
0.181953,9.79767,36837
0.225218,10.1851,36838
0.169793,9.82349,36839
0.215298,10.192,36840
0.177538,9.81376,36841
0.249699,10.2043,36842
0.171777,9.78055,36843
0.203682,10.1861,36844
0.180514,9.82048,36845
0.232035,10.1919,36846
0.17677,9.80275,36847
0.193954,10.2393,36848
0.172034,9.77645,36849
0.223139,10.177,36850
0.198434,9.81008,36851
0.219874,10.1796,36852
0.178978,9.83216,36853
0.198434,10.178,36854
0.196994,9.81078,36855
0.192034,10.193,36856
0.183138,9.79949,36857
0.204194,10.2099,36858
0.153986,9.7865,36859
0.21901,10.2009,36860
0.176354,9.81994,36861
0.238147,10.2568,36862
0.174178,9.72816,36863
0.225506,10.2536,36864
0.183906,9.74797,36865
0.217762,10.1906,36866
0.166306,9.80458,36867
0.214978,10.233,36868
0.189442,9.77152,36869
0.211618,10.2083,36870
0.16733,9.79558,36871
0.221954,10.2005,36872
0.181346,9.7945,36873
0.230306,10.1972,36874
0.18477,9.80262,36875
0.256131,10.211,36876
0.181281,9.7952,36877
0.231522,10.197,36878
0.180161,9.7992,36879
0.221986,10.2049,36880
0.174113,9.79136,36881
0.232963,10.2403,36882
0.189314,9.77063,36883
0.231554,10.201,36884
0.18621,9.80442,36885
0.202722,10.199,36886
0.16717,9.7992,36887
0.20733,10.1789,36888
0.174498,9.81008,36889
0.215778,10.1928,36890
0.17965,9.80915,36891
0.197794,10.1899,36892
0.188866,9.81149,36893
0.238242,10.203,36894
0.163426,9.80557,36895
0.22765,10.2236,36896
0.182306,9.76096,36897
0.220386,10.2024,36898
0.18029,9.81562,36899
0.206626,10.1703,36900
0.171522,9.82717,36901
0.196802,10.1758,36902
0.190594,9.80845,36903
0.262562,10.2082,36904
0.181442,9.79955,36905
0.224002,10.2039,36906
0.177826,9.79136,36907
0.218946,10.1889,36908
0.174882,9.81229,36909
0.23085,10.1988,36910
0.169857,9.79603,36911
0.222498,10.1741,36912
0.190594,9.82819,36913
0.247266,10.2074,36914
0.189602,9.80064,36915
0.17629,10.1221,36916
0.192962,9.86928,36917
0.252419,10.2315,36918
0.171137,9.7703,36919
0.207778,10.2229,36920
0.152289,9.77261,36921
0.215746,10.2295,36922
0.186082,9.77936,36923
0.21325,10.1807,36924
0.177954,9.81795,36925
0.208674,10.2122,36926
0.178018,9.78205,36927
0.20845,10.2007,36928
0.179074,9.79818,36929
0.19965,10.1899,36930
0.170978,9.82781,36931
0.24125,10.1984,36932
0.173314,9.8,36933
0.244706,10.1901,36934
0.18717,9.79843,36935
0.193058,10.2123,36936
0.187554,9.80141,36937
0.231042,10.2027,36938
0.183362,9.78778,36939
0.208962,10.1829,36940
0.155809,9.81395,36941
0.195842,10.2039,36942
0.169121,9.79402,36943
0.22781,10.2008,36944
0.177538,9.80208,36945
0.228002,10.2034,36946
0.160129,9.78765,36947
0.222498,10.2135,36948
0.173697,9.7928,36949
0.200002,10.1845,36950
0.163361,9.80794,36951
0.198658,10.214,36952
0.168673,9.79104,36953
0.219874,10.2019,36954
0.179938,9.80333,36955
0.210114,10.2056,36956
0.171265,9.78973,36957
0.232002,10.2092,36958
0.18317,9.79446,36959
0.212034,10.1936,36960
0.178402,9.8024,36961
0.196258,10.1955,36962
0.18813,9.80768,36963
0.229218,10.1909,36964
0.180674,9.82339,36965
0.220738,10.1856,36966
0.18429,9.81661,36967
0.20717,10.1761,36968
0.161697,9.80736,36969
0.212258,10.257,36970
0.165985,9.74189,36971
0.221474,10.2031,36972
0.177825,9.79296,36973
0.21277,10.2366,36974
0.174434,9.77331,36975
0.224258,10.1904,36976
0.180738,9.80614,36977
0.205474,10.1965,36978
0.162817,9.7952,36979
0.237986,10.212,36980
0.192258,9.79744,36981
0.191714,10.2014,36982
0.17437,9.80778,36983
0.20509,10.1711,36984
0.174433,9.8129,36985
0.201378,10.2193,36986
0.173794,9.77763,36987
0.207042,10.2351,36988
0.184002,9.77568,36989
0.235043,10.1949,36990
0.167265,9.79136,36991
0.228739,10.2097,36992
0.175905,9.79347,36993
0.229571,10.2082,36994
0.177186,9.8016,36995
0.242979,10.1996,36996
0.176833,9.7976,36997
0.241155,10.1981,36998
0.189122,9.80272,36999
0.209346,10.1937,37000
0.174657,9.80618,37001
0.19693,10.1999,37002
0.180674,9.81296,37003
0.210338,10.1987,37004
0.167329,9.78054,37005
0.444228,10.1659,37006
0.173281,9.84522,37007
0.220514,10.2248,37008
0.166786,9.76806,37009
0.25197,10.1993,37010
0.16669,9.80381,37011
0.221282,10.1967,37012
0.177217,9.81693,37013
0.231074,10.1848,37014
0.176834,9.79539,37015
0.22077,10.2281,37016
0.156418,9.78803,37017
0.225506,10.2273,37018
0.181794,9.7623,37019
0.218722,10.1883,37020
0.188034,9.82176,37021
0.199618,10.1837,37022
0.18973,9.82377,37023
0.236418,10.1877,37024
0.182786,9.80592,37025
0.221794,10.1822,37026
0.198082,9.81408,37027
0.226306,10.2194,37028
0.17837,9.78301,37029
0.21117,10.2149,37030
0.160802,9.77056,37031
0.220002,10.2379,37032
0.18557,9.78246,37033
0.231075,10.1843,37034
0.178466,9.80474,37035
0.228931,10.1941,37036
0.187202,9.796,37037
0.212578,10.2005,37038
0.179394,9.80035,37039
0.209634,10.1877,37040
0.185794,9.83194,37041
0.22781,10.1696,37042
0.175713,9.81418,37043
0.214498,10.1939,37044
0.179906,9.81133,37045
0.203682,10.1937,37046
0.171873,9.79315,37047
0.210914,10.235,37048
0.175873,9.77533,37049
0.196834,10.1895,37050
0.159297,9.8039,37051
0.233154,10.219,37052
0.178977,9.7857,37053
0.215298,10.197,37054
0.180002,9.79859,37055
0.222178,10.2278,37056
0.177761,9.78813,37057
0.214722,10.1852,37058
0.154402,9.7936,37059
0.216354,10.231,37060
0.164738,9.77805,37061
0.23437,10.2095,37062
0.186466,9.79699,37063
0.20013,10.1826,37064
0.170018,9.80515,37065
0.210818,10.2034,37066
0.168354,9.80019,37067
0.193729,10.1877,37068
0.179682,9.81014,37069
0.197346,10.1876,37070
0.18045,9.81693,37071
0.218466,10.2214,37072
0.172322,9.77747,37073
0.229794,10.2062,37074
0.187618,9.7951,37075
0.216034,10.2345,37076
0.170274,9.76342,37077
0.214402,10.2269,37078
0.175458,9.77997,37079
0.217474,10.2275,37080
0.180418,9.76355,37081
0.23277,10.2253,37082
0.18525,9.78275,37083
0.221954,10.1891,37084
0.179682,9.81002,37085
0.226658,10.1935,37086
0.186114,9.8057,37087
0.247555,10.2274,37088
0.169858,9.77642,37089
0.207522,10.1868,37090
0.156161,9.80195,37091
0.201922,10.1886,37092
0.18365,9.82262,37093
0.22589,10.1962,37094
0.175106,9.8072,37095
0.207874,10.1894,37096
0.17949,9.8176,37097
0.212194,10.1856,37098
0.177697,9.80141,37099
0.221218,10.2545,37100
0.178561,9.74528,37101
0.190402,10.1818,37102
0.174081,9.82883,37103
0.234147,10.1841,37104
0.170146,9.8032,37105
0.215362,10.23,37106
0.158562,9.78179,37107
0.223938,10.1872,37108
0.184002,9.80774,37109
0.262691,10.2046,37110
0.158466,9.79181,37111
0.22813,10.1978,37112
0.179746,9.80163,37113
0.24365,10.1986,37114
0.176418,9.80278,37115
0.221762,10.1951,37116
0.184034,9.81561,37117
0.233282,10.1882,37118
0.171586,9.80969,37119
0.230818,10.2202,37120
0.166785,9.76064,37121
0.208642,10.2021,37122
0.183042,9.82067,37123
0.240482,10.182,37124
0.182241,9.80723,37125
0.247971,10.1989,37126
0.177122,9.79696,37127
0.243939,10.1946,37128
0.18701,9.80979,37129
0.242818,10.2269,37130
0.172834,9.76957,37131
0.205986,10.198,37132
0.184674,9.81622,37133
0.234211,10.2059,37134
0.173538,9.78195,37135
0.207778,10.199,37136
0.176962,9.79773,37137
0.23213,10.2077,37138
0.180546,9.78621,37139
0.22397,10.2116,37140
0.158337,9.78515,37141
0.236898,10.1988,37142
0.179234,9.80886,37143
0.214882,10.1948,37144
0.18413,9.80886,37145
0.221218,10.2016,37146
0.188802,9.79933,37147
0.23421,10.1962,37148
0.182113,9.81494,37149
0.224002,10.1938,37150
0.151906,9.78579,37151
0.210818,10.1833,37152
0.180609,9.83747,37153
0.252707,10.1887,37154
0.174242,9.81117,37155
0.203394,10.2014,37156
0.172706,9.7847,37157
0.224066,10.1956,37158
0.176194,9.79552,37159
0.221026,10.2104,37160
0.178082,9.81168,37161
0.219074,10.1718,37162
0.17469,9.82854,37163
0.213666,10.1677,37164
0.180322,9.8145,37165
0.212226,10.1932,37166
0.166529,9.80246,37167
0.234466,10.2021,37168
0.186466,9.81338,37169
0.249314,10.1946,37170
0.175874,9.81174,37171
0.202145,10.1766,37172
0.173345,9.80704,37173
0.23181,10.2021,37174
0.188129,9.8017,37175
0.22333,10.207,37176
0.176578,9.792,37177
0.240355,10.1992,37178
0.175266,9.80809,37179
0.207938,10.1946,37180
0.16589,9.80025,37181
0.234915,10.198,37182
0.169986,9.79981,37183
0.229698,10.1991,37184
0.175682,9.80054,37185
0.241443,10.2456,37186
0.178594,9.76835,37187
0.240162,10.1878,37188
0.192482,9.79472,37189
0.230338,10.2735,37190
0.170466,9.74166,37191
0.235458,10.2009,37192
0.182018,9.80057,37193
0.252835,10.2027,37194
0.173602,9.7985,37195
0.22845,10.183,37196
0.175585,9.80198,37197
0.23485,10.2071,37198
0.185249,9.80349,37199
0.23261,10.1962,37200
0.16173,9.7904,37201
0.19853,10.2209,37202
0.186594,9.79126,37203
0.233858,10.1802,37204
0.158466,9.82205,37205
0.228354,10.1986,37206
0.188514,9.78771,37207
0.233346,10.2243,37208
0.161218,9.78349,37209
0.223395,10.2004,37210
0.17357,9.79514,37211
0.208674,10.1874,37212
0.167777,9.80723,37213
0.239586,10.2468,37214
0.160609,9.7503,37215
0.240546,10.2109,37216
0.16413,9.78883,37217
0.224994,10.1985,37218
0.182914,9.80896,37219
0.252162,10.2001,37220
0.164962,9.80144,37221
0.22109,10.1984,37222
0.182658,9.79769,37223
0.201281,10.1966,37224
0.173826,9.80323,37225
0.201186,10.2157,37226
0.176802,9.77942,37227
0.22173,10.2072,37228
0.188962,9.80554,37229
0.214082,10.187,37230
0.167873,9.81894,37231
0.202466,10.1803,37232
0.182946,9.82163,37233
0.236546,10.1807,37234
0.181153,9.80768,37235
0.254178,10.2059,37236
0.158498,9.79481,37237
0.227394,10.2071,37238
0.177122,9.79673,37239
0.23213,10.1921,37240
0.168866,9.79504,37241
0.183362,10.2035,37242
0.170754,9.81773,37243
0.240579,10.1896,37244
0.18125,9.8001,37245
0.221923,10.2061,37246
0.161793,9.79158,37247
0.236962,10.2013,37248
0.194946,9.8039,37249
0.217506,10.2204,37250
0.155233,9.76461,37251
0.221187,10.2617,37252
0.177762,9.74595,37253
0.231714,10.2095,37254
0.179778,9.79805,37255
0.246754,10.2239,37256
0.175394,9.76723,37257
0.230402,10.212,37258
0.184866,9.80643,37259
0.228771,10.1715,37260
0.18605,9.81005,37261
0.218754,10.2384,37262
0.187554,9.76377,37263
0.239779,10.2038,37264
0.167617,9.79337,37265
0.195426,10.2112,37266
0.166241,9.78643,37267
0.21629,10.2334,37268
0.167649,9.76902,37269
0.239426,10.2243,37270
0.166242,9.77731,37271
0.222754,10.2077,37272
0.177762,9.79424,37273
0.210178,10.1905,37274
0.17613,9.80515,37275
0.218754,10.1998,37276
0.15917,9.79645,37277
0.215042,10.218,37278
0.178946,9.80397,37279
0.239554,10.2047,37280
0.172642,9.78781,37281
0.221634,10.1935,37282
0.190338,9.79824,37283
0.221538,10.2214,37284
0.169697,9.79114,37285
0.199266,10.202,37286
0.171457,9.79689,37287
0.209794,10.1793,37288
0.178626,9.80147,37289
0.227875,10.2139,37290
0.183394,9.79472,37291
0.21453,10.2691,37292
0.184194,9.73206,37293
0.253059,10.2046,37294
0.190242,9.79574,37295
0.23181,10.2007,37296
0.191714,9.80294,37297
0.219587,10.255,37298
0.183874,9.75683,37299
0.22285,10.1766,37300
0.168385,9.80163,37301
0.231554,10.2045,37302
0.180482,9.79353,37303
0.226755,10.2023,37304
0.181698,9.80166,37305
0.22429,10.206,37306
0.17901,9.81161,37307
0.213218,10.1688,37308
0.191554,9.81661,37309
0.238946,10.1927,37310
0.173218,9.80118,37311
0.208578,10.2051,37312
0.160897,9.79718,37313
0.198018,10.1877,37314
0.165633,9.81648,37315
0.213986,10.2308,37316
0.15805,9.76528,37317
0.235907,10.2085,37318
0.186754,9.81113,37319
0.223522,10.1826,37320
0.193026,9.79933,37321
0.208674,10.2171,37322
0.179554,9.80128,37323
0.217122,10.1696,37324
0.187426,9.80726,37325
0.218658,10.2079,37326
0.179873,9.80176,37327
0.224706,10.2276,37328
0.168193,9.78195,37329
0.234467,10.1821,37330
0.183585,9.81261,37331
0.205858,10.1798,37332
0.175394,9.8079,37333
0.239555,10.212,37334
0.17693,9.79661,37335
0.222658,10.2111,37336
0.169474,9.78445,37337
0.218339,10.2629,37338
0.164097,9.73462,37339
0.173441,10.1045,37340
0.181601,9.89491,37341
0.227682,10.2018,37342
0.173762,9.79356,37343
0.22509,10.1966,37344
0.16221,9.80902,37345
0.204322,10.1876,37346
0.172514,9.81373,37347
0.221538,10.2057,37348
0.17533,9.79238,37349
0.224898,10.207,37350
0.173954,9.79184,37351
0.225506,10.2428,37352
0.182146,9.76649,37353
0.213218,10.1799,37354
0.185569,9.82153,37355
0.24013,10.1946,37356
0.181569,9.80208,37357
0.24701,10.2247,37358
0.167106,9.77254,37359
0.214434,10.1931,37360
0.164738,9.79997,37361
0.238466,10.2039,37362
0.181858,9.80909,37363
0.205954,10.1847,37364
0.170594,9.81942,37365
0.205122,10.1983,37366
0.164865,9.78397,37367
0.243682,10.2119,37368
0.186273,9.79344,37369
0.226755,10.2013,37370
0.182146,9.79721,37371
0.203266,10.2024,37372
0.155298,9.79958,37373
0.222594,10.1975,37374
0.202018,9.80768,37375
0.21165,10.2004,37376
0.195074,9.79469,37377
0.238786,10.2261,37378
0.188866,9.79056,37379
0.214882,10.1689,37380
0.188129,9.81312,37381
0.204898,10.192,37382
0.177089,9.80502,37383
0.248034,10.2212,37384
0.182018,9.78256,37385
0.234658,10.213,37386
0.183489,9.7919,37387
0.22621,10.1869,37388
0.191074,9.80438,37389
0.237122,10.2166,37390
0.158338,9.78387,37391
0.232099,10.2078,37392
0.185698,9.79424,37393
0.236354,10.1962,37394
0.180482,9.81027,37395
0.225122,10.1844,37396
0.181505,9.82416,37397
0.24349,10.2023,37398
0.192578,9.78739,37399
0.233154,10.2005,37400
0.193922,9.80697,37401
0.213442,10.1831,37402
0.184354,9.81833,37403
0.231586,10.1712,37404
0.188354,9.81881,37405
0.21021,10.1843,37406
0.18941,9.82355,37407
0.20461,10.1723,37408
0.170658,9.81449,37409
0.221826,10.1943,37410
0.16333,9.82236,37411
0.228034,10.2245,37412
0.175938,9.77043,37413
0.219555,10.1972,37414
0.165026,9.79853,37415
0.206978,10.1892,37416
0.192514,9.81494,37417
0.212642,10.1972,37418
0.177985,9.81107,37419
0.249763,10.2108,37420
0.17789,9.77033,37421
0.23773,10.2032,37422
0.191874,9.80864,37423
0.238626,10.2338,37424
0.17101,9.75779,37425
0.204898,10.1963,37426
0.185154,9.80752,37427
0.248419,10.2012,37428
0.187426,9.81187,37429
0.211682,10.1693,37430
0.170722,9.81456,37431
0.234818,10.2021,37432
0.186018,9.79824,37433
0.228706,10.2108,37434
0.19005,9.79494,37435
0.243938,10.2019,37436
0.172834,9.79456,37437
0.243235,10.2087,37438
0.181154,9.80422,37439
0.224546,10.1948,37440
0.187554,9.80435,37441
0.216482,10.1753,37442
0.182466,9.81881,37443
0.205602,10.1845,37444
0.19133,9.82156,37445
0.219682,10.1851,37446
0.20157,9.81308,37447
0.235011,10.1956,37448
0.183682,9.79865,37449
0.211586,10.1836,37450
0.182369,9.81549,37451
0.20573,10.1865,37452
0.176769,9.81888,37453
0.249794,10.1886,37454
0.176258,9.80547,37455
0.234946,10.2232,37456
0.156354,9.76637,37457
0.228547,10.1983,37458
0.184994,9.81469,37459
0.216514,10.2139,37460
0.171425,9.77453,37461
0.197218,10.2075,37462
0.181153,9.79219,37463
0.252418,10.2103,37464
0.188642,9.79238,37465
0.227298,10.2066,37466
0.181666,9.8102,37467
0.217795,10.1742,37468
0.170658,9.80403,37469
0.242818,10.2353,37470
0.18717,9.77101,37471
0.20109,10.1927,37472
0.176929,9.81081,37473
0.238978,10.2036,37474
0.190273,9.79654,37475
0.241538,10.1986,37476
0.16621,9.79785,37477
0.237698,10.2349,37478
0.17741,9.76253,37479
0.214338,10.1961,37480
0.180002,9.80691,37481
0.225026,10.2575,37482
0.184482,9.75545,37483
0.212898,10.1895,37484
0.183041,9.79629,37485
0.227266,10.1964,37486
0.180225,9.80189,37487
0.241571,10.2041,37488
0.192962,9.79961,37489
0.239619,10.223,37490
0.182242,9.77622,37491
0.208354,10.1879,37492
0.17773,9.81696,37493
0.242946,10.1926,37494
0.181314,9.80422,37495
0.246274,10.1967,37496
0.179553,9.79971,37497
0.225346,10.2178,37498
0.167586,9.78038,37499
0.219138,10.1948,37500
0.184898,9.81417,37501
0.196034,10.1812,37502
0.165954,9.81616,37503
0.228098,10.2422,37504
0.174337,9.75465,37505
0.236675,10.1877,37506
0.179105,9.81382,37507
0.20125,10.2069,37508
0.159426,9.78358,37509
0.225858,10.1991,37510
0.17245,9.80147,37511
0.202338,10.2158,37512
0.166465,9.78851,37513
0.222082,10.1911,37514
0.187266,9.82787,37515
0.233186,10.1854,37516
0.188193,9.81273,37517
0.241923,10.1892,37518
0.182754,9.81187,37519
0.224674,10.1845,37520
0.180034,9.81369,37521
0.195458,10.1722,37522
0.182978,9.81401,37523
0.231234,10.193,37524
0.183713,9.81337,37525
0.203778,10.181,37526
0.174177,9.82342,37527
0.22813,10.1852,37528
0.19485,9.80064,37529
0.20797,10.1888,37530
0.171682,9.81798,37531
0.199618,10.1914,37532
0.18797,9.81507,37533
0.22733,10.1958,37534
0.184001,9.79129,37535
0.210882,10.1992,37536
0.177794,9.79651,37537
0.22765,10.2022,37538
0.176034,9.80425,37539
0.239874,10.1998,37540
0.169634,9.81117,37541
0.195649,10.1742,37542
0.174465,9.81148,37543
0.231938,10.2077,37544
0.157377,9.79283,37545
0.222627,10.2097,37546
0.18397,9.79968,37547
0.234786,10.1969,37548
0.176162,9.79718,37549
0.242178,10.2087,37550
0.197826,9.79245,37551
0.200897,10.1817,37552
0.188609,9.8168,37553
0.224995,10.1892,37554
0.179618,9.80665,37555
0.195042,10.2195,37556
0.167906,9.77526,37557
0.213154,10.2346,37558
0.180994,9.76957,37559
0.214466,10.217,37560
0.154337,9.7832,37561
0.23213,10.2113,37562
0.192065,9.79328,37563
0.245955,10.202,37564
0.189218,9.79964,37565
0.220771,10.2235,37566
0.175426,9.77424,37567
0.214498,10.1942,37568
0.18461,9.80861,37569
0.20093,10.196,37570
0.165505,9.80278,37571
0.20957,10.1957,37572
0.182945,9.81117,37573
0.206945,10.2081,37574
0.16989,9.7854,37575
0.207522,10.2487,37576
0.179714,9.74867,37577
0.20269,10.1911,37578
0.182274,9.8119,37579
0.228706,10.1929,37580
0.176129,9.80137,37581
0.198338,10.2207,37582
0.166722,9.77795,37583
0.210242,10.1981,37584
0.17005,9.8079,37585
0.227778,10.2235,37586
0.176834,9.76841,37587
0.225058,10.2052,37588
0.176066,9.80374,37589
0.20893,10.1898,37590
0.164865,9.79958,37591
0.230338,10.2277,37592
0.180609,9.78125,37593
0.200066,10.1825,37594
0.182914,9.81616,37595
0.24205,10.2038,37596
0.172994,9.79721,37597
0.246915,10.1996,37598
0.204578,9.81808,37599
0.219586,10.1782,37600
0.186593,9.8016,37601
0.212802,10.1977,37602
0.19325,9.8008,37603
0.232418,10.2107,37604
0.162178,9.78713,37605
0.241826,10.2324,37606
0.164193,9.77321,37607
0.217058,10.2269,37608
0.174145,9.7735,37609
0.224386,10.2049,37610
0.176578,9.7975,37611
0.21069,10.2544,37612
0.168962,9.7438,37613
0.226466,10.236,37614
0.185538,9.76057,37615
0.220706,10.2035,37616
0.169761,9.79597,37617
0.209698,10.2114,37618
0.17325,9.78393,37619
0.197858,10.211,37620
0.176674,9.78908,37621
0.182849,10.2048,37622
0.165058,9.79827,37623
0.228386,10.1989,37624
0.177537,9.80691,37625
0.205474,10.1861,37626
0.168673,9.80947,37627
0.221154,10.188,37628
0.16829,9.81657,37629
0.245602,10.2087,37630
0.169858,9.78569,37631
0.221666,10.2053,37632
0.19133,9.80083,37633
0.216354,10.1839,37634
0.191905,9.81389,37635
0.23021,10.1956,37636
0.175682,9.81353,37637
0.23469,10.2061,37638
0.168386,9.79916,37639
0.231075,10.1869,37640
0.185602,9.79833,37641
0.211394,10.2115,37642
0.163105,9.78569,37643
0.223778,10.2435,37644
0.175298,9.75955,37645
0.207906,10.1883,37646
0.176386,9.81836,37647
0.235939,10.1815,37648
0.170594,9.81379,37649
0.231683,10.2234,37650
0.175521,9.77251,37651
0.232898,10.1993,37652
0.188194,9.80691,37653
0.21933,10.1937,37654
0.17277,9.80124,37655
0.219843,10.1998,37656
0.155746,9.81702,37657
0.209154,10.178,37658
0.183553,9.8047,37659
0.20557,10.1942,37660
0.179041,9.80806,37661
0.20941,10.1791,37662
0.166818,9.819,37663
0.203234,10.2196,37664
0.181922,9.78678,37665
0.231683,10.1976,37666
0.173665,9.7959,37667
0.216066,10.2028,37668
0.182945,9.80876,37669
0.210594,10.1728,37670
0.18605,9.82614,37671
0.234242,10.1999,37672
0.19165,9.79392,37673
0.230754,10.2201,37674
0.18925,9.77766,37675
0.204674,10.1898,37676
0.180993,9.81049,37677
0.245122,10.1981,37678
0.175266,9.80297,37679
0.20525,10.1926,37680
0.160162,9.79964,37681
0.217666,10.2103,37682
0.174786,9.80473,37683
0.204578,10.1794,37684
0.162209,9.80985,37685
0.223842,10.2141,37686
0.176385,9.79184,37687
0.247778,10.2242,37688
0.170786,9.77423,37689
0.235874,10.1996,37690
0.181282,9.80316,37691
0.204066,10.1844,37692
0.165761,9.81446,37693
0.230498,10.205,37694
0.180993,9.78729,37695
0.222466,10.2067,37696
0.179746,9.7959,37697
0.214754,10.2236,37698
0.18045,9.7808,37699
0.215106,10.2135,37700
0.164129,9.77824,37701
0.232387,10.2024,37702
0.184674,9.79894,37703
0.226594,11.447,37704
0.185762,8.5621,37705
0.195074,10.1869,37706
0.169794,9.80441,37707
0.235778,10.2209,37708
0.186626,9.78956,37709
0.20461,10.1804,37710
0.175522,9.81363,37711
0.200322,10.1908,37712
0.166434,9.8215,37713
0.223746,10.1863,37714
0.180962,9.80147,37715
0.218306,10.1901,37716
0.174881,9.80649,37717
0.254178,10.2262,37718
0.183265,9.78688,37719
0.236098,10.2034,37720
0.168674,9.77785,37721
0.221666,10.2455,37722
0.181986,9.76067,37723
0.23373,10.2477,37724
0.175521,9.75315,37725
0.233347,10.2023,37726
0.175586,9.79728,37727
0.227554,10.2045,37728
0.186338,9.81379,37729
0.241634,10.2099,37730
0.161249,9.78592,37731
0.199714,10.166,37732
0.168417,9.82156,37733
0.222466,10.2029,37734
0.177666,9.792,37735
0.224866,10.2004,37736
0.174786,9.79939,37737
0.21549,10.2323,37738
0.160993,9.7638,37739
0.233058,10.2125,37740
0.173666,9.7919,37741
0.227074,10.2154,37742
0.186754,9.79289,37743
0.200418,10.1874,37744
0.172578,9.80998,37745
0.215522,10.199,37746
0.181122,9.81859,37747
0.233922,10.1905,37748
0.177602,9.79107,37749
0.223715,10.2262,37750
0.167042,9.76915,37751
0.196258,10.1878,37752
0.160673,9.81168,37753
0.22637,10.1964,37754
0.176417,9.80761,37755
0.221218,10.1993,37756
0.188129,9.81894,37757
0.211874,10.1753,37758
0.179266,9.81152,37759
0.220962,10.1898,37760
0.18045,9.80393,37761
0.217794,10.2147,37762
0.171489,9.80089,37763
0.210594,10.1856,37764
0.188354,9.81452,37765
0.227746,10.1944,37766
0.162626,9.78569,37767
0.24989,10.2051,37768
0.189154,9.80137,37769
0.235938,10.198,37770
0.183937,9.81952,37771
0.220066,10.1823,37772
0.185282,9.79539,37773
0.209506,10.2224,37774
0.175426,9.78304,37775
0.223714,10.1924,37776
0.197378,9.80678,37777
0.235138,10.207,37778
0.181186,9.79033,37779
0.206242,10.2007,37780
0.16605,9.80256,37781
0.199682,10.1838,37782
0.161185,9.80972,37783
0.239426,10.2143,37784
0.187202,9.80089,37785
0.219458,10.2178,37786
0.182977,9.78464,37787
0.244642,10.2004,37788
0.178082,9.79638,37789
0.221506,10.1908,37790
0.178018,9.80019,37791
0.212034,10.1937,37792
0.193474,9.80918,37793
0.212002,10.1833,37794
0.17005,9.8111,37795
0.232674,10.261,37796
0.167426,9.74751,37797
0.249923,10.1931,37798
0.178498,9.80259,37799
0.221314,10.1994,37800
0.181601,9.79798,37801
0.198434,10.1942,37802
0.157058,9.80604,37803
0.230178,10.2096,37804
0.185538,9.80902,37805
0.225186,10.2145,37806
0.169217,9.77225,37807
0.199266,10.1815,37808
0.169506,9.81039,37809
0.21789,10.2532,37810
0.181826,9.75804,37811
0.210562,10.2068,37812
0.192802,9.78323,37813
0.238402,10.205,37814
0.187681,9.7991,37815
0.243522,10.2013,37816
0.181698,9.799,37817
0.220739,10.186,37818
0.18717,9.82496,37819
0.229635,10.2016,37820
0.173889,9.79424,37821
0.23069,10.2066,37822
0.189857,9.79484,37823
0.213506,10.1958,37824
0.196226,9.80249,37825
0.205666,10.2146,37826
0.164929,9.77411,37827
0.20797,10.2274,37828
0.161793,9.77708,37829
0.242018,10.1921,37830
0.186402,9.80927,37831
0.202049,10.1947,37832
0.174978,9.80108,37833
0.21837,10.1953,37834
0.173569,9.81209,37835
0.210594,10.1959,37836
0.191393,9.81443,37837
0.24797,10.1987,37838
0.157762,9.79798,37839
0.204258,10.1689,37840
0.179266,9.81593,37841
0.232803,10.2284,37842
0.173793,9.78656,37843
0.225218,10.1987,37844
0.170402,9.79315,37845
0.204418,10.2012,37846
0.172418,9.80335,37847
0.233987,10.2075,37848
0.186497,9.78406,37849
0.229922,10.2024,37850
0.193153,9.80688,37851
0.243938,10.2152,37852
0.17165,9.77436,37853
0.247011,10.2043,37854
0.18221,9.80172,37855
0.249571,10.2045,37856
0.178529,9.79472,37857
0.20045,10.1794,37858
0.16397,9.81756,37859
0.215938,10.2024,37860
0.17965,9.79292,37861
0.239459,10.2287,37862
0.178241,9.77305,37863
0.200578,10.1821,37864
0.176834,9.82163,37865
0.23101,10.2039,37866
0.177538,9.79398,37867
0.248802,10.2299,37868
0.187586,9.7663,37869
0.231491,10.2334,37870
0.184577,9.77427,37871
0.220386,10.1892,37872
0.187298,9.81801,37873
0.196578,10.183,37874
0.166402,9.80982,37875
0.218626,10.199,37876
0.185185,9.79635,37877
0.216354,10.1953,37878
0.160481,9.81888,37879
0.231298,10.1759,37880
0.183618,9.82739,37881
0.226786,10.1839,37882
0.172353,9.79926,37883
0.228898,10.1917,37884
0.173345,9.80416,37885
0.22221,10.2504,37886
0.181474,9.75337,37887
0.211842,10.1949,37888
0.185634,9.80518,37889
0.233762,10.214,37890
0.183234,9.80432,37891
0.233282,10.2068,37892
0.183713,9.77295,37893
0.240611,10.2187,37894
0.189826,9.78863,37895
0.21309,10.194,37896
0.183618,9.80428,37897
0.197442,10.175,37898
0.183361,9.83049,37899
0.235138,10.2265,37900
0.177186,9.77382,37901
0.225474,10.2277,37902
0.158753,9.75516,37903
0.236322,10.2017,37904
0.19117,9.82287,37905
0.229443,10.1891,37906
0.189153,9.81078,37907
0.212194,10.1793,37908
0.172066,9.80489,37909
0.230626,10.2003,37910
0.170658,9.81545,37911
0.231554,10.1884,37912
0.186241,9.81136,37913
0.222082,10.1945,37914
0.178338,9.78889,37915
0.214178,10.2471,37916
0.18605,9.75036,37917
0.228962,10.2052,37918
0.171585,9.79596,37919
0.22349,10.2554,37920
0.178754,9.75564,37921
0.243587,10.2348,37922
0.16989,9.75743,37923
0.244994,10.2044,37924
0.180897,9.80537,37925
0.245314,10.2261,37926
0.183522,9.76355,37927
0.222178,10.2071,37928
0.190114,9.80115,37929
0.208098,10.1869,37930
0.182817,9.81289,37931
0.221219,10.1996,37932
0.178658,9.79696,37933
0.22925,10.1988,37934
0.18701,9.7999,37935
0.217954,10.1877,37936
0.177473,9.80812,37937
0.216482,10.1951,37938
0.172322,9.80636,37939
0.178305,10.2668,37940
0.19613,9.73673,37941
0.250818,10.2103,37942
0.163617,9.78294,37943
0.254274,10.2058,37944
0.182497,9.7998,37945
0.223266,10.208,37946
0.171106,9.79334,37947
0.22125,10.2281,37948
0.194434,9.76403,37949
0.234754,10.2033,37950
0.176257,9.80592,37951
0.19149,10.1875,37952
0.170338,9.81091,37953
0.231074,10.1914,37954
0.16877,9.80985,37955
0.221666,10.1944,37956
0.188962,9.8087,37957
0.212578,10.1816,37958
0.170306,9.81692,37959
0.241986,10.2034,37960
0.182146,9.78921,37961
0.184161,10.1935,37962
0.166625,9.80972,37963
0.23037,10.2085,37964
0.175329,9.80499,37965
0.22237,10.1817,37966
0.182914,9.81913,37967
0.20605,10.2083,37968
0.159873,9.77446,37969
0.207394,10.2502,37970
0.177921,9.74668,37971
0.207746,10.2065,37972
0.168002,9.80204,37973
0.212642,10.1946,37974
0.177346,9.79737,37975
0.226018,10.2077,37976
0.187489,9.79414,37977
0.222754,10.1932,37978
0.173186,9.80832,37979
0.212482,10.2019,37980
0.16509,9.79612,37981
0.231298,10.203,37982
0.186081,9.79683,37983
0.205986,10.1862,37984
0.162306,9.80886,37985
0.222466,10.2333,37986
0.17181,9.77174,37987
0.226275,10.2006,37988
0.166657,9.79881,37989
0.209346,10.1969,37990
0.175745,9.81164,37991
0.192001,10.1852,37992
0.168802,9.82246,37993
0.21837,10.1782,37994
0.168929,9.80182,37995
0.21565,10.2073,37996
0.196161,9.80502,37997
0.237442,10.2011,37998
0.177762,9.79868,37999
0.21485,10.1903,38000
0.186562,9.80918,38001
0.197218,10.1937,38002
0.163585,9.79526,38003
0.23021,10.2083,38004
0.183234,9.79689,38005
0.225314,10.2149,38006
0.176706,9.79295,38007
0.205218,10.2035,38008
0.163553,9.78281,38009
0.232834,10.1994,38010
0.186914,9.80739,38011
0.194466,10.1942,38012
0.178018,9.80339,38013
0.224322,10.2136,38014
0.168225,9.78585,38015
0.210466,10.1964,38016
0.171362,9.80748,38017
0.229218,10.204,38018
0.168418,9.79443,38019
0.173089,10.1663,38020
0.174753,9.83372,38021
0.239778,10.2128,38022
0.18045,9.79548,38023
0.195874,10.182,38024
0.185666,9.82732,38025
0.234754,10.2244,38026
0.171873,9.75951,38027
0.205474,10.2151,38028
0.179617,9.80096,38029
0.220034,10.2116,38030
0.18013,9.76361,38031
0.206754,10.2374,38032
0.169185,9.76479,38033
0.174914,10.24,38034
0.16685,9.76691,38035
0.223266,10.1967,38036
0.180898,9.81603,38037
0.21437,10.1881,38038
0.169409,9.81052,38039
0.223586,10.2132,38040
0.164545,9.78646,38041
0.191169,10.1828,38042
0.158721,9.7967,38043
0.22525,10.2103,38044
0.182081,9.80022,38045
0.235106,10.2117,38046
0.175874,9.78156,38047
0.20573,10.1865,38048
0.168162,9.81663,38049
0.213314,10.1969,38050
0.159457,9.8086,38051
0.194114,10.197,38052
0.16317,9.80121,38053
0.232898,10.1965,38054
0.176226,9.80035,38055
0.204994,10.218,38056
0.161505,9.79526,38057
0.20941,10.1837,38058
0.176962,9.80399,38059
0.211298,10.1806,38060
0.159874,9.83043,38061
0.198018,10.1802,38062
0.18429,9.8247,38063
0.243746,10.1864,38064
0.187905,9.81311,38065
0.200898,10.1676,38066
0.167682,9.81107,38067
0.22717,10.2062,38068
0.172609,9.7935,38069
0.217442,10.2402,38070
0.183682,9.76191,38071
0.225858,10.2823,38072
0.189346,9.72729,38073
0.238019,10.2079,38074
0.174946,9.79891,38075
0.222306,10.207,38076
0.179361,9.79033,38077
0.235394,10.2211,38078
0.184322,9.78534,38079
0.202722,10.1801,38080
0.180578,9.81993,38081
0.233506,10.1868,38082
0.176385,9.80332,38083
0.229538,10.2072,38084
0.160034,9.78335,38085
0.227522,10.1986,38086
0.169378,9.80179,38087
0.234818,10.2192,38088
0.177153,9.79171,38089
0.210402,10.1935,38090
0.170274,9.81059,38091
0.234338,10.1903,38092
0.181826,9.80383,38093
0.203361,10.1874,38094
0.173281,9.80665,38095
0.220323,10.2163,38096
0.186786,9.78124,38097
0.210274,10.1873,38098
0.176258,9.81091,38099
0.227778,10.2267,38100
0.186625,9.77628,38101
0.21037,10.1914,38102
0.169762,9.80675,38103
0.235618,10.2009,38104
0.172545,9.79753,38105
0.216002,10.2247,38106
0.180321,9.78387,38107
0.243874,10.2551,38108
0.164418,9.7423,38109
0.206946,10.1887,38110
0.175874,9.8118,38111
0.170177,9.98547,38112
0.185185,10.0127,38113
0.213346,10.2376,38114
0.168066,9.77417,38115
0.19837,10.1765,38116
0.189026,9.81999,38117
0.247458,10.2436,38118
0.178881,9.76281,38119
0.227714,10.2083,38120
0.175138,9.77503,38121
0.236802,10.2022,38122
0.159105,9.79711,38123
0.230242,10.2029,38124
0.184193,9.80387,38125
0.22573,10.1974,38126
0.183202,9.79878,38127
0.187618,10.2188,38128
0.172577,9.78291,38129
0.24029,10.2257,38130
0.176865,9.78486,38131
0.18253,10.1689,38132
0.182946,9.82419,38133
0.219682,10.1917,38134
0.169121,9.80137,38135
0.229506,10.198,38136
0.167585,9.81417,38137
0.191042,10.1589,38138
0.173538,9.83331,38139
0.236514,10.2037,38140
0.188546,9.80905,38141
0.190946,10.1791,38142
0.17469,9.80332,38143
0.22893,10.1999,38144
0.189474,9.80403,38145
0.233794,10.2142,38146
0.176929,9.78729,38147
0.260003,10.2015,38148
0.18477,9.7958,38149
0.237634,10.2062,38150
0.183298,9.80668,38151
0.201634,10.1866,38152
0.176769,9.80614,38153
0.193378,10.1787,38154
0.198466,9.81535,38155
0.202658,10.1908,38156
0.173313,9.80342,38157
0.187297,10.2149,38158
0.166465,9.79353,38159
0.248547,10.1972,38160
0.178882,9.79583,38161
0.189378,10.1944,38162
0.187266,9.82486,38163
0.21053,10.1622,38164
0.169761,9.8334,38165
0.214722,10.1852,38166
0.18493,9.79721,38167
0.270915,10.2334,38168
0.188098,9.78671,38169
0.237251,10.1789,38170
0.184161,9.81036,38171
0.20381,10.1865,38172
0.173186,9.81107,38173
0.237602,10.2066,38174
0.164961,9.80457,38175
0.227202,10.1905,38176
0.180226,9.79958,38177
0.230626,10.1869,38178
0.18445,9.81721,38179
0.22861,10.1931,38180
0.179234,9.81631,38181
0.226178,10.2147,38182
0.172993,9.78444,38183
0.208098,10.1749,38184
0.187554,9.81103,38185
0.228898,10.2016,38186
0.17789,9.79676,38187
0.20861,10.1938,38188
0.156993,9.79999,38189
0.229122,10.201,38190
0.175234,9.80287,38191
0.218466,10.2326,38192
0.175426,9.77542,38193
0.198146,10.2075,38194
0.181601,9.78988,38195
0.21069,10.1871,38196
0.167458,9.80777,38197
0.230978,10.202,38198
0.184226,9.80719,38199
0.24845,10.194,38200
0.186305,9.81436,38201
0.221282,10.2464,38202
0.175202,9.75487,38203
0.211618,10.1957,38204
0.167553,9.78876,38205
0.235906,10.1923,38206
0.170018,9.81062,38207
0.255267,10.1873,38208
0.166626,9.81174,38209
0.219362,10.1943,38210
0.176641,9.79676,38211
0.240418,10.2121,38212
0.178018,9.79455,38213
0.22061,10.1992,38214
0.184642,9.81686,38215
0.220034,10.176,38216
0.167937,9.81052,38217
0.237186,10.2426,38218
0.179394,9.75452,38219
0.216226,10.2069,38220
0.18925,9.80803,38221
0.18253,10.1789,38222
0.182657,9.8207,38223
0.217218,10.1801,38224
0.185218,9.80694,38225
0.205698,10.1846,38226
0.177953,9.82073,38227
0.245506,10.1958,38228
0.181633,9.81327,38229
0.239202,10.1912,38230
0.169506,9.79046,38231
0.226018,10.2013,38232
0.175937,9.81612,38233
0.20125,10.1769,38234
0.164226,9.81113,38235
0.207265,10.2093,38236
0.157825,9.79171,38237
0.192802,10.1875,38238
0.175137,9.81379,38239
0.20829,10.1957,38240
0.179426,9.80492,38241
0.199842,10.1805,38242
0.182337,9.80988,38243
0.187266,10.1984,38244
0.187137,9.82121,38245
0.20317,10.1656,38246
0.167362,9.82623,38247
0.205762,10.1929,38248
0.180353,9.8006,38249
0.233826,10.2005,38250
0.180418,9.79593,38251
0.190881,10.2014,38252
0.186626,9.80169,38253
0.198594,10.1849,38254
0.176225,9.82092,38255
0.229794,10.1989,38256
0.186818,9.78633,38257
0.231971,10.2129,38258
0.169377,9.78783,38259
0.241442,10.2045,38260
0.178369,9.79897,38261
0.226946,10.2047,38262
0.16829,9.79599,38263
0.22285,10.2001,38264
0.180641,9.80102,38265
0.225123,10.2535,38266
0.173698,9.74742,38267
0.224034,10.1997,38268
0.178018,9.80806,38269
0.249635,10.2095,38270
0.189442,9.78863,38271
0.226658,10.1846,38272
0.154722,9.81267,38273
0.226339,10.191,38274
0.16957,9.80201,38275
0.186082,10.1913,38276
0.18205,9.83004,38277
0.232002,10.192,38278
0.179394,9.79116,38279
0.234146,10.2171,38280
0.179394,9.78879,38281
0.224194,10.253,38282
0.169473,9.74371,38283
0.211586,10.2343,38284
0.17805,9.77967,38285
0.208482,10.1808,38286
0.179906,9.80828,38287
0.211714,10.184,38288
0.158913,9.80601,38289
0.21085,10.2691,38290
0.17693,9.74054,38291
0.190434,10.2019,38292
0.180386,9.79618,38293
0.21341,10.1811,38294
0.176769,9.8127,38295
0.21901,10.2039,38296
0.185986,9.8023,38297
0.22653,10.2025,38298
0.182274,9.79753,38299
0.239554,10.2004,38300
0.179074,9.79564,38301
0.229154,10.1939,38302
0.184098,9.80425,38303
0.220994,10.2529,38304
0.190849,9.7503,38305
0.219362,10.1943,38306
0.170434,9.79907,38307
0.235842,10.1994,38308
0.168802,9.82294,38309
0.205121,10.1807,38310
0.174305,9.81852,38311
0.183938,10.1813,38312
0.177474,9.81907,38313
0.220034,10.2037,38314
0.190658,9.79679,38315
0.202146,10.1634,38316
0.175906,9.81971,38317
0.207426,10.1843,38318
0.18573,9.8206,38319
0.252578,10.1985,38320
0.179873,9.80643,38321
0.218978,10.2144,38322
0.177378,9.77305,38323
0.197378,10.1959,38324
0.170114,9.8103,38325
0.22253,10.1985,38326
0.178465,9.79506,38327
0.220514,10.2274,38328
0.158882,9.77612,38329
0.23261,10.2033,38330
0.183809,9.79679,38331
0.247682,10.2323,38332
0.178082,9.76719,38333
0.216322,10.1869,38334
0.177506,9.82514,38335
0.223458,10.2029,38336
0.171393,9.78412,38337
0.230818,10.1929,38338
0.178978,9.80099,38339
0.227106,10.2533,38340
0.177634,9.77039,38341
0.23837,10.2135,38342
0.168513,9.78182,38343
0.227426,10.196,38344
0.184482,9.79737,38345
0.218114,10.1869,38346
0.17965,9.81353,38347
0.225251,10.198,38348
0.175105,9.80979,38349
0.219074,10.2171,38350
0.178882,9.78486,38351
0.200161,10.1714,38352
0.174273,9.82559,38353
0.207042,10.1861,38354
0.16461,9.79622,38355
0.210626,10.1986,38356
0.180642,9.80585,38357
0.209186,10.2071,38358
0.169921,9.79455,38359
0.205282,10.1891,38360
0.166626,9.80092,38361
0.187394,10.2081,38362
0.181153,9.80185,38363
0.208161,10.2115,38364
0.173698,9.78306,38365
0.236002,10.1996,38366
0.162434,9.81049,38367
0.230498,10.1883,38368
0.176897,9.80742,38369
0.224034,10.2083,38370
0.175682,9.79004,38371
0.219778,10.2492,38372
0.170081,9.75305,38373
0.245315,10.1893,38374
0.173985,9.80678,38375
0.227746,10.1972,38376
0.19005,9.81286,38377
0.215682,10.2161,38378
0.175169,9.77206,38379
0.202498,10.1913,38380
0.19085,9.81315,38381
0.195362,10.193,38382
0.187394,9.80623,38383
0.216514,10.1931,38384
0.178593,9.80681,38385
0.21485,10.2062,38386
0.185313,9.79356,38387
0.256898,10.2081,38388
0.174306,9.79209,38389
0.200674,10.212,38390
0.163201,9.80114,38391
0.193442,10.2091,38392
0.183394,9.78079,38393
0.194082,10.1893,38394
0.173922,9.80754,38395
0.237218,10.2129,38396
0.185953,9.79116,38397
0.237954,10.1975,38398
0.172994,9.7919,38399
0.237059,10.2166,38400
0.172545,9.79158,38401
0.188098,10.1949,38402
0.197026,9.80604,38403
0.214018,10.233,38404
0.175842,9.76889,38405
0.20013,10.1917,38406
0.186337,9.80172,38407
0.228802,10.209,38408
0.165858,9.79298,38409
0.194402,10.2077,38410
0.173601,9.78902,38411
0.225762,10.2039,38412
0.183745,9.81663,38413
0.214209,10.1753,38414
0.165346,9.80598,38415
0.239586,10.2042,38416
0.166113,9.80194,38417
0.229634,10.1843,38418
0.174882,9.81282,38419
0.235394,10.2109,38420
0.176834,9.79561,38421
0.201442,10.2033,38422
0.179969,9.78707,38423
0.194753,10.1925,38424
0.161634,9.80665,38425
0.201122,10.1896,38426
0.178338,9.82975,38427
0.23277,10.1995,38428
0.160866,9.78066,38429
0.238594,10.2115,38430
0.17741,9.7981,38431
0.194946,10.1807,38432
0.171617,9.81836,38433
0.218594,10.1911,38434
0.17341,9.81545,38435
0.20525,10.2036,38436
0.167041,9.78383,38437
0.225954,10.2451,38438
0.169025,9.76086,38439
0.238562,10.2152,38440
0.185922,9.7783,38441
0.21229,10.2138,38442
0.175777,9.78457,38443
0.203778,10.2001,38444
0.181186,9.79967,38445
0.217473,10.2159,38446
0.162881,9.79842,38447
0.226306,10.1902,38448
0.181538,9.79337,38449
0.223074,10.2082,38450
0.167906,9.79414,38451
0.202882,10.1801,38452
0.156129,9.81884,38453
0.22749,10.2394,38454
0.189922,9.77007,38455
0.206626,10.1837,38456
0.18061,9.80934,38457
0.221698,10.1947,38458
0.174529,9.81897,38459
0.228706,10.1953,38460
0.172034,9.79308,38461
0.239171,10.213,38462
0.177666,9.80255,38463
0.208258,10.194,38464
0.155042,9.7886,38465
0.213666,10.1946,38466
0.174818,9.81011,38467
0.221922,10.196,38468
0.19165,9.81599,38469
0.235682,10.188,38470
0.17901,9.81257,38471
0.21117,10.2105,38472
0.182338,9.78514,38473
0.227842,10.2092,38474
0.171265,9.79378,38475
0.196321,10.1809,38476
0.187874,9.80982,38477
0.213537,10.232,38478
0.177377,9.76089,38479
0.233986,10.2143,38480
0.16413,9.79065,38481
0.20749,10.1928,38482
0.181506,9.80502,38483
0.231042,10.2002,38484
0.178977,9.80207,38485
0.226018,10.1971,38486
0.176834,9.80668,38487
0.213954,10.1939,38488
0.158945,9.7911,38489
0.243682,10.2409,38490
0.171873,9.76553,38491
0.210434,10.1971,38492
0.188514,9.80668,38493
0.215522,10.1871,38494
0.173889,9.81148,38495
0.214882,10.194,38496
0.177858,9.80505,38497
0.235618,10.2044,38498
0.175618,9.79634,38499
0.246754,10.2343,38500
0.182209,9.7679,38501
0.187778,10.1963,38502
0.18445,9.81561,38503
0.207234,10.1751,38504
0.17789,9.8205,38505
0.236867,10.19,38506
0.175554,9.79807,38507
0.231042,10.2271,38508
0.194402,9.79087,38509
0.211361,10.1711,38510
0.182433,9.80895,38511
0.201058,10.2044,38512
0.173634,9.7973,38513
0.236002,10.2043,38514
0.173537,9.79798,38515
0.220066,10.2038,38516
0.167426,9.78898,38517
0.210434,10.2123,38518
0.184354,9.8005,38519
0.24637,10.2616,38520
0.166881,9.74511,38521
0.200354,10.1707,38522
0.185442,9.82569,38523
0.195425,10.1758,38524
0.174561,9.81452,38525
0.222145,10.2068,38526
0.184226,9.79445,38527
0.206562,10.2028,38528
0.178018,9.80038,38529
0.22989,10.1968,38530
0.181665,9.8095,38531
0.199266,10.1869,38532
0.185026,9.80546,38533
0.216994,10.1878,38534
0.180066,9.82569,38535
0.212482,10.1746,38536
0.169602,9.80796,38537
0.220098,10.2665,38538
0.186978,9.74796,38539
0.235842,10.1909,38540
0.186177,9.79772,38541
0.191842,10.2001,38542
0.190242,9.8021,38543
0.235138,10.1988,38544
0.188674,9.80438,38545
0.237987,10.1903,38546
0.164706,9.7991,38547
0.245282,10.2009,38548
0.166242,9.79846,38549
0.21789,10.2076,38550
0.181025,9.79894,38551
0.203586,10.1842,38552
0.175426,9.82418,38553
0.198434,10.1744,38554
0.181441,9.81151,38555
0.219682,10.1566,38556
0.17485,9.8437,38557
0.239426,10.2032,38558
0.164674,9.81158,38559
0.218082,10.1883,38560
0.172929,9.79436,38561
0.217026,10.2371,38562
0.163522,9.76658,38563
0.24381,10.2027,38564
0.17965,9.79807,38565
0.208961,10.2075,38566
0.175329,9.80476,38567
0.241634,10.1986,38568
0.185602,9.7958,38569
0.215426,10.231,38570
0.181089,9.76479,38571
0.211458,10.2543,38572
0.170466,9.74165,38573
0.246498,10.2136,38574
0.170657,9.78521,38575
0.223138,10.2033,38576
0.177985,9.80694,38577
0.209794,10.1877,38578
0.18957,9.81126,38579
0.22029,10.2247,38580
0.172609,9.7726,38581
0.22845,10.227,38582
0.18221,9.78553,38583
0.214434,10.182,38584
0.19229,9.80306,38585
0.219394,10.1905,38586
0.173057,9.82262,38587
0.224834,10.2089,38588
0.18573,9.7775,38589
0.195874,10.1971,38590
0.171745,9.79494,38591
0.234434,10.21,38592
0.192801,9.79478,38593
0.24157,10.2759,38594
0.17517,9.73634,38595
0.20989,10.1829,38596
0.185345,9.80793,38597
0.205026,10.2127,38598
0.17069,9.79058,38599
0.262211,10.1992,38600
0.17261,9.80214,38601
0.240098,10.1943,38602
0.184033,9.81199,38603
0.234658,10.1973,38604
0.173698,9.8031,38605
0.22829,10.1944,38606
0.173889,9.7974,38607
0.21389,10.1959,38608
0.171234,9.79935,38609
0.228546,10.2051,38610
0.177474,9.80713,38611
0.216322,10.1792,38612
0.176769,9.81372,38613
0.245186,10.2102,38614
0.18781,9.79445,38615
0.24269,10.2036,38616
0.171393,9.79346,38617
0.222114,10.188,38618
0.163394,9.80991,38619
0.235138,10.2504,38620
0.183682,9.75225,38621
0.238114,10.2032,38622
0.159074,9.79212,38623
0.235042,10.2028,38624
0.187938,9.79711,38625
0.204514,10.2083,38626
0.176449,9.79449,38627
0.221218,10.1884,38628
0.170178,9.8101,38629
0.19629,10.1939,38630
0.168385,9.81657,38631
0.21261,10.2144,38632
0.178306,9.77573,38633
0.235522,10.2392,38634
0.177474,9.76639,38635
0.206018,10.1765,38636
0.175297,9.83065,38637
0.225026,10.1833,38638
0.176482,9.81132,38639
0.251714,10.1629,38640
0.183074,9.84252,38641
0.203938,10.1871,38642
0.18413,9.79929,38643
0.233666,10.1972,38644
0.17085,9.79548,38645
0.21005,10.2186,38646
0.170401,9.77926,38647
0.224706,10.2043,38648
0.171394,9.80293,38649
0.21869,10.203,38650
0.173185,9.79375,38651
0.245122,10.1925,38652
0.177442,9.80658,38653
0.222594,10.1939,38654
0.191554,9.81359,38655
0.206498,10.22,38656
0.189089,9.78006,38657
0.205313,10.1865,38658
0.175682,9.81737,38659
0.228226,10.211,38660
0.162465,9.77958,38661
0.214818,10.1935,38662
0.187074,9.81477,38663
0.254562,10.1981,38664
0.164353,9.79823,38665
0.207106,10.1803,38666
0.184641,9.8239,38667
0.202978,10.208,38668
0.183682,9.78473,38669
0.208354,10.1874,38670
0.186625,9.81266,38671
0.25565,10.2094,38672
0.177378,9.7941,38673
0.245186,10.213,38674
0.184226,9.78521,38675
0.247554,10.2137,38676
0.170753,9.79734,38677
0.427108,9.97724,38678
0.170498,10.0097,38679
0.247139,10.2157,38680
0.164577,9.80166,38681
0.205474,10.17,38682
0.18557,9.81177,38683
0.245475,10.2,38684
0.172545,9.80182,38685
0.205441,10.189,38686
0.171937,9.81714,38687
0.226498,10.1919,38688
0.184834,9.80156,38689
0.204578,10.1936,38690
0.193698,9.82178,38691
0.214306,10.1806,38692
0.179361,9.80655,38693
0.203906,10.1867,38694
0.177698,9.81417,38695
0.228866,10.1954,38696
0.159713,9.79945,38697
0.203938,10.2038,38698
0.165826,9.79263,38699
0.215362,10.1867,38700
0.174433,9.81612,38701
0.187618,10.1823,38702
0.186305,9.83506,38703
0.210082,10.1774,38704
0.164737,9.80284,38705
0.210754,10.2159,38706
0.175361,9.78892,38707
0.237442,10.2068,38708
0.188546,9.79724,38709
0.224354,10.1968,38710
0.174273,9.80354,38711
0.197282,10.1674,38712
0.159874,9.8221,38713
0.215074,10.1868,38714
0.168609,9.81666,38715
0.213729,10.2038,38716
0.161057,9.80031,38717
0.201506,10.1847,38718
0.16845,9.80658,38719
0.400035,9.99522,38720
0.184769,10.0161,38721
0.22141,10.1961,38722
0.169954,9.79797,38723
0.246914,10.1841,38724
0.167233,9.81484,38725
0.206114,10.1864,38726
0.170274,9.80924,38727
0.209378,10.2048,38728
0.167138,9.80156,38729
0.223746,10.2051,38730
0.176129,9.78969,38731
0.223938,10.198,38732
0.186786,9.80908,38733
0.225954,10.1997,38734
0.170785,9.80754,38735
0.241987,10.1906,38736
0.180898,9.79887,38737
0.22173,10.2083,38738
0.17117,9.79458,38739
0.238626,10.2004,38740
0.200929,9.80098,38741
0.20077,10.1852,38742
0.176738,9.83074,38743
0.220322,10.1696,38744
0.171713,9.8246,38745
0.240706,10.2179,38746
0.185506,9.77212,38747
0.198082,10.2166,38748
0.175714,9.77378,38749
0.200162,10.1817,38750
0.182145,9.83193,38751
0.218402,10.1919,38752
0.172162,9.79711,38753
0.213281,10.1787,38754
0.179777,9.82386,38755
0.22189,10.2043,38756
0.173954,9.79113,38757
0.226978,10.1889,38758
0.173985,9.81574,38759
0.212706,10.1764,38760
0.184577,9.82921,38761
0.194562,10.1768,38762
0.162786,9.83298,38763
0.208866,10.186,38764
0.172865,9.8038,38765
0.21069,10.1903,38766
0.171554,9.8078,38767
0.178497,10.1847,38768
0.160065,9.82066,38769
0.206786,10.1742,38770
0.172962,9.819,38771
0.206818,10.1811,38772
0.174402,9.81884,38773
0.176737,9.99839,38774
0.186561,9.99814,38775
0.215458,10.194,38776
0.17517,9.80438,38777
0.222146,10.2028,38778
0.174465,9.80489,38779
0.238403,10.2019,38780
0.176578,9.79429,38781
0.214914,10.1909,38782
0.179618,9.81986,38783
0.229346,10.1824,38784
0.176001,9.823,38785
0.21805,10.1621,38786
0.189154,9.82527,38787
0.234531,10.195,38788
0.165633,9.80162,38789
0.220642,10.1829,38790
0.170145,9.81177,38791
0.225954,10.213,38792
0.175042,9.79301,38793
0.23037,10.1915,38794
0.188354,9.81935,38795
0.237474,10.1931,38796
0.159938,9.79241,38797
0.232962,10.2012,38798
0.17805,9.80649,38799
0.234786,10.2076,38800
0.160641,9.79119,38801
0.218433,10.1898,38802
0.180226,9.80767,38803
0.213058,10.1959,38804
0.192065,9.8087,38805
0.207234,10.1895,38806
0.19837,9.81097,38807
0.250082,10.2305,38808
0.17933,9.77266,38809
0.21181,10.1795,38810
0.164961,9.81861,38811
0.219938,10.1849,38812
0.168162,9.82345,38813
0.252226,10.1938,38814
0.170529,9.8055,38815
0.243842,10.1868,38816
0.187618,9.807,38817
0.227202,10.193,38818
0.183937,9.79561,38819
0.235298,10.2146,38820
0.175362,9.79081,38821
0.233442,10.1947,38822
0.168993,9.79644,38823
0.210722,10.2155,38824
0.175905,9.79125,38825
0.226178,10.2057,38826
0.181794,9.80057,38827
0.222274,10.1949,38828
0.179873,9.80812,38829
0.221506,10.2215,38830
0.173282,9.76937,38831
0.221986,10.2063,38832
0.186914,9.7958,38833
0.198658,10.1881,38834
0.174721,9.81138,38835
0.224834,10.201,38836
0.178242,9.79839,38837
0.191522,10.1954,38838
0.193505,9.80674,38839
0.215714,10.208,38840
0.172994,9.79324,38841
0.19341,10.2001,38842
0.18189,9.8031,38843
0.234434,10.2025,38844
0.161345,9.80316,38845
0.195681,10.2059,38846
0.179618,9.7837,38847
0.223202,10.1899,38848
0.193697,9.81503,38849
0.24109,10.1917,38850
0.196802,9.80441,38851
0.21101,10.2041,38852
0.197954,9.81084,38853
0.20925,10.1884,38854
0.173186,9.8085,38855
0.214242,10.1889,38856
0.184354,9.80757,38857
0.20397,10.1649,38858
0.167073,9.82044,38859
0.24109,10.2284,38860
0.157474,9.7734,38861
0.227714,10.1974,38862
0.177057,9.80489,38863
0.226146,10.1871,38864
0.184354,9.81426,38865
0.216994,10.1915,38866
0.176801,9.80773,38867
0.220578,10.1927,38868
0.173154,9.80469,38869
0.210978,10.187,38870
0.181698,9.82649,38871
0.20717,10.1888,38872
0.175329,9.79833,38873
0.232546,10.2032,38874
0.18781,9.80201,38875
0.208706,10.1914,38876
0.163201,9.79794,38877
0.186561,10.1998,38878
0.171202,9.80908,38879
0.224258,10.1923,38880
0.164929,9.79964,38881
0.213378,10.1967,38882
0.186753,9.8141,38883
0.23021,10.192,38884
0.178626,9.82021,38885
0.234338,10.1908,38886
0.187586,9.79676,38887
0.202114,10.1839,38888
0.184833,9.80799,38889
0.222914,10.2092,38890
0.185538,9.79772,38891
0.216098,10.2179,38892
0.188578,9.79506,38893
0.23149,10.192,38894
0.176898,9.79423,38895
0.200482,10.1896,38896
0.18733,9.8102,38897
0.22269,10.1936,38898
0.17565,9.79884,38899
0.226306,10.1975,38900
0.184546,9.82101,38901
0.215681,10.1855,38902
0.182625,9.8045,38903
0.497636,10.0704,38904
0.172162,9.9254,38905
0.214946,10.21,38906
0.182913,9.80025,38907
0.231202,10.1932,38908
0.192962,9.79996,38909
0.211938,10.1915,38910
0.154177,9.80607,38911
0.249539,10.1929,38912
0.169601,9.81378,38913
0.20573,10.1904,38914
0.180002,9.80681,38915
0.220258,10.1892,38916
0.182977,9.811,38917
0.217826,10.2006,38918
0.17469,9.79081,38919
0.235746,10.197,38920
0.191458,9.81695,38921
0.21677,10.2226,38922
0.18509,9.7668,38923
0.202881,10.2607,38924
0.19213,9.75733,38925
0.235714,10.1823,38926
0.190433,9.80617,38927
0.257986,10.4043,38928
0.188386,9.58988,38929
0.236386,10.2156,38930
0.19325,9.78751,38931
0.19773,10.2013,38932
0.190978,9.79765,38933
0.231618,10.1956,38934
0.170049,9.80025,38935
0.222146,10.2288,38936
0.194913,9.78028,38937
0.214722,10.2007,38938
0.167778,9.80041,38939
0.229922,10.1727,38940
0.155521,9.82444,38941
0.210946,10.2051,38942
0.176162,9.78748,38943
0.229346,10.2152,38944
0.177474,9.79471,38945
0.213889,10.2008,38946
0.18077,9.78921,38947
0.222914,10.1911,38948
0.18141,9.82037,38949
0.216929,10.1811,38950
0.172801,9.81295,38951
0.198402,10.1817,38952
0.187394,9.81717,38953
0.225026,10.1791,38954
0.166401,9.81881,38955
0.201314,10.189,38956
0.188514,9.8142,38957
0.199009,10.1693,38958
0.165537,9.82338,38959
0.227618,10.2444,38960
0.192161,9.7645,38961
0.20349,10.1795,38962
0.18797,9.83157,38963
0.237634,10.1842,38964
0.187201,9.80345,38965
0.23645,10.2007,38966
0.176482,9.80201,38967
0.211426,10.1789,38968
0.166657,9.80569,38969
0.240899,10.2063,38970
0.162977,9.80553,38971
0.217602,10.1928,38972
0.165793,9.80117,38973
0.218402,10.2258,38974
0.190177,9.77369,38975
0.212962,10.1924,38976
0.167394,9.80994,38977
0.193249,10.202,38978
0.182049,9.80306,38979
0.21853,10.1886,38980
0.159554,9.80959,38981
0.217282,10.1887,38982
0.18253,9.8109,38983
0.22269,10.1901,38984
0.184225,9.82527,38985
0.206977,10.1622,38986
0.176994,9.82281,38987
0.206817,10.2106,38988
0.183778,9.79103,38989
0.229986,10.2032,38990
0.175521,9.80937,38991
0.223746,10.1869,38992
0.181314,9.79436,38993
0.228994,10.2048,38994
0.188481,9.80277,38995
0.22733,10.2658,38996
0.18877,9.73538,38997
0.220354,10.2628,38998
0.177729,9.73068,38999
0.251042,10.2104,39000
0.176833,9.80764,39001
0.180225,10.1828,39002
0.17773,9.80546,39003
0.204002,10.1961,39004
0.173697,9.79695,39005
0.218273,10.1841,39006
0.197858,9.81785,39007
0.230338,10.1975,39008
0.180353,9.80847,39009
0.224002,10.1967,39010
0.157794,9.79074,39011
0.204513,10.2153,39012
0.162113,9.79161,39013
0.231874,10.239,39014
0.183969,9.75957,39015
0.220481,10.194,39016
0.159298,9.81023,39017
0.216482,10.1868,39018
0.161377,9.80674,39019
0.215394,10.1967,39020
0.177122,9.80796,39021
0.229474,10.2379,39022
0.178306,9.77564,39023
0.212418,10.172,39024
0.178178,9.81298,39025
0.211554,10.1903,39026
0.188706,9.81017,39027
0.243202,10.2049,39028
0.174305,9.79474,39029
0.265602,10.2043,39030
0.18205,9.79695,39031
0.216514,10.2159,39032
0.188418,9.787,39033
0.206402,10.1842,39034
0.163682,9.80972,39035
0.193058,10.199,39036
0.161921,9.80037,39037
0.19885,10.2151,39038
0.186433,9.80057,39039
0.201154,10.1673,39040
0.169538,9.82153,39041
0.19197,10.1839,39042
0.188065,9.8214,39043
0.238946,10.192,39044
0.180322,9.8165,39045
0.208002,10.1688,39046
0.162177,9.82722,39047
0.214498,10.1879,39048
0.175393,9.81721,39049
0.233826,10.1736,39050
0.175266,9.80741,39051
0.234242,10.1951,39052
0.167937,9.80418,39053
0.233602,10.2312,39054
0.188386,9.78239,39055
0.203202,10.1761,39056
0.177954,9.83026,39057
0.205378,10.2031,39058
0.18029,9.77743,39059
0.21789,10.2002,39060
0.169409,9.79925,39061
0.219042,10.2166,39062
0.173153,9.78578,39063
0.22797,10.1951,39064
0.172834,9.82005,39065
0.197442,10.1802,39066
0.159265,9.80485,39067
0.235842,10.2115,39068
0.202274,9.79106,39069
0.219458,10.1973,39070
0.184162,9.80185,39071
0.230274,10.1893,39072
0.17421,9.80706,39073
0.210594,10.1902,39074
0.172578,9.80953,39075
0.239906,10.2056,39076
0.178465,9.79458,39077
0.202561,10.1936,39078
0.189634,9.81301,39079
0.224066,10.1938,39080
0.165281,9.79778,39081
0.208898,10.2173,39082
0.175554,9.78783,39083
0.228962,10.2081,39084
0.175458,9.79528,39085
0.201697,10.1813,39086
0.162273,9.80661,39087
0.231298,10.2065,39088
0.191618,9.80696,39089
0.226562,10.1829,39090
0.188098,9.81909,39091
0.224834,10.2126,39092
0.179393,9.77685,39093
0.227746,10.1992,39094
0.169026,9.7988,39095
0.198434,10.2208,39096
0.167841,9.78229,39097
0.221794,10.2067,39098
0.177314,9.79695,39099
0.22445,10.2096,39100
0.168161,9.78604,39101
0.185154,10.1842,39102
0.184385,9.83205,39103
0.206658,10.1692,39104
0.176738,9.8132,39105
0.198689,10.1914,39106
0.178625,9.81359,39107
0.234658,10.195,39108
0.17917,9.79948,39109
0.23533,10.1986,39110
0.173601,9.80927,39111
0.215458,10.1933,39112
0.18365,9.80309,39113
0.212898,10.1831,39114
0.167042,9.82392,39115
0.22989,10.2002,39116
0.169089,9.7965,39117
0.252226,10.2025,39118
0.17997,9.81055,39119
0.229186,10.1803,39120
0.184417,9.81141,39121
0.201313,10.2379,39122
0.174562,9.74572,39123
0.232738,10.2088,39124
0.18925,9.80021,39125
0.257795,10.2002,39126
0.168034,9.79404,39127
0.235106,10.2131,39128
0.192194,9.79637,39129
0.239138,10.1978,39130
0.175777,9.8028,39131
0.217698,10.269,39132
0.16109,9.72386,39133
0.23789,10.205,39134
0.193794,9.80021,39135
0.203266,10.1818,39136
0.170338,9.81026,39137
0.198946,10.181,39138
0.195042,9.81823,39139
0.20557,10.1909,39140
0.169921,9.80892,39141
0.220002,10.1942,39142
0.17821,9.81029,39143
0.232738,10.21,39144
0.182113,9.79148,39145
0.195298,10.1824,39146
0.183746,9.82514,39147
0.209666,10.1868,39148
0.17693,9.81039,39149
0.224418,10.2037,39150
0.181953,9.79436,39151
0.221698,10.1903,39152
0.17261,9.80744,39153
0.213537,10.1904,39154
0.160609,9.80988,39155
0.218562,10.1996,39156
0.191266,9.80402,39157
0.212706,10.1733,39158
0.170561,9.81973,39159
0.21805,10.1945,39160
0.171393,9.81356,39161
0.179585,10.1697,39162
0.166113,9.81653,39163
0.204642,10.1781,39164
0.168513,9.82732,39165
0.215458,10.17,39166
0.16029,9.82648,39167
0.204513,10.1895,39168
0.179553,9.81644,39169
0.193474,10.1651,39170
0.174242,9.8349,39171
0.178817,10.1838,39172
0.175522,9.81791,39173
0.23309,10.2202,39174
0.176769,9.77586,39175
0.211042,10.2118,39176
0.176386,9.78744,39177
0.218882,10.221,39178
0.172929,9.77884,39179
0.207938,10.1803,39180
0.185794,9.82165,39181
0.195202,10.2222,39182
0.172834,9.786,39183
0.221698,10.192,39184
0.174081,9.80274,39185
0.197826,10.2131,39186
0.177314,9.80021,39187
0.208546,10.17,39188
0.158817,9.81106,39189
0.220962,10.2051,39190
0.184481,9.79602,39191
0.227458,10.2237,39192
0.17501,9.78732,39193
0.230594,10.2108,39194
0.189889,9.78757,39195
0.218466,10.1854,39196
0.185858,9.81375,39197
0.219746,10.1835,39198
0.18637,9.81125,39199
0.223458,10.1934,39200
0.191649,9.81234,39201
0.235042,10.2233,39202
0.177538,9.77503,39203
0.232322,10.1943,39204
0.158497,9.80312,39205
0.206945,10.1871,39206
0.181506,9.80885,39207
0.226466,10.1698,39208
0.175553,9.83737,39209
0.212386,10.1784,39210
0.17757,9.81826,39211
0.191458,10.1946,39212
0.172994,9.80466,39213
0.187809,10.1734,39214
0.168097,9.82351,39215
0.208609,10.1898,39216
0.172802,9.81167,39217
0.19597,10.1877,39218
0.173761,9.81637,39219
0.198785,10.1893,39220
0.187618,9.80341,39221
0.200386,10.2011,39222
0.179841,9.79922,39223
0.21101,10.201,39224
0.174017,9.79884,39225
0.211489,10.1938,39226
0.176322,9.8068,39227
0.217826,10.2672,39228
0.184257,9.73263,39229
0.214946,10.2036,39230
0.181506,9.81416,39231
0.214018,10.2488,39232
0.177793,9.73125,39233
0.205282,10.2032,39234
0.180737,9.80101,39235
0.241026,10.2066,39236
0.186114,9.81029,39237
0.221954,10.1827,39238
0.188513,9.79279,39239
0.21597,10.1781,39240
0.185698,9.84703,39241
0.203938,10.1769,39242
0.185025,9.80744,39243
0.218434,10.2235,39244
0.177666,9.77336,39245
0.217218,10.1891,39246
0.169474,9.82882,39247
0.205986,10.1727,39248
0.172545,9.80101,39249
0.199266,10.2249,39250
0.184258,9.78268,39251
0.213218,10.1817,39252
0.184801,9.81941,39253
0.231266,10.2005,39254
0.175714,9.80792,39255
0.201697,10.2117,39256
0.187714,9.78607,39257
0.215202,10.1913,39258
0.181473,9.80191,39259
0.216865,10.2019,39260
0.162914,9.79372,39261
0.229058,10.2365,39262
0.193857,9.77375,39263
0.20205,10.2074,39264
0.16493,9.78444,39265
0.215105,10.2198,39266
0.172353,9.7781,39267
0.194305,10.1857,39268
0.169698,9.81356,39269
0.227618,10.218,39270
0.179298,9.80632,39271
0.20813,10.1634,39272
0.161153,9.81983,39273
0.209282,10.2019,39274
0.188546,9.79295,39275
0.20477,10.1885,39276
0.182849,9.81087,39277
0.224418,10.201,39278
0.173634,9.80453,39279
0.218178,10.1906,39280
0.174658,9.82146,39281
0.209538,10.1992,39282
0.174209,9.78325,39283
0.452547,10.0767,39284
0.17645,9.92072,39285
0.198274,10.1985,39286
0.165281,9.80802,39287
0.222466,10.1805,39288
0.165601,9.81967,39289
0.221218,10.1929,39290
0.178434,9.81391,39291
0.202114,10.2188,39292
0.165249,9.77458,39293
0.208962,10.1979,39294
0.189058,9.79916,39295
0.454788,9.98949,39296
0.17917,10.0277,39297
0.220258,10.1964,39298
0.178017,9.78773,39299
0.206242,10.2071,39300
0.173378,9.79196,39301
0.180385,10.1863,39302
0.173857,9.80828,39303
0.234658,10.199,39304
0.16957,9.80578,39305
0.20637,10.1912,39306
0.163874,9.82818,39307
0.204961,10.1918,39308
0.178369,9.79064,39309
0.178818,10.0832,39310
0.174882,9.91385,39311
0.204353,10.1843,39312
0.174721,9.81503,39313
0.207266,10.1796,39314
0.159586,9.82232,39315
0.214594,10.2064,39316
0.167745,9.79752,39317
0.211138,10.1848,39318
0.167169,9.81103,39319
0.211906,10.1939,39320
0.17005,9.81516,39321
0.171457,10.1746,39322
0.167713,9.81688,39323
0.212962,10.1968,39324
0.179586,9.80748,39325
0.205697,10.1616,39326
0.173217,9.8348,39327
0.176962,10.1644,39328
0.165057,9.83503,39329
0.19021,10.1892,39330
0.169858,9.81269,39331
0.219362,10.1649,39332
0.166977,9.83599,39333
0.192738,10.1714,39334
0.154818,9.82911,39335
0.162721,10.1823,39336
0.180578,9.81592,39337
0.223682,10.1872,39338
0.177473,9.80908,39339
0.206626,10.1906,39340
0.171522,9.80952,39341
0.178242,10.1796,39342
0.172769,9.82172,39343
0.21149,10.1854,39344
0.165698,9.81384,39345
0.200578,10.2404,39346
0.174401,9.75964,39347
0.198274,10.1864,39348
0.170945,9.81186,39349
0.206626,10.1764,39350
0.176386,9.82869,39351
0.200449,10.1828,39352
0.167201,9.82312,39353
0.202818,10.1796,39354
0.168866,9.81269,39355
0.207714,10.1942,39356
0.162561,9.80853,39357
0.213922,10.1757,39358
0.178626,9.82034,39359
0.215394,10.1898,39360
0.169186,9.81128,39361
0.186786,10.1804,39362
0.174817,9.82194,39363
0.205442,10.1913,39364
0.16813,9.81333,39365
0.192513,10.1781,39366
0.165281,9.81096,39367
0.217026,10.1943,39368
0.172609,9.81346,39369
0.213826,10.1846,39370
0.17597,9.81768,39371
0.177537,10.1965,39372
0.173025,9.79621,39373
0.217186,10.2124,39374
0.171426,9.78668,39375
0.209729,10.1806,39376
0.193442,9.81826,39377
0.212578,10.1857,39378
0.17421,9.82028,39379
0.193953,10.1737,39380
0.165954,9.84236,39381
0.185378,10.1579,39382
0.169601,9.82018,39383
0.209122,10.1804,39384
0.162914,9.83932,39385
0.203201,10.1893,39386
0.165025,9.79355,39387
0.204738,10.1955,39388
0.167137,9.80524,39389
0.201762,10.175,39390
0.161986,9.84319,39391
0.179298,10.146,39392
0.166849,9.83378,39393
0.193793,10.1911,39394
0.16349,9.80491,39395
0.217538,10.1747,39396
0.168706,9.83727,39397
0.175777,10.167,39398
0.161633,9.84514,39399
0.177058,10.1483,39400
0.159426,9.83071,39401
0.204866,10.1667,39402
0.159201,9.85381,39403
0.175681,10.1465,39404
0.181185,9.83999,39405
0.213186,10.1749,39406
0.161633,9.82111,39407
0.200066,10.1945,39408
0.155137,9.80357,39409
0.201121,10.1921,39410
0.166018,9.80523,39411
0.19261,10.169,39412
0.166721,9.83644,39413
0.178081,10.1786,39414
0.17581,9.81487,39415
0.195106,10.1879,39416
0.17581,9.81308,39417
0.175489,10.1714,39418
0.169025,9.82856,39419
0.187041,10.1945,39420
0.166434,9.80882,39421
0.190274,10.1746,39422
0.174721,9.82447,39423
0.169665,10.1828,39424
0.166753,9.81951,39425
0.17629,10.1627,39426
0.170402,9.83295,39427
0.188546,10.1906,39428
0.166017,9.8117,39429
0.208034,10.1554,39430
0.164866,9.8429,39431
0.174146,10.1839,39432
0.171041,9.81522,39433
0.203234,10.1977,39434
0.161121,9.80632,39435
0.168994,10.1693,39436
0.163234,9.83397,39437
0.178273,10.1573,39438
0.164193,9.84271,39439
0.175394,10.1575,39440
0.163362,9.83602,39441
0.192034,10.2138,39442
0.164353,9.78956,39443
0.183425,10.1927,39444
0.175521,9.8148,39445
0.182466,10.1485,39446
0.17197,9.84428,39447
0.184961,10.1589,39448
0.168385,9.8389,39449
0.196257,10.1931,39450
0.15981,9.80523,39451
0.170978,10.1629,39452
0.173473,9.83576,39453
0.173345,10.1644,39454
0.176673,9.8364,39455
0.203777,10.1913,39456
0.161794,9.80786,39457
0.180193,10.1588,39458
0.173601,9.85794,39459
0.182594,10.1494,39460
0.16013,9.83877,39461
0.212738,10.1597,39462
0.167777,9.84437,39463
0.202434,10.1677,39464
0.160097,9.82949,39465
0.188673,10.1848,39466
0.154466,9.81775,39467
0.212642,10.174,39468
0.184193,9.81957,39469
0.22573,10.2095,39470
0.166849,9.80245,39471
0.18493,10.1783,39472
0.179138,9.80879,39473
0.207842,10.1851,39474
0.163553,9.81848,39475
0.203809,10.1887,39476
0.169154,9.80808,39477
